Seed,GeneratorSeed,Rank,TotalUpdate,WeightedObjective,ObjectiveNormalized,NRE,RelativeUpdate,RankFeasibilityBound,SelectedFraction,ActualContamination
20280001,20284001,25,10,4431.27747343499,1,0.263966982440932,NaN,NaN,0.252464368505385,0.247087793442809
20280001,20284001,25,11,3747.89036884638,0.845781017170457,0.246107321496011,0.0545452821882627,0.00966590592828137,0.252464368505385,0.247087793442809
20280001,20284001,25,12,3448.21446572358,0.77815358807821,0.23830923381325,0.0361584193217903,0.00639261228676115,0.252464368505385,0.247087793442809
20280001,20284001,25,13,3260.27835624174,0.73574231715047,0.235007357180206,0.0286770067956617,0.00506449214770333,0.252464368505385,0.247087793442809
20280001,20284001,25,14,3125.9687673458,0.705432865823824,0.234274454692193,0.0241042986079988,0.00425430307810603,0.252464368505385,0.247087793442809
20280001,20284001,25,15,3022.99134277722,0.682194098857433,0.235116099049255,0.0208597049856749,0.00368025410630088,0.252464368505385,0.247087793442809
20280001,20284001,25,16,2940.68159026672,0.663619375653133,0.236951446716929,0.0183704043130741,0.00324029104333264,0.252464368505385,0.247087793442809
20280001,20284001,25,17,2873.14393887112,0.648378251214304,0.239417312811558,0.0163813254236458,0.00288899586242636,0.252464368505385,0.247087793442809
20280001,20284001,25,18,2816.6340059036,0.635625736097322,0.242277419780332,0.0147685756628893,0.00260430963005181,0.252464368505385,0.247087793442809
20280001,20284001,25,19,2768.57675310655,0.624780725130362,0.245375908068818,0.013447367361833,0.00237117106460998,0.252464368505385,0.247087793442809
20280001,20284001,25,20,2727.1446359173,0.615430798966264,0.248609362453768,0.0123493238964212,0.00217746376341791,0.252464368505385,0.247087793442809
20280001,20284001,25,21,2691.01356074959,0.607277151314021,0.251908585591373,0.0114216222989049,0.00201384025084218,0.252464368505385,0.247087793442809
20280001,20284001,25,22,2659.20038238694,0.600097917209778,0.255226819067428,0.0106262187793427,0.00187357298974269,0.252464368505385,0.247087793442809
20280001,20284001,25,23,2630.95511367622,0.593723848133751,0.258532299070275,0.0099364188559468,0.00175194332902284,0.252464368505385,0.247087793442809
20280001,20284001,25,24,2605.69145536238,0.588022634778168,0.261803539262825,0.00933307288636511,0.00164556744586531,0.252464368505385,0.247087793442809
20280001,20284001,25,25,2582.94229410725,0.582888864349321,0.265026248051035,0.00880185288749615,0.00155191443862433,0.252464368505385,0.247087793442809
20280001,20284001,25,26,2562.33046525894,0.578237422643883,0.268191229453638,0.00833157882082102,0.00146901020347836,0.252464368505385,0.247087793442809
20280001,20284001,25,27,2543.5485007497,0.573998923786197,0.271292905980463,0.00791323654925017,0.00139526364932658,0.252464368505385,0.247087793442809
20280001,20284001,25,28,2526.34376077641,0.570116354916063,0.274328261495204,0.00753940917934775,0.00132936601965039,0.252464368505385,0.247087793442809
20280001,20284001,25,29,2510.507104251,0.566542519465597,0.277296081890735,0.00720392536675048,0.00127022861085826,0.252464368505385,0.247087793442809
20280001,20284001,25,30,2495.86415055989,0.563238065213094,0.280196410722734,0.00690160998191924,0.00121693863620615,0.252464368505385,0.247087793442809
20280001,20284001,25,31,2482.26853570848,0.560169962406868,0.283030159064061,0.00662809093504863,0.00116872505821193,0.252464368505385,0.247087793442809
20280001,20284001,25,32,2469.59669382537,0.557310326114835,0.285798824591179,0.00637964882047095,0.00112493201426342,0.252464368505385,0.247087793442809
20280001,20284001,25,33,2457.74378106526,0.554635496377548,0.288504287652341,0.00615310132559932,0.00108499839827487,0.252464368505385,0.247087793442809
20280001,20284001,25,34,2446.62044832783,0.552125309912331,0.291148662082798,0.00594571318361391,0.00104844196132302,0.252464368505385,0.247087793442809
20280001,20284001,25,35,2436.15025060946,0.549762515485413,0.293734185743664,0.00575512432032143,0.00101484662864284,0.252464368505385,0.247087793442809
20280001,20284001,25,36,2426.26754246458,0.547532298983709,0.296263140557446,0.00557929197890727,0.00098385228593733,0.252464368505385,0.247087793442809
20280001,20284001,25,37,2416.91575136842,0.545421893767105,0.298737794868702,0.0054164442719253,0.000955146583456899,0.252464368505385,0.247087793442809
20280001,20284001,25,38,2408.04594947284,0.543420258358635,0.301160362901043,0.00526504289623774,0.000928458357690701,0.252464368505385,0.247087793442809
20280001,20284001,25,39,2399.61566428886,0.541517808052934,0.303532977357498,0.00512375279571154,0.000903552279545873,0.252464368505385,0.247087793442809
20280001,20284001,25,40,2391.58788315641,0.539706190256356,0.305857672094664,0.00499141689763629,0.000880224398198708,0.252464368505385,0.247087793442809
20280001,20284001,25,41,2383.93021669015,0.537978095702998,0.308136372450218,0.00486703456578964,0.000858298341035235,0.252464368505385,0.247087793442809
20280001,20284001,25,42,2376.61419390833,0.536327099387449,0.310370891305223,0.00474974286318462,0.000837622009525951,0.252464368505385,0.247087793442809
20280001,20284001,25,43,2369.61466734111,0.534747526316437,0.312562929363019,0.00463880000091205,0.000818064660901016,0.252464368505385,0.247087793442809
20280001,20284001,25,44,2362.9093106889,0.533234338146117,0.314714078448843,0.00453357050052147,0.000799514292169668,0.252464368505385,0.247087793442809
20280001,20284001,25,45,2356.47819493731,0.531783037524537,0.316825826891722,0.00443351169372717,0.000781875260054227,0.252464368505385,0.247087793442809
20280001,20284001,25,46,2350.30343143804,0.53038958754622,0.31889956625269,0.00433816128117913,0.00076506608771174,0.252464368505385,0.247087793442809
20280001,20284001,25,47,2344.36887245331,0.52905034417446,0.320936598821206,0.00424712578661551,0.000749017429343024,0.252464368505385,0.247087793442809
20280001,20284001,25,48,2338.65986113031,0.527761999818408,0.32293814542562,0.00416006985798156,0.000733670184130525,0.252464368505385,0.247087793442809
20280001,20284001,25,49,2333.1630239287,0.526521536490492,0.324905353203798,0.00407670645771349,0.000718973766934891,0.252464368505385,0.247087793442809
20280001,20284001,25,50,2327.86609929032,0.52532618714256,0.326839303064566,0.0039967880332146,0.000704884551796022,0.252464368505385,0.247087793442809
20280001,20284001,25,51,2322.75779693185,0.524173403912647,0.328741016644602,0.00392009876337472,0.000691364505137874,0.252464368505385,0.247087793442809
20280001,20284001,25,52,2317.82768265426,0.523060832130096,0.33061146263124,0.003846447947532,0.000678380020384551,0.252464368505385,0.247087793442809
20280001,20284001,25,53,2313.06608406079,0.521986289039079,0.332451562379581,0.00377566455427016,0.000665900957055114,0.252464368505385,0.247087793442809
20280001,20284001,25,54,2308.46401308929,0.520947746316559,0.334262194801859,0.00370759289271941,0.000653899877755874,0.252464368505385,0.247087793442809
20280001,20284001,25,55,2304.01310180143,0.519943315581958,0.336044200547254,0.00364208931874441,0.00064235146762314,0.252464368505385,0.247087793442809
20280001,20284001,25,56,2299.70554842186,0.51897123621988,0.337798385520754,0.00357901984875971,0.000631232113779782,0.252464368505385,0.247087793442809
20280001,20284001,25,57,2295.53407116516,0.518029864960303,0.339525523810383,0.00351825852800563,0.000620519617800828,0.252464368505385,0.247087793442809
20280001,20284001,25,58,2291.49186790725,0.517117666777693,0.341226360103741,0.00345968638884524,0.000610193012195455,0.252464368505385,0.247087793442809
20280001,20284001,25,59,2287.5725802314,0.51623320677731,0.342901611678582,0.00340319083730634,0.000600232452381752,0.252464368505385,0.247087793442809
20280001,20284001,25,60,2283.77026079018,0.515375142829833,0.344551970049633,0.00334866532073113,0.000590619158211217,0.252464368505385,0.247087793442809
20280001,20284001,25,61,2280.07934326504,0.514542218792178,0.346178102346764,0.00329600915300142,0.000581335383261861,0.252464368505385,0.247087793442809
20280001,20284001,25,62,2276.49461446914,0.513733258211988,0.347780652489642,0.00324512740265312,0.000572364395204721,0.252464368505385,0.247087793442809
20280001,20284001,25,63,2273.0111883299,0.512947158456302,0.349360242212678,0.00319593077928568,0.000563690455854826,0.252464368505385,0.247087793442809
20280001,20284001,25,64,2269.62448161239,0.512182885233103,0.350917471982738,0.00314833548135033,0.000555298794398211,0.252464368505385,0.247087793442809
20280001,20284001,25,65,2266.33019131563,0.511439467490363,0.352452921841556,0.0031022629909262,0.000547175571258809,0.252464368505385,0.247087793442809
20280001,20284001,25,66,2263.12427370369,0.510715992684021,0.353967152195704,0.0030576398170469,0.000539307832882291,0.252464368505385,0.247087793442809
20280001,20284001,25,67,2260.00292493699,0.510011602407083,0.355460704569598,0.00301439719848719,0.000531683459362326,0.252464368505385,0.247087793442809
20280001,20284001,25,68,2256.96256325788,0.509325488369464,0.35693410233124,0.00297247078073656,0.000524291107507824,0.252464368505385,0.247087793442809
20280001,20284001,25,69,2253.99981266728,0.508656888714316,0.35838785139618,0.00293180028185623,0.000517120151944302,0.252464368505385,0.247087793442809
20280001,20284001,25,70,2251.11148801237,0.508005084652797,0.359822440912175,0.00289232915977617,0.00051016062646504,0.252464368505385,0.247087793442809
20280001,20284001,25,71,2248.29458139219,0.507369397396228,0.361238343924983,0.00285400429073915,0.000503403167345024,0.252464368505385,0.247087793442809
20280001,20284001,25,72,2245.54624977901,0.506749185362642,0.362636018024484,0.00281677566590516,0.000496838959855444,0.252464368505385,0.247087793442809
20280001,20284001,25,73,2242.86380374942,0.506143841633736,0.364015905969576,0.00278059611095335,0.000490459688832603,0.252464368505385,0.247087793442809
20280001,20284001,25,74,2240.2446972184,0.50555279163817,0.365378436290032,0.00274542103187413,0.000484257493864886,0.252464368505385,0.247087793442809
20280001,20284001,25,75,2237.68651807202,0.504975491037675,0.366724023863533,0.00271120818886566,0.000478224929435788,0.252464368505385,0.247087793442809
20280001,20284001,25,76,2235.18697959941,0.504411423793502,0.368053070466398,0.00267791749916163,0.000472354930169131,0.252464368505385,0.247087793442809
20280001,20284001,25,77,2232.74391263048,0.503860100392161,0.369365965296967,0.00264551086859797,0.00046664078114267,0.252464368505385,0.247087793442809
20280001,20284001,25,78,2230.35525829384,0.503321056211119,0.370663085471195,0.00261395205073783,0.000461076093061873,0.252464368505385,0.247087793442809
20280001,20284001,25,79,2228.01906131787,0.502793850007045,0.371944796490592,0.00258320653144639,0.00045565478192196,0.252464368505385,0.247087793442809
20280001,20284001,25,80,2225.7334638068,0.502278062511278,0.373211452683271,0.00255324143600283,0.000450371052644368,0.252464368505385,0.247087793442809
20280001,20284001,25,81,2223.49669943332,0.501773295119281,0.374463397619363,0.0025240254552224,0.000445219386065452,0.252464368505385,0.247087793442809
20280001,20284001,25,82,2221.30708799862,0.501279168663011,0.375700964502509,0.00249552878669008,0.000440194528589627,0.252464368505385,0.247087793442809
20280001,20284001,25,83,2219.1630303195,0.5007953222571,0.376924476539423,0.00246772308710006,0.000435291483800358,0.252464368505385,0.247087793442809
20280001,20284001,25,84,2217.06300341068,0.500321412211653,0.378134247289712,0.00244058143184617,0.000430505505348929,0.252464368505385,0.247087793442809
20280001,20284001,25,85,2215.00555593742,0.499857111006054,0.37933058099818,0.00241407827838451,0.000425832090507348,0.252464368505385,0.247087793442809
20280001,20284001,25,86,2212.98930391998,0.499402106319589,0.38051377291176,0.00238818943043745,0.000421266973868417,0.252464368505385,0.247087793442809
20280001,20284001,25,87,2211.01292667596,0.498956100115764,0.381684109583102,0.00236289200076348,0.000416806120791548,0.252464368505385,0.247087793442809
20280001,20284001,25,88,2209.07516299034,0.498518807778006,0.382841869162588,0.00233816437091367,0.000412445720315829,0.252464368505385,0.247087793442809
20280001,20284001,25,89,2207.17480750555,0.498089957295005,0.383987321680305,0.00231398614706909,0.000408182177380608,0.252464368505385,0.247087793442809
20280001,20284001,25,90,2205.31070732502,0.497669288494258,0.385120729319215,0.00229033811165652,0.000404012104300279,0.252464368505385,0.247087793442809
20280001,20284001,25,91,2203.48175882474,0.497256552322522,0.386242346680484,0.00226720217093368,0.000399932311527048,0.252464368505385,0.247087793442809
20280001,20284001,25,92,2201.68690466675,0.496851510171868,0.387352421041673,0.00224456129910336,0.000395939797800473,0.252464368505385,0.247087793442809
20280001,20284001,25,93,2199.9251310087,0.49645393324995,0.388451192608244,0.00222239947975414,0.000392031739824504,0.252464368505385,0.247087793442809
20280001,20284001,25,94,2198.19546490231,0.496063601992934,0.389538894758646,0.00220070164554514,0.000388205481634019,0.252464368505385,0.247087793442809
20280001,20284001,25,95,2196.49697187346,0.495680305519392,0.390615754283076,0.00217945361707137,0.000384458523816064,0.252464368505385,0.247087793442809
20280001,20284001,25,96,2194.82875367544,0.495303841123286,0.391681991615873,0.00215864204179081,0.000380788512741384,0.252464368505385,0.247087793442809
20280001,20284001,25,97,2193.18994620676,0.494934013804076,0.392737821061444,0.00213825433378873,0.000377193229943068,0.252464368505385,0.247087793442809
20280001,20284001,25,98,2191.57971758418,0.49457063583187,0.393783451013516,0.00211827861502451,0.000373670581756232,0.252464368505385,0.247087793442809
20280001,20284001,25,99,2189.99726636172,0.494213526345508,0.394819084167524,0.00209870365856755,0.000370218589308162,0.252464368505385,0.247087793442809
20280001,20284001,25,100,2188.44181988616,0.493862510981455,0.395844917725919,0.00207951883419947,0.000366835378925508,0.252464368505385,0.247087793442809
20280001,20284001,25,101,2186.91263277984,0.493517421531407,0.396861143596175,0.00206071405664715,0.000363519173005278,0.252464368505385,0.247087793442809
20280001,20284001,25,102,2185.40898554154,0.49317809562656,0.397867948581357,0.0020422797366175,0.000360268281379783,0.252464368505385,0.247087793442809
20280001,20284001,25,103,2183.93018325683,0.492844376446577,0.398865514563078,0.0020242067347353,0.000357081093193491,0.252464368505385,0.247087793442809
20280001,20284001,25,104,2182.47555440946,0.492516112451355,0.399854018676791,0.00200648631843207,0.000353956069300266,0.252464368505385,0.247087793442809
20280001,20284001,25,105,2181.04444978584,0.492193157133796,0.400833633479359,0.00198911012179809,0.000350891735183157,0.252464368505385,0.247087793442809
20280001,20284001,25,106,2179.63624146498,0.491875368791878,0.401804527108936,0.0019720701083847,0.000347886674394506,0.252464368505385,0.247087793442809
20280001,20284001,25,107,2178.25032188684,0.491562610318403,0.402766863437214,0.00195535853692628,0.000344939522510992,0.252464368505385,0.247087793442809
20280001,20284001,25,108,2176.88610299233,0.491254749006921,0.40372080221418,0.0019389679299377,0.000342048961595811,0.252464368505385,0.247087793442809
20280001,20284001,25,109,2175.54301542852,0.49095165637238,0.404666499205537,0.00192289104513231,0.000339213715158354,0.252464368505385,0.247087793442809
20280001,20284001,25,110,2174.22050781329,0.490653207985169,0.405604106323016,0.00190712084959424,0.000336432543599669,0.252464368505385,0.247087793442809
20280001,20284001,25,111,2172.91804605367,0.490359283317298,0.406533771747827,0.00189165049662605,0.000333704240129818,0.252464368505385,0.247087793442809
20280001,20284001,25,112,2171.63511271273,0.490069765599522,0.407455640047542,0.00187647330518167,0.000331027627141225,0.252464368505385,0.247087793442809
20280001,20284001,25,113,2170.37120642019,0.489784541688332,0.408369852286725,0.00186158274177969,0.000328401553019531,0.252464368505385,0.247087793442809
20280001,20284001,25,114,2169.12584132215,0.489503501941781,0.40927654613165,0.00184697240477899,0.00032582488937112,0.252464368505385,0.247087793442809
20280001,20284001,25,115,2167.89854656592,0.489226540103215,0.410175855949451,0.00183263601088594,0.000323296528644274,0.252464368505385,0.247087793442809
20280001,20284001,25,116,2166.68886581589,0.488953553192041,0.411067912902072,0.00181856738374896,0.000320815382118491,0.252464368505385,0.247087793442809
20280001,20284001,25,117,2165.49635679728,0.488684441400744,0.411952845035389,0.00180476044448612,0.000318380378234781,0.252464368505385,0.247087793442809
20280001,20284001,25,118,2164.32059086431,0.488419107997449,0.412830777363846,0.00179120920398304,0.0003159904612382,0.252464368505385,0.247087793442809
20280001,20284001,25,119,2163.1611525901,0.488157459233372,0.413701831950994,0.0017779077567913,0.000313644590102694,0.252464368505385,0.247087793442809
20280001,20284001,25,120,2162.01763937575,0.487899404254598,0.414566127986244,0.00176485027645544,0.000311341737707916,0.252464368505385,0.247087793442809
20280001,20284001,25,121,2160.88966107633,0.487644855017683,0.415423781858193,0.00175203101209543,0.000309080890237481,0.252464368505385,0.247087793442809
20280001,20284001,25,122,2159.77683964184,0.487393726208629,0.416274907224825,0.00173944428607497,0.000306861046768725,0.252464368505385,0.247087793442809
20280001,20284001,25,123,2158.67880877141,0.487145935164848,0.417119615080883,0.00172708449259204,0.000304681219025138,0.252464368505385,0.247087793442809
20280001,20284001,25,124,2157.59521357939,0.486901401799804,0.417958013822681,0.00171494609703622,0.000302540431264007,0.252464368505385,0.247087793442809
20280001,20284001,25,125,2156.52571027187,0.486660048530023,0.418790209310617,0.00170302363596981,0.000300437720274078,0.252464368505385,0.247087793442809
20280001,20284001,25,126,2155.46996583286,0.486421800204266,0.4196163049296,0.00169131171760221,0.000298372135460199,0.252464368505385,0.247087793442809
20280001,20284001,25,127,2154.42765771905,0.486186584034651,0.420436401647601,0.00167980502264289,0.000296342738994706,0.252464368505385,0.247087793442809
20280001,20284001,25,128,2153.39847356258,0.485954329529569,0.421250598072507,0.00166849830543444,0.000294348606018206,0.252464368505385,0.247087793442809
20280001,20284001,25,129,2152.38211088107,0.48572496842826,0.422058990507435,0.00165738639528401,0.000292388824875294,0.252464368505385,0.247087793442809
20280001,20284001,25,130,2151.37827679461,0.485498434636939,0.422861673004638,0.00164646419792763,0.000290462497373711,0.252464368505385,0.247087793442809
20280001,20284001,25,131,2150.3866877492,0.485274664166378,0.423658737418125,0.00163572669707888,0.000288568739058324,0.252464368505385,0.247087793442809
20280001,20284001,25,132,2149.40706924622,0.485053595070873,0.424450273455087,0.00162516895602723,0.00028670667949386,0.252464368505385,0.247087793442809
20280001,20284001,25,133,2148.43915557786,0.484835167388527,0.425236368726216,0.00161478611926496,0.000284875462552634,0.252464368505385,0.247087793442809
20280001,20284001,25,134,2147.48268956805,0.484619323082783,0.426017108794974,0.00160457341413275,0.000283074246705556,0.252464368505385,0.247087793442809
20280001,20284001,25,135,2146.5374223187,0.484406005985171,0.426792577225882,0.00159452615248258,0.000281302205316154,0.252464368505385,0.247087793442809
20280001,20284001,25,136,2145.60311296109,0.484195161739192,0.427562855631853,0.00158463973236289,0.000279558526938501,0.252464368505385,0.247087793442809
20280001,20284001,25,137,2144.6795284121,0.483986737745314,0.428328023720626,0.00157490963973516,0.000277842415620654,0.252464368505385,0.247087793442809
20280001,20284001,25,138,2143.76644313508,0.483780683107009,0.429088159340307,0.00156533145023205,0.000276153091215413,0.252464368505385,0.247087793442809
20280001,20284001,25,139,2142.86363890522,0.483576948577796,0.42984333852406,0.00155590083096687,0.000274489789700092,0.252464368505385,0.247087793442809
20280001,20284001,25,140,2141.97090457901,0.483375486509225,0.430593635533956,0.00154661354240087,0.000272851763506485,0.252464368505385,0.247087793442809
20280001,20284001,25,141,2141.08803586782,0.483176250799775,0.431339122903999,0.00153746544027055,0.00027123828186138,0.252464368505385,0.247087793442809
20280001,20284001,25,142,2140.21483511518,0.482979196844596,0.432079871482348,0.0015284524775713,0.000269648631137008,0.252464368505385,0.247087793442809
20280001,20284001,25,143,2139.3511110777,0.482784281486066,0.432815950472754,0.00151957070658737,0.000268082115209632,0.252464368505385,0.247087793442809
20280001,20284001,25,144,2138.49667870937,0.48259146296512,0.433547427475212,0.00151081628095023,0.000266538055823123,0.252464368505385,0.247087793442809
20280001,20284001,25,145,2137.65135894918,0.482400700873318,0.434274368525875,0.00150218545770116,0.000265015792953276,0.252464368505385,0.247087793442809
20280001,20284001,25,146,2136.81497851185,0.482211956105619,0.434996838136209,0.00149367459932671,0.00026351468516731,0.252464368505385,0.247087793442809
20280001,20284001,25,147,2135.98736968165,0.482025190813858,0.435714899331445,0.00148528017572986,0.000262034109972009,0.252464368505385,0.247087793442809
20280001,20284001,25,148,2135.16837010925,0.481840368360895,0.436428613688318,0.00147699876609493,0.000260573464143111,0.252464368505385,0.247087793442809
20280001,20284001,25,149,2134.35782261161,0.48165745327546,0.437138041372135,0.00146882706060132,0.000259132164027994,0.252464368505385,0.247087793442809
20280001,20284001,25,150,2133.55557497491,0.48147641120768,0.437843241173175,0.00146076186193842,0.000257709645813299,0.252464368505385,0.247087793442809
20280001,20284001,25,151,2132.76147976068,0.481297208885325,0.438544270542453,0.00145280008657505,0.000256305365749194,0.252464368505385,0.247087793442809
20280001,20284001,25,152,2131.97539411516,0.481119814070798,0.439241185626862,0.00144493876573749,0.000254918800322262,0.252464368505385,0.247087793442809
20280001,20284001,25,153,2131.19717958222,0.4809441955189,0.439934041303709,0.00143717504605424,0.000253549446369532,0.252464368505385,0.247087793442809
20280001,20284001,25,154,2130.42670191982,0.480770322935427,0.440622891214661,0.00142950618982913,0.000252196821126976,0.252464368505385,0.247087793442809
20280001,20284001,25,155,2129.66383092047,0.480598166936638,0.441307787799123,0.00142192957491249,0.000250860462207056,0.252464368505385,0.247087793442809
20280001,20284001,25,156,2128.90844023575,0.48042769900967,0.441988782327046,0.00141444269414539,0.000249539927500961,0.252464368505385,0.247087793442809
20280001,20284001,25,157,2128.16040720531,0.480258891473936,0.442665924931181,0.00140704315436151,0.000248234795002778,0.252464368505385,0.247087793442809
20280001,20284001,25,158,2127.41961269052,0.480091717443596,0.443339264638784,0.0013997286749385,0.000246944662554185,0.252464368505385,0.247087793442809
20280001,20284001,25,159,2126.68594091313,0.479926150791136,0.444008849402766,0.001392497085901,0.000245669147510034,0.252464368505385,0.247087793442809
20280001,20284001,25,160,2125.95927929911,0.479762166112142,0.444674726132303,0.00138534632558473,0.000244407886326497,0.252464368505385,0.247087793442809
20280001,20284001,25,161,2125.23951832806,0.479599738691298,0.445336940722878,0.00137827443788003,0.000243160534075011,0.252464368505385,0.247087793442809
20280001,20284001,25,162,2124.52655138822,0.479438844469687,0.44599553808577,0.00137127956908161,0.00024192676388674,0.252464368505385,0.247087793442809
20280001,20284001,25,163,2123.82027463754,0.479279460013417,0.446650562176965,0.00136435996437642,0.000240706266333187,0.252464368505385,0.247087793442809
20280001,20284001,25,164,2123.12058687067,0.479121562483627,0.447302056025482,0.00135751396400899,0.00023949874874991,0.252464368505385,0.247087793442809
20280001,20284001,25,165,2122.42738939232,0.478965129607891,0.447950061761106,0.00135073999916744,0.000238303934510946,0.252464368505385,0.247087793442809
20280001,20284001,25,166,2121.74058589678,0.47881013965304,0.4485946206415,0.00134403658763697,0.0002371215622622,0.252464368505385,0.247087793442809
20280001,20284001,25,167,2121.06008235389,0.478656571399422,0.449235773078695,0.00133740232927004,0.00023595138512252,0.252464368505385,0.247087793442809
20280001,20284001,25,168,2120.38578690127,0.478504404116589,0.449873558664924,0.00133083590132321,0.000234793169861201,0.252464368505385,0.247087793442809
20280001,20284001,25,169,2119.71760974293,0.478353617540404,0.450508016197809,0.0013243360537107,0.00023364669606083,0.252464368505385,0.247087793442809
20280001,20284001,25,170,2119.05546305401,0.478204191851562,0.451139183704859,0.0013179016042236,0.000232511755274044,0.252464368505385,0.247087793442809
20280001,20284001,25,171,2118.39926089171,0.478056107655472,0.451767098467287,0.00131153143376124,0.000231388150182439,0.252464368505385,0.247087793442809
20280001,20284001,25,172,2117.74891911207,0.477909345963492,0.452391797043123,0.00130522448161863,0.000230275693765365,0.252464368505385,0.247087793442809
20280001,20284001,25,173,2117.1043552926,0.477763888175453,0.453013315289619,0.0012989797408702,0.000229174208485702,0.252464368505385,0.247087793442809
20280001,20284001,25,174,2116.46548866031,0.477619716063435,0.453631688384922,0.00129279625388561,0.000228083525498939,0.252464368505385,0.247087793442809
20280001,20284001,25,175,2115.83224002517,0.477476811756734,0.454246950849046,0.00128667310800991,0.000227003483891229,0.252464368505385,0.247087793442809
20280001,20284001,25,176,2115.20453171844,0.477335157727958,0.454859136564095,0.00128060943143424,0.000225933929951076,0.252464368505385,0.247087793442809
20280001,20284001,25,177,2114.58228753585,0.477194736780202,0.455468278793772,0.00127460438927956,0.000224874716478584,0.252464368505385,0.247087793442809
20280001,20284001,25,178,2113.96543268517,0.47705553203521,0.456074410202162,0.00126865717991124,0.000223825702135432,0.252464368505385,0.247087793442809
20280001,20284001,25,179,2113.35389373796,0.47691752692249,0.456677562871797,0.00126276703149633,0.00022278675083766,0.252464368505385,0.247087793442809
20280001,20284001,25,180,2112.74759858512,0.47678070516929,0.457277768321013,0.00125693319881303,0.000221757731192953,0.252464368505385,0.247087793442809
20280001,20284001,25,181,2112.14647639607,0.476645050791369,0.457875057520606,0.00125115496031573,0.00022073851598299,0.252464368505385,0.247087793442809
20280001,20284001,25,182,2111.55045758105,0.476510548084509,0.458469460909808,0.0012454316154568,0.000219728981691091,0.252464368505385,0.247087793442809
20280001,20284001,25,183,2110.95947375651,0.476377181616696,0.459061008411589,0.00123976248226198,0.000218729008074612,0.252464368505385,0.247087793442809
20280001,20284001,25,184,2110.37345771314,0.476244936220897,0.459649729447313,0.00123414689515367,0.000217738477781054,0.252464368505385,0.247087793442809
20280001,20284001,25,185,2109.79234338626,0.476113796988391,0.460235652950755,0.00122858420301396,0.00021675727600646,0.252464368505385,0.247087793442809
20280001,20284001,25,186,2109.21606582841,0.475983749262583,0.460818807381512,0.00122307376747649,0.000215785290194203,0.252464368505385,0.247087793442809
20280001,20284001,25,187,2108.64456118392,0.475854778633252,0.461399220737823,0.00121761496143592,0.000214822409772122,0.252464368505385,0.247087793442809
20280001,20284001,25,188,2108.07776666508,0.475726870931185,0.461976920568819,0.00121220716776047,0.000213868525925515,0.252464368505385,0.247087793442809
20280001,20284001,25,189,2107.51562052982,0.475600012223143,0.462551933986236,0.00120684977819408,0.000212923531403553,0.252464368505385,0.247087793442809
20280001,20284001,25,190,2106.95806206078,0.475474188807124,0.463124287675603,0.00120154219243275,0.000211987320356436,0.252464368505385,0.247087793442809
20280001,20284001,25,191,2106.40503154541,0.475349387207881,0.463694007906941,0.00119628381735988,0.000211059788200589,0.252464368505385,0.247087793442809
20280001,20284001,25,192,2105.85647025708,0.475225594172663,0.464261120544987,0.00119107406642551,0.000210140831509236,0.252464368505385,0.247087793442809
20280001,20284001,25,193,2105.31232043704,0.475102796667136,0.464825651058978,0.00118591235915412,0.000209230347925663,0.252464368505385,0.247087793442809
20280001,20284001,25,194,2104.7725252771,0.474980981871474,0.465387624532007,0.00118079812076665,0.000208328236096606,0.252464368505385,0.247087793442809
20280001,20284001,25,195,2104.23702890283,0.474860137176581,0.465947065669984,0.00117573078190224,0.000207434395623256,0.252464368505385,0.247087793442809
20280001,20284001,25,196,2103.70577635743,0.47474025018043,0.466503998810224,0.00117070977842696,0.000206548727027581,0.252464368505385,0.247087793442809
20280001,20284001,25,197,2103.17871358584,0.474621308684497,0.467058447929681,0.00116573455131599,0.000205671131731617,0.252464368505385,0.247087793442809
20280001,20284001,25,198,2102.65578741937,0.474503300690277,0.467610436652844,0.0011608045465988,0.000204801512047866,0.252464368505385,0.247087793442809
20280001,20284001,25,199,2102.13694556052,0.47438621439587,0.468159988259329,0.00115591921535503,0.000203939771178632,0.252464368505385,0.247087793442809
20280001,20284001,25,200,2101.62213656809,0.474270038192616,0.468707125691182,0.00115107801375269,0.000203085813222825,0.252464368505385,0.247087793442809
20280001,20284001,25,201,2101.11130984254,0.474154760661789,0.469251871559896,0.0011462804031186,0.000202239543188448,0.252464368505385,0.247087793442809
20280001,20284001,25,202,2100.60441561148,0.474040370571324,0.469794248153187,0.00114152585003368,0.000201400867009458,0.252464368505385,0.247087793442809
20280001,20284001,25,203,2100.10140491534,0.473926856872587,0.470334277441521,0.00113681382644587,0.000200569691565741,0.252464368505385,0.247087793442809
20280001,20284001,25,204,2099.60222959318,0.473814208697167,0.470871981084422,0.00113214380979408,0.000199745924705034,0.252464368505385,0.247087793442809
20280001,20284001,25,205,2099.10684226864,0.47370241535371,0.471407380436569,0.00112751528313822,0.000198929475265905,0.252464368505385,0.247087793442809
20280001,20284001,25,206,2098.615196336,0.47359146632477,0.471940496553697,0.0011229277352904,0.000198120253100947,0.252464368505385,0.247087793442809
20280001,20284001,25,207,2098.12724594638,0.473481351263698,0.472471350198314,0.00111838066094302,0.000197318169099413,0.252464368505385,0.247087793442809
20280001,20284001,25,208,2097.64294599405,0.473372059991545,0.472999961845248,0.00111387356079114,0.000196523135208843,0.252464368505385,0.247087793442809
20280001,20284001,25,209,2097.16225210283,0.473263582494007,0.473526351687029,0.0011094059416454,0.000195735064455027,0.252464368505385,0.247087793442809
20280001,20284001,25,210,2096.68512061271,0.473155908918387,0.474050539639123,0.00110497731653427,0.000194953870960069,0.252464368505385,0.247087793442809
20280001,20284001,25,211,2096.21150856647,0.473049029570598,0.474572545345014,0.00110058720479306,0.000194179469958128,0.252464368505385,0.247087793442809
20280001,20284001,25,212,2095.74137369662,0.47294293491219,0.475092388181166,0.001096235132139,0.000193411777808685,0.252464368505385,0.247087793442809
20280001,20284001,25,213,2095.27467441229,0.472837615557415,0.475610087261839,0.00109192063073095,0.00019265071200712,0.252464368505385,0.247087793442809
20280001,20284001,25,214,2094.81136978645,0.472733062270329,0.476125661443795,0.00108764323921346,0.000191896191192487,0.252464368505385,0.247087793442809
20280001,20284001,25,215,2094.35141954322,0.472629265961932,0.476639129330886,0.00108340250274471,0.000191148135152486,0.252464368505385,0.247087793442809
20280001,20284001,25,216,2093.89478404538,0.472526217687349,0.477150509278528,0.00107919797300827,0.000190406464825553,0.252464368505385,0.247087793442809
20280001,20284001,25,217,2093.44142428205,0.472423908643049,0.477659819398073,0.0010750292082086,0.000189671102300077,0.252464368505385,0.247087793442809
20280001,20284001,25,218,2092.99130185659,0.472322330164122,0.478167077561075,0.0010708957730509,0.00018894197081088,0.252464368505385,0.247087793442809
20280001,20284001,25,219,2092.54437897473,0.472221473721584,0.478672301403466,0.00106679723870565,0.000188218994732964,0.252464368505385,0.247087793442809
20280001,20284001,25,220,2092.10061843283,0.47212133091975,0.479175508329628,0.00106273318275817,0.00018750209957263,0.252464368505385,0.247087793442809
20280001,20284001,25,221,2091.65998360651,0.472021893493644,0.47967671551638,0.00105870318914405,0.000186791211956109,0.252464368505385,0.247087793442809
20280001,20284001,25,222,2091.22243843934,0.471923153306463,0.480175939916873,0.00105470684807123,0.000186086259615818,0.252464368505385,0.247087793442809
20280001,20284001,25,223,2090.78794743189,0.471825102347105,0.480673198264402,0.00105074375592939,0.000185387171374386,0.252464368505385,0.247087793442809
20280001,20284001,25,224,2090.35647563097,0.471727732727735,0.481168507076129,0.0010468135151875,0.0001846938771266,0.252464368505385,0.247087793442809
20280001,20284001,25,225,2089.92798861916,0.471631036681419,0.481661882656726,0.00104291573428064,0.000184006307819436,0.252464368505385,0.247087793442809
20280001,20284001,25,226,2089.5024525045,0.471535006559809,0.48215334110194,0.00103905002748667,0.000183324395430316,0.252464368505385,0.247087793442809
20280001,20284001,25,227,2089.07983391052,0.471439634830886,0.482642898302073,0.00103521601479381,0.000182648072943747,0.252464368505385,0.247087793442809
20280001,20284001,25,228,2088.6600999665,0.471344914076761,0.483130569945387,0.00103141332176033,0.000181977274326582,0.252464368505385,0.247087793442809
20280001,20284001,25,229,2088.24321829797,0.471250836991534,0.483616371521436,0.00102764157936676,0.000181311934501946,0.252464368505385,0.247087793442809
20280001,20284001,25,230,2087.82915701746,0.471157396379206,0.484100318324315,0.00102390042386208,0.000180651989322107,0.252464368505385,0.247087793442809
20280001,20284001,25,231,2087.41788471555,0.47106458515166,0.484582425455842,0.0010201894966045,0.000179997375540396,0.252464368505385,0.247087793442809
20280001,20284001,25,232,2087.00937045214,0.470972396326685,0.48506270782866,0.00101650844389794,0.000179348030782352,0.252464368505385,0.247087793442809
20280001,20284001,25,233,2086.60358374795,0.470880823026069,0.485541180169274,0.00101285691682507,0.000178703893516278,0.252464368505385,0.247087793442809
20280001,20284001,25,234,2086.20049457633,0.470789858473741,0.486017857021013,0.00100923457107773,0.000178064903023325,0.252464368505385,0.247087793442809
20280001,20284001,25,235,2085.8000733553,0.470699495993974,0.486492752746918,0.0010056410667859,0.000177430999367316,0.252464368505385,0.247087793442809
20280001,20284001,25,236,2085.40229093977,0.470609729009642,0.486965881532569,0.00100207606834562,0.000176802123364391,0.252464368505385,0.247087793442809
20280001,20284001,25,237,2085.00711861411,0.470520551040527,0.487437257388837,0.000998539244247257,0.000176178216552716,0.252464368505385,0.247087793442809
20280001,20284001,25,238,2084.61452808484,0.470431955701685,0.487906894154571,0.000995030266904408,0.000175559221162295,0.252464368505385,0.247087793442809
20280001,20284001,25,239,2084.22449147368,0.470343936701859,0.48837480549922,0.000991548812484971,0.000174945080085164,0.252464368505385,0.247087793442809
20280001,20284001,25,240,2083.83698131067,0.470256487841946,0.488841004925386,0.000988094560744111,0.000174335736845931,0.252464368505385,0.247087793442809
20280001,20284001,25,241,2083.45197052766,0.470169603013515,0.489305505771318,0.000984667194860897,0.000173731135572949,0.252464368505385,0.247087793442809
20280001,20284001,25,242,2083.06943245189,0.470083276197362,0.489768321213338,0.000981266401278724,0.000173131220970168,0.252464368505385,0.247087793442809
20280001,20284001,25,243,2082.68934079986,0.469997501462129,0.490229464268208,0.000977891869550466,0.000172535938289813,0.252464368505385,0.247087793442809
20280001,20284001,25,244,2082.31166967135,0.469912272962948,0.490688947795436,0.000974543292188796,0.00017194523330598,0.252464368505385,0.247087793442809
20280001,20284001,25,245,2081.93639354363,0.469827584940145,0.491146784499522,0.00097122036452246,0.000171359052289276,0.252464368505385,0.247087793442809
20280001,20284001,25,246,2081.5634872659,0.469743431717972,0.491602986932146,0.000967922784559037,0.00017077734198261,0.252464368505385,0.247087793442809
20280001,20284001,25,247,2081.19292605383,0.469659807703388,0.492057567494302,0.000964650252854634,0.000170200049578204,0.252464368505385,0.247087793442809
20280001,20284001,25,248,2080.82468548433,0.469576707384867,0.492510538438368,0.000961402472391118,0.000169627122695931,0.252464368505385,0.247087793442809
20280001,20284001,25,249,2080.45874149045,0.469494125331255,0.492961911870136,0.000958179148461203,0.000169058509363046,0.252464368505385,0.247087793442809
20280001,20284001,25,250,2080.09507035641,0.469412056190647,0.493411699750777,0.000954979988561884,0.000168494157995381,0.252464368505385,0.247087793442809
20280001,20284001,25,251,2079.73364871282,0.469330494689305,0.49385991389876,0.000951804702296454,0.000167934017380063,0.252464368505385,0.247087793442809
20280001,20284001,25,252,2079.37445353196,0.469249435630599,0.494306565991725,0.000948653001285683,0.00016737803665984,0.252464368505385,0.247087793442809
20280001,20284001,25,253,2079.01746212327,0.469168873893983,0.494751667568303,0.000945524599087788,0.000166826165318968,0.252464368505385,0.247087793442809
20280001,20284001,25,254,2078.66265212887,0.469088804433987,0.495195230029893,0.000942419211128221,0.000166278353170817,0.252464368505385,0.247087793442809
20280001,20284001,25,255,2078.31000151927,0.469009222279243,0.495637264642394,0.000939336554638589,0.000165734550347101,0.252464368505385,0.247087793442809
20280001,20284001,25,256,2077.95948858906,0.468930122531526,0.496077782537895,0.000936276348605412,0.000165194707288841,0.252464368505385,0.247087793442809
20280001,20284001,25,257,2077.61109195282,0.468851500364819,0.49651679471632,0.000933238313728486,0.000164658774739012,0.252464368505385,0.247087793442809
20280001,20284001,25,258,2077.26479054101,0.468773351024389,0.496954312047045,0.000930222172388746,0.000164126703736881,0.252464368505385,0.247087793442809
20280001,20284001,25,259,2076.92056359599,0.46869566982589,0.497390345270461,0.000927227648625715,0.000163598445614028,0.252464368505385,0.247087793442809
20280001,20284001,25,260,2076.57839066807,0.468618452154469,0.497824904999519,0.000924254468124425,0.000163073951992042,0.252464368505385,0.247087793442809
20280001,20284001,25,261,2076.23825161164,0.468541693463896,0.498258001721227,0.000921302358211619,0.000162553174781849,0.252464368505385,0.247087793442809
20280001,20284001,25,262,2075.90012658135,0.468465389275698,0.498689645798124,0.000918371047860791,0.000162036066184604,0.252464368505385,0.247087793442809
20280001,20284001,25,263,2075.56399602829,0.4683895351783,0.499119847469717,0.000915460267706256,0.00016152257869418,0.252464368505385,0.247087793442809
20280001,20284001,25,264,2075.22984069624,0.468314126826184,0.4995486168539,0.000912569750065376,0.000161012665101084,0.252464368505385,0.247087793442809
20280001,20284001,25,265,2074.897641618,0.468239159939043,0.499975963948331,0.000909699228969249,0.000160506278497882,0.252464368505385,0.247087793442809
20280001,20284001,25,266,2074.56738011162,0.46816463030095,0.500401898631798,0.00090684844020077,0.000160003372285908,0.252464368505385,0.247087793442809
20280001,20284001,25,267,2074.23903777675,0.468090533759527,0.500826430665556,0.000904017121340319,0.000159503900183334,0.252464368505385,0.247087793442809
20280001,20284001,25,268,2073.91259649097,0.468016866225111,0.50124956969464,0.000901205011817979,0.000159007816234384,0.252464368505385,0.247087793442809
20280001,20284001,25,269,2073.58803840612,0.467943623669934,0.501671325249161,0.000898411852972405,0.000158515074819719,0.252464368505385,0.247087793442809
20280001,20284001,25,270,2073.26534594464,0.467870802127294,0.502091706745586,0.000895637388115313,0.000158025630667823,0.252464368505385,0.247087793442809
20280001,20284001,25,271,2072.9445017959,0.467798397690727,0.502510723487996,0.000892881362601469,0.000157539438867353,0.252464368505385,0.247087793442809
20280001,20284001,25,272,2072.62548891256,0.467726406513182,0.50292838466933,0.000890143523903362,0.000157056454880314,0.252464368505385,0.247087793442809
20280001,20284001,25,273,2072.30829050687,0.467654824806194,0.503344699372618,0.000887423621690048,0.000156576634555976,0.252464368505385,0.247087793442809
20280001,20284001,25,274,2071.992890047,0.467583648839046,0.503759676572201,0.000884721407909695,0.000156099934145438,0.252464368505385,0.247087793442809
20280001,20284001,25,275,2071.67927125334,0.467512874937944,0.504173325134935,0.000882036636875254,0.00015562631031675,0.252464368505385,0.247087793442809
20280001,20284001,25,276,2071.36741809478,0.46744249948517,0.504585653821391,0.000879369065352355,0.000155155720170419,0.252464368505385,0.247087793442809
20280001,20284001,25,277,2071.05731478501,0.46737251891825,0.504996671287044,0.000876718452649267,0.000154688121255289,0.252464368505385,0.247087793442809
20280001,20284001,25,278,2070.74894577875,0.467302929729103,0.505406386083455,0.000874084560708127,0.000154223471584639,0.252464368505385,0.247087793442809
20280001,20284001,25,279,2070.442295768,0.467233728463197,0.505814806659445,0.000871467154196835,0.000153761729652398,0.252464368505385,0.247087793442809
20280001,20284001,25,280,2070.13734967828,0.467164911718691,0.506221941362264,0.000868866000601039,0.000153302854449379,0.252464368505385,0.247087793442809
20280001,20284001,25,281,2069.8340926648,0.467096476145586,0.506627798438761,0.000866280870315968,0.000152846805479485,0.252464368505385,0.247087793442809
20280001,20284001,25,282,2069.53251010867,0.467028418444859,0.507032386036541,0.000863711536736896,0.000152393542775676,0.252464368505385,0.247087793442809
20280001,20284001,25,283,2069.23258761309,0.466960735367601,0.507435712205125,0.000861157776348585,0.000151943026915747,0.252464368505385,0.247087793442809
20280001,20284001,25,284,2068.93431099945,0.466893423714151,0.507837784897109,0.000858619368812411,0.000151495219037711,0.252464368505385,0.247087793442809
20280001,20284001,25,285,2068.63766630355,0.466826480333223,0.508238611969317,0.000856096097051327,0.000151050080854787,0.252464368505385,0.247087793442809
20280001,20284001,25,286,2068.34263977168,0.466759902121039,0.508638201183958,0.000853587747331717,0.000150607574669851,0.252464368505385,0.247087793442809
20280001,20284001,25,287,2068.04921785675,0.466693686020448,0.509036560209779,0.000851094109342058,0.000150167663389314,0.252464368505385,0.247087793442809
20280001,20284001,25,288,2067.75738721443,0.466627829020052,0.509433696623221,0.000848614976267862,0.000149730310536349,0.252464368505385,0.247087793442809
20280001,20284001,25,289,2067.46713469923,0.46656232815333,0.509829617909569,0.000846150144862566,0.000149295480263405,0.252464368505385,0.247087793442809
20280001,20284001,25,290,2067.17844736064,0.466497180497756,0.510224331464115,0.000843699415514074,0.000148863137363948,0.252464368505385,0.247087793442809
20280001,20284001,25,291,2066.89131243922,0.466432383173927,0.510617844593309,0.000841262592306424,0.000148433247283346,0.252464368505385,0.247087793442809
20280001,20284001,25,292,2066.60571736271,0.466367933344681,0.511010164515915,0.000838839483076832,0.000148005776128937,0.252464368505385,0.247087793442809
20280001,20284001,25,293,2066.32164974218,0.466303828214223,0.511401298364178,0.000836429899467096,0.000147580690679103,0.252464368505385,0.247087793442809
20280001,20284001,25,294,2066.03909736812,0.466240065027252,0.511791253184975,0.000834033656970044,0.000147157958391467,0.252464368505385,0.247087793442809
20280001,20284001,25,295,2065.75804820662,0.466176641068091,0.512180035940978,0.000831650574970286,0.000146737547410091,0.252464368505385,0.247087793442809
20280001,20284001,25,296,2065.4784903955,0.466113553659821,0.512567653511822,0.000829280476779059,0.00014631942657162,0.252464368505385,0.247087793442809
20280001,20284001,25,297,2065.20041224051,0.466050800163418,0.512954112695259,0.000826923189663689,0.000145903565410494,0.252464368505385,0.247087793442809
20280001,20284001,25,298,2064.92380221153,0.465988377976895,0.513339420208328,0.000824578544870842,0.000145489934163043,0.252464368505385,0.247087793442809
20280001,20284001,25,299,2064.64864893879,0.465926284534455,0.513723582688515,0.000822246377644104,0.000145078503770602,0.252464368505385,0.247087793442809
20280001,20284001,25,300,2064.37494120916,0.465864517305642,0.51410660669492,0.000819926527235573,0.000144669245881553,0.252464368505385,0.247087793442809
20280001,20284001,25,301,2064.10266796239,0.46580307379451,0.514488498709421,0.000817618836911537,0.000144262132852334,0.252464368505385,0.247087793442809
20280001,20284001,25,302,2063.83181828749,0.46574195153879,0.514869265137833,0.000815323153952325,0.000143857137747416,0.252464368505385,0.247087793442809
20280001,20284001,25,303,2063.56238141908,0.465681148109073,0.515248912311078,0.000813039329646506,0.000143454234338279,0.252464368505385,0.247087793442809
20280001,20284001,25,304,2063.29434673379,0.465620661108,0.515627446486339,0.000810767219279244,0.000143053397101369,0.252464368505385,0.247087793442809
20280001,20284001,25,305,2063.02770374673,0.465560488169462,0.516004873848221,0.000808506682115218,0.000142654601215079,0.252464368505385,0.247087793442809
20280001,20284001,25,306,2062.76244210802,0.465500626957814,0.516381200509914,0.000806257581375887,0.000142257822555748,0.252464368505385,0.247087793442809
20280001,20284001,25,307,2062.4985515993,0.465441075167092,0.516756432514338,0.000804019784211943,0.0001418630376928,0.252464368505385,0.247087793442809
20280001,20284001,25,308,2062.23602213035,0.465381830520255,0.517130575835299,0.000801793161670141,0.000141470223882898,0.252464368505385,0.247087793442809
20280001,20284001,25,309,2061.97484373579,0.46532289076843,0.517503636378635,0.000799577588655565,0.000141079359063284,0.252464368505385,0.247087793442809
20280001,20284001,25,310,2061.7150065718,0.465264253690171,0.517875619983357,0.000797372943888993,0.00014069042184427,0.252464368505385,0.247087793442809
20280001,20284001,25,311,2061.45650091285,0.465205917090738,0.518246532422789,0.000795179109859965,0.000140303391500949,0.252464368505385,0.247087793442809
20280001,20284001,25,312,2061.19931714862,0.46514787880138,0.518616379405698,0.000792995972775324,0.000139918247964128,0.252464368505385,0.247087793442809
20280001,20284001,25,313,2060.94344578087,0.465090136678644,0.518985166577417,0.000790823422503789,0.000139534971810548,0.252464368505385,0.247087793442809
20280001,20284001,25,314,2060.68887742044,0.46503268860369,0.519352899520969,0.000788661352516835,0.000139153544252456,0.252464368505385,0.247087793442809
20280001,20284001,25,315,2060.43560278427,0.464975532481626,0.519719583758176,0.000786509659825841,0.000138773947126521,0.252464368505385,0.247087793442809
20280001,20284001,25,316,2060.18361269254,0.464918666240856,0.520085224750762,0.000784368244915919,0.000138396162882157,0.252464368505385,0.247087793442809
20280001,20284001,25,317,2059.93289806586,0.464862087832442,0.520449827901447,0.00078223701167673,0.000138020174569328,0.252464368505385,0.247087793442809
20280001,20284001,25,318,2059.68344992248,0.464805795229491,0.520813398555037,0.000780115867330396,0.000137645965825822,0.252464368505385,0.247087793442809
20280001,20284001,25,319,2059.43525937567,0.464749786426545,0.521175941999498,0.000778004722356858,0.000137273520864092,0.252464368505385,0.247087793442809
20280001,20284001,25,320,2059.18831763109,0.464694059438999,0.521537463467025,0.000775903490416705,0.00013690282445764,0.252464368505385,0.247087793442809
20280001,20284001,30,10,4751.6644124297,1,0.299258753363767,NaN,NaN,0.252348075792627,0.247087793442809
20280001,20284001,30,11,3807.89381941166,0.801381050701043,0.26995419272902,0.0610575886712601,0.0108573571525601,0.252348075792627,0.247087793442809
20280001,20284001,30,12,3398.47323734757,0.715217435906802,0.253408686744572,0.039718930514112,0.00703776618068668,0.252348075792627,0.247087793442809
20280001,20284001,30,13,3153.9510186216,0.663757105904049,0.243155314402419,0.0308485425446696,0.00545683795449468,0.252348075792627,0.247087793442809
20280001,20284001,30,14,2988.55470086569,0.628949025324273,0.236786689193293,0.0255549571415328,0.00451601812168504,0.252348075792627,0.247087793442809
20280001,20284001,30,15,2866.71845260837,0.603308273435605,0.232986100530795,0.0220302239448967,0.00389074946186984,0.252348075792627,0.247087793442809
20280001,20284001,30,16,2771.02125842242,0.583168552723086,0.230956074168931,0.0195316539375996,0.00344808458827384,0.252348075792627,0.247087793442809
20280001,20284001,30,17,2692.32478918311,0.566606678312626,0.230186739703375,0.0176533968311084,0.00311563142990665,0.252348075792627,0.247087793442809
20280001,20284001,30,18,2625.5776392357,0.552559568888651,0.230336374943962,0.0161601469020374,0.00285152001305955,0.252348075792627,0.247087793442809
20280001,20284001,30,19,2567.79750694828,0.540399591400284,0.231165657512057,0.0149214066085856,0.00263255349211463,0.252348075792627,0.247087793442809
20280001,20284001,30,20,2517.07184301905,0.529724244926627,0.232501173032374,0.0138679600841716,0.00244642785341792,0.252348075792627,0.247087793442809
20280001,20284001,30,21,2472.08200442229,0.520256017650502,0.234214563036291,0.012957073693925,0.00228555035367522,0.252348075792627,0.247087793442809
20280001,20284001,30,22,2431.8742125042,0.511794184400471,0.236209432909997,0.012156795538299,0.00214425131677803,0.252348075792627,0.247087793442809
20280001,20284001,30,23,2395.73550989467,0.504188701463797,0.238412368662992,0.0114426991063444,0.00201820064417912,0.252348075792627,0.247087793442809
20280001,20284001,30,24,2363.11419052635,0.497323460879259,0.240766630230717,0.0107976106864422,0.00190435485237289,0.252348075792627,0.247087793442809
20280001,20284001,30,25,2333.56529646896,0.491104820105703,0.243227837377431,0.0102105924353894,0.00180077492667194,0.252348075792627,0.247087793442809
20280001,20284001,30,26,2306.71764412245,0.485454662599573,0.245761051630041,0.00967431052330948,0.00170616050856561,0.252348075792627,0.247087793442809
20280001,20284001,30,27,2282.25625002013,0.480306699279953,0.248338701454417,0.00918280539839336,0.00161945567117987,0.252348075792627,0.247087793442809
20280001,20284001,30,28,2259.91142129873,0.475604172589948,0.250939012934884,0.00873094204913882,0.00153975133198634,0.252348075792627,0.247087793442809
20280001,20284001,30,29,2239.44994444634,0.471298002145995,0.253544808477035,0.00831456924610675,0.00146631288834463,0.252348075792627,0.247087793442809
20280001,20284001,30,30,2220.66795976948,0.467345285151139,0.256142598333803,0.00793041899241934,0.00139856216866084,0.252348075792627,0.247087793442809
20280001,20284001,30,31,2203.38582062709,0.463708214507603,0.258721885928407,0.00757577388944551,0.00133601855966587,0.252348075792627,0.247087793442809
20280001,20284001,30,32,2187.44456008384,0.460353335214875,0.2612746166587,0.00724820767454795,0.00127825311662042,0.252348075792627,0.247087793442809
20280001,20284001,30,33,2172.70331110557,0.457251001443216,0.263794725441214,0.00694548319694152,0.0012248704893845,0.252348075792627,0.247087793442809
20280001,20284001,30,34,2159.03721966328,0.454374937341017,0.26627776000131,0.00666553508738782,0.00117550581325909,0.252348075792627,0.247087793442809
20280001,20284001,30,35,2146.3356479566,0.451701858898554,0.268720567366273,0.00640646310838521,0.00112982349796246,0.252348075792627,0.247087793442809
20280001,20284001,30,36,2134.50059726795,0.449211142033597,0.271121034230247,0.00616651470578693,0.00108751411980869,0.252348075792627,0.247087793442809
20280001,20284001,30,37,2123.44530640436,0.446884527629881,0.273477872977215,0.00594406848501986,0.00104829148181156,0.252348075792627,0.247087793442809
20280001,20284001,30,38,2113.09298215239,0.444705854358072,0.275790446290588,0.00573762877905905,0.00101189163394019,0.252348075792627,0.247087793442809
20280001,20284001,30,39,2103.37563491188,0.442660813631902,0.27805862438835,0.00554582671086932,0.000978073042514294,0.252348075792627,0.247087793442809
20280001,20284001,30,40,2094.23301718171,0.440736726209765,0.280282669633485,0.00536741788957638,0.000946616169490529,0.252348075792627,0.247087793442809
20280001,20284001,30,41,2085.61167459355,0.438922342482327,0.282463143706525,0.00520127274455353,0.000917321756586108,0.252348075792627,0.247087793442809
20280001,20284001,30,42,2077.46411523855,0.437207667655189,0.284600833024658,0.00504636213815778,0.000890008279482039,0.252348075792627,0.247087793442809
20280001,20284001,30,43,2069.74809263814,0.43558381084825,0.286696688769566,0.00490174262290002,0.000864509341523916,0.252348075792627,0.247087793442809
20280001,20284001,30,44,2062.42598949824,0.434042855405196,0.288751778628048,0.00476654414818874,0.000840671501122151,0.252348075792627,0.247087793442809
20280001,20284001,30,45,2055.46428589094,0.432577746970962,0.290767248007023,0.00463996119070695,0.000818352704197189,0.252348075792627,0.247087793442809
20280001,20284001,30,46,2048.83309565715,0.431182195926481,0.292744288996756,0.00452124724260999,0.000797421309718347,0.252348075792627,0.247087793442809
20280001,20284001,30,47,2042.50575702984,0.42985059123429,0.294684115735359,0.0044097120650007,0.000777755603580866,0.252348075792627,0.247087793442809
20280001,20284001,30,48,2036.45846666242,0.42857792341886,0.296587945106114,0.00430472076473421,0.000759243634516242,0.252348075792627,0.247087793442809
20280001,20284001,30,49,2030.66994967925,0.427359715127881,0.29845698190039,0.00420569356616233,0.000741783172901575,0.252348075792627,0.247087793442809
20280001,20284001,30,50,2025.1211614244,0.426191958364517,0.300292407718657,0.00411210522907243,0.000725281607416551,0.252348075792627,0.247087793442809
20280001,20284001,30,51,2019.79501878698,0.425071057944134,0.302095372975499,0.00402348341052983,0.000709655655624993,0.252348075792627,0.247087793442809
20280001,20284001,30,52,2014.67616011874,0.423993780968334,0.303866991439871,0.00393940574375647,0.000694830848425523,0.252348075792627,0.247087793442809
20280001,20284001,30,53,2009.75073294403,0.422957212147979,0.305608336796633,0.00385949582806783,0.000680740822560206,0.252348075792627,0.247087793442809
20280001,20284001,30,54,2005.00620823582,0.421958714717101,0.307320440771996,0.00378341856652658,0.00066732649817221,0.252348075792627,0.247087793442809
20280001,20284001,30,55,2000.4312193919,0.42099589654502,0.309004292428711,0.00371087533167503,0.00065453522611625,0.252348075792627,0.247087793442809
20280001,20284001,30,56,1996.0154235021,0.420066580939681,0.310660838304872,0.00364159934257152,0.00064231997259594,0.252348075792627,0.247087793442809
20280001,20284001,30,57,1991.74938220804,0.419168781574284,0.312290983137978,0.00357535148218646,0.000630638581512265,0.252348075792627,0.247087793442809
20280001,20284001,30,58,1987.62445943865,0.418300680965453,0.313895590977983,0.00351191664015333,0.000619453129500177,0.252348075792627,0.247087793442809
20280001,20284001,30,59,1983.63273349203,0.417460611970645,0.315475486545627,0.00345110056621368,0.000608729371055219,0.252348075792627,0.247087793442809
20280001,20284001,30,60,1979.76692123454,0.416647041835644,0.317031456734026,0.00339272717017582,0.000598436262420188,0.252348075792627,0.247087793442809
20280001,20284001,30,61,1976.02031251801,0.415858558392511,0.31856425218264,0.00333663619407094,0.000588545551116598,0.252348075792627,0.247087793442809
20280001,20284001,30,62,1972.38671322306,0.415093858072884,0.320074588875134,0.00328268119513344,0.000579031420291137,0.252348075792627,0.247087793442809
20280001,20284001,30,63,1968.86039559408,0.414351735455857,0.321563149728281,0.00323072779915504,0.000569870180739902,0.252348075792627,0.247087793442809
20280001,20284001,30,64,1965.43605473859,0.413631074113165,0.323030586150075,0.00318065220193599,0.000561040006680565,0.252348075792627,0.247087793442809
20280001,20284001,30,65,1962.10877032858,0.412930838549114,0.324477519553106,0.00313233990649364,0.000552520713096626,0.252348075792627,0.247087793442809
20280001,20284001,30,66,1958.87397267838,0.412250067061605,0.325904542815078,0.00308568468459756,0.000544293572638961,0.252348075792627,0.247087793442809
20280001,20284001,30,67,1955.72741249549,0.411587865376095,0.327312221682796,0.00304058774557211,0.000536341169077521,0.252348075792627,0.247087793442809
20280001,20284001,30,68,1952.66513371241,0.410943400928,0.328701096119183,0.0029969570870611,0.000528647282841463,0.252348075792627,0.247087793442809
20280001,20284001,30,69,1949.68344891382,0.410315897691284,0.330071681595161,0.00295470699527965,0.00052119680292126,0.252348075792627,0.247087793442809
20280001,20284001,30,70,1946.7789169708,0.409704631471509,0.331424470329532,0.00291375765857908,0.000513975658753438,0.252348075792627,0.247087793442809
20280001,20284001,30,71,1943.94832258022,0.409108925599864,0.332759932480553,0.00287403485870012,0.000506970765805274,0.252348075792627,0.247087793442809
20280001,20284001,30,72,1941.18865748068,0.408528146979992,0.334078517292767,0.0028354697083264,0.000500169979323751,0.252348075792627,0.247087793442809
20280001,20284001,30,73,1938.49710317345,0.40796170245159,0.335380654202168,0.00279799841014566,0.000493562051876134,0.252348075792627,0.247087793442809
20280001,20284001,30,74,1935.87101502034,0.407409035443743,0.336666753901982,0.00276156202006676,0.000487136591621815,0.252348075792627,0.247087793442809
20280001,20284001,30,75,1933.30790761899,0.406869622897131,0.337937209370604,0.00272610620425563,0.000480884019492281,0.252348075792627,0.247087793442809
20280001,20284001,30,76,1930.80544137548,0.406342972438196,0.339192396862467,0.00269158098542434,0.000474795524473843,0.252348075792627,0.247087793442809
20280001,20284001,30,77,1928.36141020435,0.405828619790578,0.340432676862045,0.00265794047798939,0.000468863016925425,0.252348075792627,0.247087793442809
20280001,20284001,30,78,1925.97373029162,0.405326126410262,0.341658395000773,0.00262514261434962,0.000463079080328238,0.252348075792627,0.247087793442809
20280001,20284001,30,79,1923.6404298586,0.404835077331351,0.34286988293643,0.00259314886589245,0.000457436922103785,0.252348075792627,0.247087793442809
20280001,20284001,30,80,1921.3596398651,0.404355079209526,0.344067459194392,0.00256192396279289,0.000451930324217055,0.252348075792627,0.247087793442809
20280001,20284001,30,81,1919.12958559039,0.403885758550248,0.345251429970167,0.00253143561657661,0.00044655359426529,0.252348075792627,0.247087793442809
20280001,20284001,30,82,1916.94857903087,0.403426760108815,0.346422089892684,0.00250165424905576,0.000441301517688832,0.252348075792627,0.247087793442809
20280001,20284001,30,83,1914.8150120532,0.402977745449429,0.347579722747951,0.00247255273079268,0.000436169311660578,0.252348075792627,0.247087793442809
20280001,20284001,30,84,1912.72735024283,0.402538391650598,0.348724602162824,0.00244410613179183,0.000431152581130379,0.252348075792627,0.247087793442809
20280001,20284001,30,85,1910.68412738857,0.402108390144405,0.34985699224887,0.00241629148668496,0.000426247277423979,0.252348075792627,0.247087793442809
20280001,20284001,30,86,1908.68394054536,0.401687445677456,0.350977148206472,0.00238908757624887,0.000421449659721026,0.252348075792627,0.247087793442809
20280001,20284001,30,87,1906.72544561916,0.401275275381702,0.352085316889609,0.0023624747266544,0.000416756259659012,0.252348075792627,0.247087793442809
20280001,20284001,30,88,1904.80735341988,0.400871607943769,0.353181737331954,0.00233643462737636,0.000412163849227234,0.252348075792627,0.247087793442809
20280001,20284001,30,89,1902.92842613092,0.400476182861971,0.35426664123521,0.00231095016819757,0.000407669412027363,0.252348075792627,0.247087793442809
20280001,20284001,30,90,1901.08747414692,0.400088749780801,0.355340253420838,0.00228600529523063,0.000403270117887298,0.252348075792627,0.247087793442809
20280001,20284001,30,91,1899.2833532346,0.399709067893418,0.356402792246571,0.00226158488538839,0.000398963300728061,0.252348075792627,0.247087793442809
20280001,20284001,30,92,1897.51496197536,0.399336905403446,0.357454469989317,0.00223767463828674,0.000394746439504594,0.252348075792627,0.247087793442809
20280001,20284001,30,93,1895.78123945242,0.398972039038219,0.35849549319621,0.00221426098419118,0.00039061714197568,0.252348075792627,0.247087793442809
20280001,20284001,30,94,1894.08116314925,0.398614253606504,0.359526063005741,0.00219133100634279,0.000386573131009458,0.252348075792627,0.247087793442809
20280001,20284001,30,95,1892.41374703043,0.398263341594608,0.360546375440928,0.00216887237582917,0.000382612233101107,0.252348075792627,0.247087793442809
20280001,20284001,30,96,1890.77803977986,0.397919102795611,0.361556621676605,0.00214687329710331,0.000378732368768105,0.252348075792627,0.247087793442809
20280001,20284001,30,97,1889.17312317538,0.397581343967298,0.362556988282831,0.00212532246228708,0.000374931544494485,0.252348075792627,0.247087793442809
20280001,20284001,30,98,1887.59811058211,0.397249878515078,0.363547657446442,0.00210420901251302,0.000371207845916087,0.252348075792627,0.247087793442809
20280001,20284001,30,99,1886.05214555009,0.396924526196851,0.364528807172672,0.00208352250473328,0.000367559431969728,0.252348075792627,0.247087793442809
20280001,20284001,30,100,1884.53440050442,0.396605112847351,0.365500611468665,0.00206325288264243,0.000363984529767604,0.252348075792627,0.247087793442809
20280001,20284001,30,101,1883.04407551847,0.396291470119961,0.366463240510592,0.00204339045059451,0.000360481429999482,0.252348075792627,0.247087793442809
20280001,20284001,30,102,1881.58039716248,0.3959834352444,0.367416860795975,0.00202392584963259,0.000357048482707168,0.252348075792627,0.247087793442809
20280001,20284001,30,103,1880.14261742139,0.395680850798975,0.368361635282641,0.00200485003497131,0.000353684093314955,0.252348075792627,0.247087793442809
20280001,20284001,30,104,1878.73001267687,0.395383564496342,0.369297723515643,0.00198615425447405,0.000350386718835238,0.252348075792627,0.247087793442809
20280001,20284001,30,105,1877.34188274925,0.395091428981892,0.370225281743326,0.00196783002783742,0.000347154864198602,0.252348075792627,0.247087793442809
20280001,20284001,30,106,1875.97754999582,0.394804301643971,0.371144463023602,0.00194986912633511,0.000343987078682388,0.252348075792627,0.247087793442809
20280001,20284001,30,107,1874.63635846211,0.394522044435276,0.372055417321385,0.00193226355308205,0.000340881952430793,0.252348075792627,0.247087793442809
20280001,20284001,30,108,1873.31767308325,0.394244523704771,0.372958291598042,0.00191500552385795,0.000337838113073486,0.252348075792627,0.247087793442809
20280001,20284001,30,109,1872.02087893246,0.393971610039529,0.373853229893605,0.00189808744858287,0.000334854222459066,0.252348075792627,0.247087793442809
20280001,20284001,30,110,1870.74538051379,0.3937031781159,0.374740373402446,0.00188150191356862,0.000331928973525259,0.252348075792627,0.247087793442809
20280001,20284001,30,111,1869.49060109655,0.393439106559424,0.375619860543008,0.00186524166468449,0.000329061087330262,0.252348075792627,0.247087793442809
20280001,20284001,30,112,1868.25598208834,0.393179277812895,0.376491827022155,0.00184929959157563,0.000326249310269716,0.252348075792627,0.247087793442809
20280001,20284001,30,113,1867.0409824442,0.392923578012007,0.377356405894653,0.00183366871306527,0.000323492411502394,0.252348075792627,0.247087793442809
20280001,20284001,30,114,1865.84507810882,0.392671896867975,0.378213727618225,0.00181834216385403,0.000320789180604666,0.252348075792627,0.247087793442809
20280001,20284001,30,115,1864.66776148937,0.392424127556579,0.379063920104622,0.00180331318261214,0.000318138425470608,0.252348075792627,0.247087793442809
20280001,20284001,30,116,1863.50854095593,0.392180166613039,0.3799071087671,0.00178857510153563,0.000315538970470336,0.252348075792627,0.247087793442809
20280001,20284001,30,117,1862.36694036713,0.391939913832179,0.380743416564665,0.00177412133741582,0.000312989654875251,0.252348075792627,0.247087793442809
20280001,20284001,30,118,1861.24249861829,0.391703272173334,0.381572964043437,0.00175994538424607,0.000310489331554449,0.252348075792627,0.247087793442809
20280001,20284001,30,119,1860.13476920969,0.391470147669485,0.382395869375459,0.0017460408073673,0.000308036865942566,0.252348075792627,0.247087793442809
20280001,20284001,30,120,1859.04331983251,0.391240449340132,0.383212248395249,0.001732401239131,0.000305631135275296,0.252348075792627,0.247087793442809
20280001,20284001,30,121,1857.96773197045,0.391014089107443,0.384022214634393,0.00171902037603719,0.000303271028085103,0.252348075792627,0.247087793442809
20280001,20284001,30,122,1856.9076005148,0.390790981715246,0.384825879354443,0.00170589197728549,0.000300955443946204,0.252348075792627,0.247087793442809
20280001,20284001,30,123,1855.86253339115,0.390571044650475,0.385623351578386,0.00169300986465897,0.000298683293454667,0.252348075792627,0.247087793442809
20280001,20284001,30,124,1854.83215119609,0.390354198066705,0.386414738120929,0.00168036792364575,0.00029645349842684,0.252348075792627,0.247087793442809
20280001,20284001,30,125,1853.81608684227,0.390140364709457,0.387200143617814,0.00166796010568758,0.000294264992296612,0.252348075792627,0.247087793442809
20280001,20284001,30,126,1852.81398521056,0.389929469842999,0.387979670554404,0.00165578043143501,0.000292116720690212,0.252348075792627,0.247087793442809
20280001,20284001,30,127,1851.82550280815,0.389721441178387,0.388753419293712,0.00164382299487783,0.000290007642155435,0.252348075792627,0.247087793442809
20280001,20284001,30,128,1850.85030743159,0.389516208802545,0.389521488104087,0.00163208196821284,0.00028793672902092,0.252348075792627,0.247087793442809
20280001,20284001,30,129,1849.8880778339,0.389313705108224,0.390283973186699,0.00162055160730638,0.000285902968360349,0.252348075792627,0.247087793442809
20280001,20284001,30,130,1848.93850339535,0.389113864724702,0.391040968703008,0.00160922625760613,0.000283905363035887,0.252348075792627,0.247087793442809
20280001,20284001,30,131,1848.0012837972,0.388916624449127,0.391792566802334,0.00159810036035646,0.000281942932795182,0.252348075792627,0.247087793442809
20280001,20284001,30,132,1847.07612869826,0.388721923178447,0.392538857649661,0.00158716845897331,0.000280014715396466,0.252348075792627,0.247087793442809
20280001,20284001,30,133,1846.16275741405,0.388529701841895,0.393279929453786,0.00157642520543878,0.000278119767737158,0.252348075792627,0.247087793442809
20280001,20284001,30,134,1845.26089859862,0.388339903334013,0.394015868495899,0.00156586536658031,0.000276257166962065,0.252348075792627,0.247087793442809
20280001,20284001,30,135,1844.37028992899,0.38815247244826,0.394746759158671,0.00155548383010853,0.00027442601152901,0.252348075792627,0.247087793442809
20280001,20284001,30,136,1843.49067779263,0.387967355811222,0.395472683955909,0.00154527561029531,0.000272625422210979,0.252348075792627,0.247087793442809
20280001,20284001,30,137,1842.62181697806,0.387784501817513,0.396193723562815,0.00153523585318565,0.000270854543016002,0.252348075792627,0.247087793442809
20280001,20284001,30,138,1841.76347036913,0.387603860565433,0.396909956846891,0.00152535984124864,0.000269112542008081,0.252348075792627,0.247087793442809
20280001,20284001,30,139,1840.91540864341,0.387425383793484,0.397621460899475,0.00151564299738638,0.000267398612014822,0.252348075792627,0.247087793442809
20280001,20284001,30,140,1840.07740997508,0.387249024817849,0.398328311067929,0.00150608088823365,0.000265711971209944,0.252348075792627,0.247087793442809
20280001,20284001,30,141,1839.24925974295,0.38707473847095,0.399030580988443,0.00149666922669717,0.000264051863561627,0.252348075792627,0.247087793442809
20280001,20284001,30,142,1838.4307502442,0.386902481041195,0.399728342619433,0.00148740387369853,0.000262417559140347,0.252348075792627,0.247087793442809
20280001,20284001,30,143,1837.62168041431,0.386732210214034,0.400421666275483,0.00147828083910023,0.000260808354282611,0.252348075792627,0.247087793442809
20280001,20284001,30,144,1836.82185555374,0.386563885014452,0.401110620661777,0.00146929628181127,0.000259223571609909,0.252348075792627,0.247087793442809
20280001,20284001,30,145,1836.03108706198,0.386397465750985,0.401795272908961,0.00146044650908267,0.000257662559904777,0.252348075792627,0.247087793442809
20280001,20284001,30,146,1835.24919217934,0.386232913961386,0.40247568860835,0.00145172797501866,0.000256124693848449,0.252348075792627,0.247087793442809
20280001,20284001,30,147,1834.47599373703,0.386070192360028,0.403151931847415,0.00144313727834215,0.000254609373626968,0.252348075792627,0.247087793442809
20280001,20284001,30,148,1833.71131991587,0.385909264787121,0.403824065245451,0.00143467115946478,0.00025311602441458,0.252348075792627,0.247087793442809
20280001,20284001,30,149,1832.95500401395,0.38575009615982,0.40449214998934,0.00142632649692197,0.000251644095745104,0.252348075792627,0.247087793442809
20280001,20284001,30,150,1832.20688422358,0.385592652425281,0.405156245869326,0.00141810030324193,0.000250193060783443,0.252348075792627,0.247087793442809
20280001,20284001,30,151,1831.46680341766,0.3854369005157,0.405816411314699,0.00140998972032252,0.000248762415510233,0.252348075792627,0.247087793442809
20280001,20284001,30,152,1830.73460894559,0.385282808305368,0.406472703429299,0.00140199201439527,0.000247351677833682,0.252348075792627,0.247087793442809
20280001,20284001,30,153,1830.01015243887,0.38513034456975,0.407125178026753,0.00139410457065648,0.000245960386642649,0.252348075792627,0.247087793442809
20280001,20284001,30,154,1829.29328962622,0.384979478946585,0.407773889665364,0.00138632488764573,0.000244588100815157,0.252348075792627,0.247087793442809
20280001,20284001,30,155,1828.58388015828,0.38483018189899,0.408418891682553,0.00137865057145039,0.000243234398196204,0.252348075792627,0.247087793442809
20280001,20284001,30,156,1827.88178744168,0.384682424680537,0.409060236228804,0.00137107932981058,0.000241898874557999,0.252348075792627,0.247087793442809
20280001,20284001,30,157,1827.18687848223,0.38453617930226,0.409697974301012,0.00136360896619486,0.000240581142555026,0.252348075792627,0.247087793442809
20280001,20284001,30,158,1826.49902373714,0.38439141850154,0.4103321557752,0.0013562373739102,0.000239280830685164,0.252348075792627,0.247087793442809
20280001,20284001,30,159,1825.81809697572,0.384248115712808,0.410962829438522,0.00134896253030379,0.000237997582266967,0.252348075792627,0.247087793442809
20280001,20284001,30,160,1825.14397514851,0.384106245039988,0.411590043020528,0.00134178249110655,0.000236731054441978,0.252348075792627,0.247087793442809
20280001,20284001,30,161,1824.47653826429,0.383965781230617,0.412213843223627,0.00133469538496077,0.000235480917209481,0.252348075792627,0.247087793442809
20280001,20284001,30,162,1823.81566927459,0.383826699651545,0.412834275752735,0.00132769940816707,0.00023424685249997,0.252348075792627,0.247087793442809
20280001,20284001,30,163,1823.16125396546,0.383688976266152,0.413451385344059,0.00132079281967854,0.00023302855329219,0.252348075792627,0.247087793442809
20280001,20284001,30,164,1822.51318085588,0.383552587612972,0.414065215793021,0.00131397393636279,0.000231825722777464,0.252348075792627,0.247087793442809
20280001,20284001,30,165,1821.87134110261,0.383417510785663,0.41467580998129,0.00130724112854709,0.000230638073573931,0.252348075792627,0.247087793442809
20280001,20284001,30,166,1821.23562841087,0.383283723414215,0.415283209902926,0.00130059281585485,0.000229465326992188,0.252348075792627,0.247087793442809
20280001,20284001,30,167,1820.60593895061,0.383151203647327,0.415887456689635,0.00129402746333759,0.000228307212353053,0.252348075792627,0.247087793442809
20280001,20284001,30,168,1819.98217127789,0.383019930135864,0.416488590635128,0.00128754357790213,0.000227163466357413,0.252348075792627,0.247087793442809
20280001,20284001,30,169,1819.36422626105,0.382889882017308,0.417086651218608,0.00128113970502812,0.000226033832507269,0.252348075792627,0.247087793442809
20280001,20284001,30,170,1818.75200701119,0.382761038901146,0.417681677127392,0.00127481442576892,0.000224918060576784,0.252348075792627,0.247087793442809
20280001,20284001,30,171,1818.1454188168,0.382633380855093,0.418273706278682,0.00126856635402634,0.000223815906131621,0.252348075792627,0.247087793442809
20280001,20284001,30,172,1817.54436908201,0.38250688839211,0.418862775840505,0.00126239413408662,0.000222727130094385,0.252348075792627,0.247087793442809
20280001,20284001,30,173,1816.94876726828,0.382381542458132,0.41944892225185,0.00125629643840589,0.000221651498354046,0.252348075792627,0.247087793442809
20280001,20284001,30,174,1816.35852483925,0.382257324420451,0.420032181242024,0.00125027196562989,0.000220588781416719,0.252348075792627,0.247087793442809
20280001,20284001,30,175,1815.77355520833,0.382134216056698,0.420612587849248,0.00124431943883424,0.00021953875409531,0.252348075792627,0.247087793442809
20280001,20284001,30,176,1815.19377368897,0.38201219954437,0.421190176438528,0.00123843760396956,0.000218501195235335,0.252348075792627,0.247087793442809
20280001,20284001,30,177,1814.61909744725,0.381891257450854,0.421764980718825,0.00123262522849759,0.000217475887474398,0.252348075792627,0.247087793442809
20280001,20284001,30,178,1814.04944545657,0.381771372723896,0.422337033759553,0.00122688110020232,0.000216462617032568,0.252348075792627,0.247087793442809
20280001,20284001,30,179,1813.48473845439,0.38165252868249,0.422906368006439,0.00122120402616292,0.000215461173531277,0.252348075792627,0.247087793442809
20280001,20284001,30,180,1812.92489890062,0.381534709008124,0.423473015296762,0.00121559283187384,0.000214471349838183,0.252348075792627,0.247087793442809
20280001,20284001,30,181,1812.36985093766,0.381417897736371,0.424037006874016,0.00121004636049878,0.000213492941935659,0.252348075792627,0.247087793442809
20280001,20284001,30,182,1811.81952035189,0.381302079248784,0.424598373402014,0.00120456347224629,0.000212525748810716,0.252348075792627,0.247087793442809
20280001,20284001,30,183,1811.27383453645,0.381187238265061,0.425157144978464,0.00119914304385402,0.00021156957236411,0.252348075792627,0.247087793442809
20280001,20284001,30,184,1810.73272245521,0.381073359835469,0.425713351148043,0.0011937839681712,0.000210624217336762,0.252348075792627,0.247087793442809
20280001,20284001,30,185,1810.19611460786,0.380960429333485,0.426267020915003,0.00118848515382764,0.000209689491251446,0.252348075792627,0.247087793442809
20280001,20284001,30,186,1809.66394299587,0.380848432448647,0.426818182755322,0.00118324552497989,0.000208765204368088,0.252348075792627,0.247087793442809
20280001,20284001,30,187,1809.13614108947,0.380737355179593,0.427366864628431,0.00117806402112484,0.000207851169650955,0.252348075792627,0.247087793442809
20280001,20284001,30,188,1808.61264379536,0.380627183827268,0.427913093988545,0.00117293959697217,0.000206947202746225,0.252348075792627,0.247087793442809
20280001,20284001,30,189,1808.09338742515,0.380517904988287,0.428456897795612,0.00116787122236734,0.000206053121968476,0.252348075792627,0.247087793442809
20280001,20284001,30,190,1807.5783096645,0.38040950554844,0.428998302525904,0.00116285788225785,0.000205168748294801,0.252348075792627,0.247087793442809
20280001,20284001,30,191,1807.06734954291,0.380301972676326,0.429537334182277,0.00115789857669601,0.000204293905365364,0.252348075792627,0.247087793442809
20280001,20284001,30,192,1806.56044740403,0.380195293817113,0.430074018304105,0.00115299232087129,0.00020342841948917,0.252348075792627,0.247087793442809
20280001,20284001,30,193,1806.05754487651,0.380089456686401,0.430608379976921,0.00114813814516731,0.000202572119654189,0.252348075792627,0.247087793442809
20280001,20284001,30,194,1805.55858484541,0.379984449264203,0.431140443841774,0.0011433350952373,0.000201724837540717,0.252348075792627,0.247087793442809
20280001,20284001,30,195,1805.06351142397,0.379880259789007,0.431670234104319,0.00113858223209395,0.000200886407537304,0.252348075792627,0.247087793442809
20280001,20284001,30,196,1804.57226992593,0.379776876751948,0.432197774543656,0.0011338786322087,0.000200056666758307,0.252348075792627,0.247087793442809
20280001,20284001,30,197,1804.08480683817,0.379674288891053,0.432723088520934,0.0011292233876168,0.0001992354550625,0.252348075792627,0.247087793442809
20280001,20284001,30,198,1803.60106979383,0.379572485185583,0.433246198987726,0.00112461560602447,0.000198422615072016,0.252348075792627,0.247087793442809
20280001,20284001,30,199,1803.1210075458,0.379471454850448,0.433767128494196,0.00112005441091479,0.000197617992191098,0.252348075792627,0.247087793442809
20280001,20284001,30,200,1802.64456994053,0.379371187330709,0.434285899197072,0.00111553894164972,0.000196821434624126,0.252348075792627,0.247087793442809
20280001,20284001,30,201,1802.1717078923,0.379271672296147,0.434802532867413,0.00111106835356526,0.000196032793392474,0.252348075792627,0.247087793442809
20280001,20284001,30,202,1801.70237335777,0.379172899635919,0.435317050898219,0.00110664181805769,0.000195251922349756,0.252348075792627,0.247087793442809
20280001,20284001,30,203,1801.23651931096,0.379074859453285,0.43582947431185,0.0011022585226588,0.000194478678195153,0.252348075792627,0.247087793442809
20280001,20284001,30,204,1800.77409971853,0.378977542060411,0.436339823767299,0.00109791767109824,0.000193712920484451,0.252348075792627,0.247087793442809
20280001,20284001,30,205,1800.31506951545,0.378880937973245,0.436848119567299,0.00109361848335149,0.000192954511638549,0.252348075792627,0.247087793442809
20280001,20284001,30,206,1799.85938458103,0.378785037906475,0.437354381665299,0.0010893601956721,0.000192203316949186,0.252348075792627,0.247087793442809
20280001,20284001,30,207,1799.40700171529,0.378689832768555,0.437858629672282,0.00108514206060709,0.000191459204581695,0.252348075792627,0.247087793442809
20280001,20284001,30,208,1798.95787861575,0.378595313656817,0.438360882863469,0.00108096334699463,0.000190722045574635,0.252348075792627,0.247087793442809
20280001,20284001,30,209,1798.51197385451,0.378501471852653,0.438861160184878,0.00107682333994316,0.000189991713836142,0.252348075792627,0.247087793442809
20280001,20284001,30,210,1798.06924685576,0.378408298816782,0.439359480259776,0.00107272134079155,0.000189268086136933,0.252348075792627,0.247087793442809
20280001,20284001,30,211,1797.6296578737,0.378315786184594,0.439855861395003,0.00106865666705004,0.000188551042099919,0.252348075792627,0.247087793442809
20280001,20284001,30,212,1797.19316797075,0.378223925761579,0.440350321587187,0.00106462865232154,0.000187840464186358,0.252348075792627,0.247087793442809
20280001,20284001,30,213,1796.75973899626,0.378132709518833,0.440842878528856,0.00106063664620348,0.000187136237678563,0.252348075792627,0.247087793442809
20280001,20284001,30,214,1796.32933356555,0.378042129588656,0.441333549614432,0.00105668001417046,0.000186438250659229,0.252348075792627,0.247087793442809
20280001,20284001,30,215,1795.90191503941,0.377952178260229,0.441822351946136,0.00105275813743782,0.000185746393987397,0.252348075792627,0.247087793442809
20280001,20284001,30,216,1795.47744750394,0.377862847975379,0.442309302339787,0.00104887041280671,0.000185060561271141,0.252348075792627,0.247087793442809
20280001,20284001,30,217,1795.05589575088,0.37777413132444,0.442794417330512,0.00104501625249132,0.000184380648837117,0.252348075792627,0.247087793442809
20280001,20284001,30,218,1794.63722525832,0.377686021042185,0.443277713178351,0.00104119508392887,0.000183706555697061,0.252348075792627,0.247087793442809
20280001,20284001,30,219,1794.22140217186,0.377598510003868,0.443759205873785,0.00103740634957335,0.000183038183511428,0.252348075792627,0.247087793442809
20280001,20284001,30,220,1793.80839328615,0.377511591221341,0.444238911143165,0.00103364950667374,0.000182375436550282,0.252348075792627,0.247087793442809
20280001,20284001,30,221,1793.39816602698,0.377425257839274,0.44471684445406,0.00102992402703805,0.000181718221651688,0.252348075792627,0.247087793442809
20280001,20284001,30,222,1792.99068843363,0.377339503131453,0.445193021020512,0.00102622939678377,0.000181066448177717,0.252348075792627,0.247087793442809
20280001,20284001,30,223,1792.58592914182,0.377254320497185,0.44566745580822,0.00102256511607647,0.000180420027968323,0.252348075792627,0.247087793442809
20280001,20284001,30,224,1792.18385736703,0.377169703457788,0.446140163539624,0.00101893069885711,0.000179778875293284,0.252348075792627,0.247087793442809
20280001,20284001,30,225,1791.78444288822,0.377085645653166,0.446611158698924,0.0010153256725597,0.000179142906802376,0.252348075792627,0.247087793442809
20280001,20284001,30,226,1791.38765603207,0.377002140838492,0.447080455537008,0.00101174957782036,0.000178512041474087,0.252348075792627,0.247087793442809
20280001,20284001,30,227,1790.99346765757,0.376919182880967,0.447548068076302,0.00100820196817878,0.000177886200562944,0.252348075792627,0.247087793442809
20280001,20284001,30,228,1790.60184914114,0.376836765756683,0.448014010115548,0.0010046824097736,0.000177265307545793,0.252348075792627,0.247087793442809
20280001,20284001,30,229,1790.21277236205,0.376754883547564,0.448478295234495,0.00100119048103242,0.000176649288067128,0.252348075792627,0.247087793442809
20280001,20284001,30,230,1789.82620968844,0.376673530438408,0.448940936798519,0.000997725772358009,0.000176038069883731,0.252348075792627,0.247087793442809
20280001,20284001,30,231,1789.44213396355,0.37659270071401,0.449401947963163,0.000994287885811129,0.000175431582808739,0.252348075792627,0.247087793442809
20280001,20284001,30,232,1789.06051849257,0.376512388756376,0.449861341678603,0.000990876434791686,0.000174829758655399,0.252348075792627,0.247087793442809
20280001,20284001,30,233,1788.68133702976,0.376432589042023,0.450319130694037,0.000987491043718324,0.000174232531180547,0.252348075792627,0.247087793442809
20280001,20284001,30,234,1788.30456376603,0.376353296139363,0.450775327562,0.000984131347707947,0.000173639836028089,0.252348075792627,0.247087793442809
20280001,20284001,30,235,1787.93017331692,0.376274504706171,0.451229944642602,0.000980796992255611,0.000173051610672526,0.252348075792627,0.247087793442809
20280001,20284001,30,236,1787.55814071097,0.376196209487135,0.451682994107697,0.000977487632915319,0.000172467794362654,0.252348075792627,0.247087793442809
20280001,20284001,30,237,1787.18844137842,0.376118405311491,0.45213448794497,0.000974202934982826,0.00017188832806561,0.252348075792627,0.247087793442809
20280001,20284001,30,238,1786.82105114039,0.376041087090729,0.452584437961957,0.000970942573180512,0.000171313154411288,0.252348075792627,0.247087793442809
20280001,20284001,30,239,1786.45594619832,0.37596424981638,0.453032855789992,0.000967706231344957,0.000170742217637224,0.252348075792627,0.247087793442809
20280001,20284001,30,240,1786.09310312384,0.375887888557885,0.453479752888075,0.000964493602117806,0.000170175463534064,0.252348075792627,0.247087793442809
20280001,20284001,30,241,1785.73249884897,0.375811998460527,0.453925140546672,0.000961304386639843,0.000169612839391606,0.252348075792627,0.247087793442809
20280001,20284001,30,242,1785.37411065663,0.37573657474344,0.454369029891445,0.000958138294249194,0.000169054293945554,0.252348075792627,0.247087793442809
20280001,20284001,30,243,1785.01791617157,0.375661612697693,0.454811431886903,0.000954995042183186,0.000168499777324932,0.252348075792627,0.247087793442809
20280001,20284001,30,244,1784.66389335153,0.375587107684436,0.455252357339988,0.000951874355284605,0.000167949241000264,0.252348075792627,0.247087793442809
20280001,20284001,30,245,1784.31202047878,0.375513055133117,0.455691816903587,0.000948775965712402,0.000167402637732543,0.252348075792627,0.247087793442809
20280001,20284001,30,246,1783.96227615194,0.375439450539761,0.456129821079971,0.000945699612656769,0.000166859921522971,0.252348075792627,0.247087793442809
20280001,20284001,30,247,1783.61463927813,0.375366289465317,0.456566380224168,0.000942645042058897,0.000166321047563519,0.252348075792627,0.247087793442809
20280001,20284001,30,248,1783.2690890654,0.375293567534065,0.457001504547262,0.000939612006335509,0.000165785972188337,0.252348075792627,0.247087793442809
20280001,20284001,30,249,1782.9256050154,0.375221280432077,0.457435204119623,0.00093660026410828,0.000165254652826022,0.252348075792627,0.247087793442809
20280001,20284001,30,250,1782.58416691646,0.37514942390575,0.457867488874067,0.000933609579937914,0.000164727047952708,0.252348075792627,0.247087793442809
20280001,20284001,30,251,1782.24475483674,0.375077993760383,0.458298368608947,0.00093063972406349,0.000164203117046082,0.252348075792627,0.247087793442809
20280001,20284001,30,252,1781.90734911785,0.375006985858814,0.458727852991175,0.000927690472146489,0.000163682820540233,0.252348075792627,0.247087793442809
20280001,20284001,30,253,1781.57193036859,0.374936396120113,0.459155951559175,0.000924761605020288,0.00016316611978146,0.252348075792627,0.247087793442809
20280001,20284001,30,254,1781.23847945895,0.374866220518326,0.459582673725768,0.00092185290844451,0.000162652976984934,0.252348075792627,0.247087793442809
20280001,20284001,30,255,1780.90697751445,0.374796455081265,0.460008028780988,0.000918964172864749,0.00016214335519232,0.252348075792627,0.247087793442809
20280001,20284001,30,256,1780.57740591057,0.374727095889353,0.46043202589483,0.000916095193177661,0.000161637218230328,0.252348075792627,0.247087793442809
20280001,20284001,30,257,1780.24974626749,0.374658139074512,0.460854674119938,0.000913245768501165,0.000161134530670181,0.252348075792627,0.247087793442809
20280001,20284001,30,258,1779.92398044508,0.374589580819101,0.461275982394212,0.000910415701950601,0.000160635257788125,0.252348075792627,0.247087793442809
20280001,20284001,30,259,1779.60009053799,0.374521417354897,0.461695959543364,0.000907604800419863,0.000160139365526819,0.252348075792627,0.247087793442809
20280001,20284001,30,260,1779.27805887106,0.374453644962115,0.462114614283395,0.000904812874368808,0.000159646820457835,0.252348075792627,0.247087793442809
20280001,20284001,30,261,1778.95786799485,0.374386259968474,0.462531955223022,0.000902039737615897,0.000159157589745074,0.252348075792627,0.247087793442809
20280001,20284001,30,262,1778.6395006814,0.374319258748308,0.462947990866023,0.000899285207136925,0.000158671641109263,0.252348075792627,0.247087793442809
20280001,20284001,30,263,1778.32293992014,0.374252637721699,0.46336272961353,0.000896549102869636,0.000158188942793488,0.252348075792627,0.247087793442809
20280001,20284001,30,264,1778.00816891405,0.37418639335367,0.463776179766256,0.00089383124752453,0.000157709463529816,0.252348075792627,0.247087793442809
20280001,20284001,30,265,1777.69517107589,0.374120522153393,0.464188349526655,0.000891131466401337,0.000157233172506922,0.252348075792627,0.247087793442809
20280001,20284001,30,266,1777.38393002467,0.374055020673446,0.464599247001027,0.000888449587212269,0.000156760039338908,0.252348075792627,0.247087793442809
20280001,20284001,30,267,1777.07442958223,0.373989885509097,0.465008880201554,0.000885785439911083,0.000156290034035149,0.252348075792627,0.247087793442809
20280001,20284001,30,268,1776.76665377004,0.37392511329762,0.465417257048281,0.000883138856528789,0.000155823126971309,0.252348075792627,0.247087793442809
20280001,20284001,30,269,1776.46058680605,0.373860700717642,0.465824385371033,0.000880509671015595,0.00015535928886146,0.252348075792627,0.247087793442809
20280001,20284001,30,270,1776.15621310175,0.373796644488523,0.466230272911277,0.000877897719089477,0.000154898490731368,0.252348075792627,0.247087793442809
20280001,20284001,30,271,1775.85351725935,0.373732941369758,0.466634927323925,0.000875302838091192,0.000154440703892919,0.252348075792627,0.247087793442809
20280001,20284001,30,272,1775.55248406907,0.373669588160408,0.467038356179073,0.000872724866845945,0.000153985899919711,0.252348075792627,0.247087793442809
20280001,20284001,30,273,1775.25309850655,0.37360658169856,0.467440566963697,0.00087016364553177,0.000153534050623838,0.252348075792627,0.247087793442809
20280001,20284001,30,274,1774.9553457304,0.373543918860803,0.467841567083279,0.000867619015554298,0.0001530851280338,0.252348075792627,0.247087793442809
20280001,20284001,30,275,1774.65921107983,0.373481596561738,0.468241363863391,0.000865090819428694,0.000152639104373672,0.252348075792627,0.247087793442809
20280001,20284001,30,276,1774.36468007241,0.373419611753498,0.468639964551216,0.000862578900667844,0.000152195952043385,0.252348075792627,0.247087793442809
20280001,20284001,30,277,1774.0717384019,0.3733579614253,0.469037376317028,0.000860083103677883,0.00015175564360029,0.252348075792627,0.247087793442809
20280001,20284001,30,278,1773.78037193619,0.373296642603005,0.469433606255606,0.000857603273659998,0.000151318151741841,0.252348075792627,0.247087793442809
20280001,20284001,30,279,1773.49056671533,0.373235652348706,0.469828661387614,0.000855139256519354,0.000150883449289527,0.252348075792627,0.247087793442809
20280001,20284001,30,280,1773.20230894963,0.373174987760326,0.47022254866092,0.000852690898780906,0.000150451509174023,0.252348075792627,0.247087793442809
20280001,20284001,30,281,1772.91558501783,0.373114645971237,0.470615274951874,0.000850258047511892,0.000150022304421513,0.252348075792627,0.247087793442809
20280001,20284001,30,282,1772.63038146537,0.37305462414989,0.471006847066542,0.000847840550251414,0.000149595808141276,0.252348075792627,0.247087793442809
20280001,20284001,30,283,1772.34668500267,0.372994919499462,0.471397271741884,0.000845438254946768,0.000149171993514447,0.252348075792627,0.247087793442809
20280001,20284001,30,284,1772.06448250355,0.372935529257511,0.471786555646903,0.000843051009896884,0.000148750833784047,0.252348075792627,0.247087793442809
20280001,20284001,30,285,1771.78376100362,0.37287645069565,0.47217470538374,0.000840678663702582,0.000148332302246204,0.252348075792627,0.247087793442809
20280001,20284001,30,286,1771.50450769877,0.372817681119223,0.472561727488733,0.000838321065223764,0.000147916372242604,0.252348075792627,0.247087793442809
20280001,20284001,30,287,1771.22670994372,0.372759217866994,0.472947628433439,0.000835978063543719,0.000147503017154198,0.252348075792627,0.247087793442809
20280001,20284001,30,288,1770.95035525054,0.372701058310849,0.47333241462561,0.000833649507940258,0.000147092210396108,0.252348075792627,0.247087793442809
20280001,20284001,30,289,1770.6754312873,0.372643199855498,0.473716092410137,0.000831335247863767,0.000146683925413758,0.252348075792627,0.247087793442809
20280001,20284001,30,290,1770.40192587664,0.372585639938189,0.474098668069961,0.000829035132922301,0.000146278135680246,0.252348075792627,0.247087793442809
20280001,20284001,30,291,1770.12982699448,0.372528376028421,0.474480147826945,0.000826749012873597,0.00014587481469494,0.252348075792627,0.247087793442809
20280001,20284001,30,292,1769.85912276867,0.372471405627671,0.474860537842713,0.000824476737623818,0.000145473935983253,0.252348075792627,0.247087793442809
20280001,20284001,30,293,1769.5898014777,0.372414726269116,0.475239844219462,0.000822218157233167,0.000145075473097639,0.252348075792627,0.247087793442809
20280001,20284001,30,294,1769.3218515494,0.372358335517361,0.47561807300074,0.000819973121928229,0.000144679399619774,0.252348075792627,0.247087793442809
20280001,20284001,30,295,1769.05526155964,0.372302230968171,0.475995230172195,0.000817741482120921,0.000144285689163897,0.252348075792627,0.247087793442809
20280001,20284001,30,296,1768.79002023107,0.372246410248198,0.476371321662303,0.000815523088433979,0.000143894315381312,0.252348075792627,0.247087793442809
20280001,20284001,30,297,1768.52611643184,0.372190871014716,0.476746353343061,0.00081331779173271,0.000143505251965993,0.252348075792627,0.247087793442809
20280001,20284001,30,298,1768.26353917431,0.372135610955348,0.477120331030662,0.000811125443162923,0.000143118472661275,0.252348075792627,0.247087793442809
20280001,20284001,30,299,1768.00227761376,0.372080627787794,0.477493260486145,0.000808945894195058,0.000142733951267644,0.252348075792627,0.247087793442809
20280001,20284001,30,300,1767.7423210471,0.372025919259561,0.47786514741602,0.0008067789966737,0.000142351661651476,0.252348075792627,0.247087793442809
20280001,20284001,30,301,1767.48365891153,0.371971483147681,0.478235997472882,0.000804624602872854,0.000141971577754787,0.252348075792627,0.247087793442809
20280001,20284001,30,302,1767.22628078323,0.371917317258436,0.478605816255992,0.000802482565556172,0.000141593673605869,0.252348075792627,0.247087793442809
20280001,20284001,30,303,1766.97017637602,0.371863419427069,0.478974609311851,0.000800352738042349,0.000141217923330822,0.252348075792627,0.247087793442809
20280001,20284001,30,304,1766.71533553994,0.371809787517497,0.479342382134756,0.000798234974274665,0.00014084430116583,0.252348075792627,0.247087793442809
20280001,20284001,30,305,1766.46174825989,0.371756419422017,0.479709140167333,0.00079612912889486,0.000140472781470198,0.252348075792627,0.247087793442809
20280001,20284001,30,306,1766.20940465419,0.371703313061005,0.480074888801066,0.000794035057320486,0.000140103338739998,0.252348075792627,0.247087793442809
20280001,20284001,30,307,1765.95829497313,0.371650466382607,0.480439633376806,0.000791952615825872,0.00013973594762236,0.252348075792627,0.247087793442809
20280001,20284001,30,308,1765.70840959748,0.371597877362431,0.480803379185271,0.000789881661625333,0.000139370582930152,0.252348075792627,0.247087793442809
20280001,20284001,30,309,1765.45973903695,0.371545544003224,0.481166131467536,0.000787822052959056,0.00013900721965714,0.252348075792627,0.247087793442809
20280001,20284001,30,310,1765.21227392868,0.371493464334546,0.481527895415508,0.000785773649180582,0.000138645832993418,0.252348075792627,0.247087793442809
20280001,20284001,30,311,1764.96600503562,0.371441636412435,0.481888676172402,0.000783736310845451,0.000138286398341057,0.252348075792627,0.247087793442809
20280001,20284001,30,312,1764.72092324491,0.371390058319068,0.4822484788332,0.000781709899800596,0.000137928891329876,0.252348075792627,0.247087793442809
20280001,20284001,30,313,1764.47701956624,0.371338728162413,0.482607308445108,0.000779694279273891,0.000137573287833245,0.252348075792627,0.247087793442809
20280001,20284001,30,314,1764.23428513018,0.371287644075871,0.482965170008006,0.000777689313963179,0.000137219563983792,0.252348075792627,0.247087793442809
20280001,20284001,30,315,1763.9927111864,0.371236804217915,0.483322068474895,0.000775694870124342,0.000136867696188949,0.252348075792627,0.247087793442809
20280001,20284001,30,316,1763.75228910195,0.37118620677172,0.483678008752335,0.000773710815657884,0.000136517661146226,0.252348075792627,0.247087793442809
20280001,20284001,30,317,1763.5130103595,0.371135849944788,0.484032995700882,0.000771737020193508,0.000136169435858136,0.252348075792627,0.247087793442809
20280001,20284001,30,318,1763.27486655545,0.371085731968565,0.484387034135528,0.000769773355171893,0.000135822997646629,0.252348075792627,0.247087793442809
20280001,20284001,30,319,1763.03784939816,0.371035851098049,0.484740128826126,0.000767819693923695,0.00013547832416703,0.252348075792627,0.247087793442809
20280001,20284001,30,320,1762.80195070602,0.370986205611401,0.485092284497826,0.000765875911744794,0.000135135393421315,0.252348075792627,0.247087793442809
20280002,20284002,25,10,4400.47494574904,1,0.265840543099643,NaN,NaN,0.252718286606872,0.247087793442809
20280002,20284002,25,11,3729.54217641749,0.847531737459455,0.24846676601431,0.0541851334793656,0.00960213344277644,0.252718286606872,0.247087793442809
20280002,20284002,25,12,3443.42573988204,0.782512292953392,0.240914854582396,0.0353082179641547,0.00624251586427082,0.252718286606872,0.247087793442809
20280002,20284002,25,13,3267.47013410661,0.742526698683526,0.237623081891415,0.0276880614943623,0.00489014812981538,0.252718286606872,0.247087793442809
20280002,20284002,25,14,3142.81562328979,0.714199185777849,0.236719353468086,0.023180503086267,0.0040915963960642,0.252718286606872,0.247087793442809
20280002,20284002,25,15,3046.92548342539,0.692408324326171,0.237275477437645,0.0201282655359364,0.00355154294195503,0.252718286606872,0.247087793442809
20280002,20284002,25,16,2969.19093809918,0.67474328900963,0.238770693251535,0.0178988950833791,0.00315742846693953,0.252718286606872,0.247087793442809
20280002,20284002,25,17,2904.02619550714,0.6599347187086,0.240890033746267,0.0161760548757768,0.00285305014166132,0.252718286606872,0.247087793442809
20280002,20284002,25,18,2848.17620443392,0.647242908901305,0.243430954639329,0.0147908010010594,0.00260842912473117,0.252718286606872,0.247087793442809
20280002,20284002,25,19,2799.58599819995,0.636200872113683,0.24625704540218,0.0136394011638377,0.00240518028900394,0.252718286606872,0.247087793442809
20280002,20284002,25,20,2756.86910638737,0.626493535442252,0.249272893166807,0.0126556239765463,0.00223157358094161,0.252718286606872,0.247087793442809
20280002,20284002,25,21,2719.02349079404,0.617893187511653,0.252409606728106,0.011799876072441,0.00208059733080332,0.252718286606872,0.247087793442809
20280002,20284002,25,22,2685.27860140507,0.61022472221984,0.255616406462663,0.0110480955817223,0.00194798988613013,0.252718286606872,0.247087793442809
20280002,20284002,25,23,2655.01672478148,0.603347765301172,0.258855571742563,0.0103836936356726,0.0018308137798818,0.252718286606872,0.247087793442809
20280002,20284002,25,24,2627.73255927466,0.597147487866761,0.262099141915592,0.00979355194092937,0.00172674753056712,0.252718286606872,0.247087793442809
20280002,20284002,25,25,2603.00984104351,0.59152929470899,0.265326547865571,0.00926650153461371,0.00163381607068675,0.252718286606872,0.247087793442809
20280002,20284002,25,26,2580.50422782977,0.586414934670313,0.268522808926257,0.00879311462432208,0.00155035322164221,0.252718286606872,0.247087793442809
20280002,20284002,25,27,2559.92892110569,0.581739233302223,0.271677152268798,0.00836576118550229,0.00147501109490186,0.252718286606872,0.247087793442809
20280002,20284002,25,28,2541.04289852106,0.577447418710055,0.274781976711178,0.00797838516404017,0.00140672020309978,0.252718286606872,0.247087793442809
20280002,20284002,25,29,2523.6419807037,0.573493091499497,0.277832084066888,0.00762606288361601,0.0013446112924123,0.252718286606872,0.247087793442809
20280002,20284002,25,30,2507.55228963374,0.569836738203928,0.280824103036661,0.00730460979260268,0.00128794580133514,0.252718286606872,0.247087793442809
20280002,20284002,25,31,2492.62528585231,0.566444603499049,0.283756047735831,0.00701037142191871,0.0012360788760105,0.252718286606872,0.247087793442809
20280002,20284002,25,32,2478.73371228292,0.563287768443593,0.286626974395938,0.00674016142914805,0.00118844836913305,0.252718286606872,0.247087793442809
20280002,20284002,25,33,2465.7681107498,0.560341358864409,0.289436714968327,0.00649124742790717,0.00114457229281275,0.252718286606872,0.247087793442809
20280002,20284002,25,34,2453.63382819428,0.557583865024512,0.292185673246897,0.00626131836766908,0.00110404303395344,0.252718286606872,0.247087793442809
20280002,20284002,25,35,2442.2485151041,0.55499657314567,0.294874671118554,0.00604842224342203,0.00106651634702297,0.252718286606872,0.247087793442809
20280002,20284002,25,36,2431.54009948827,0.552563104997834,0.297504833421658,0.00585089245640372,0.00103169835157641,0.252718286606872,0.247087793442809
20280002,20284002,25,37,2421.44517717296,0.55026905209678,0.300077501404568,0.00566728205624223,0.000999333923848768,0.252718286606872,0.247087793442809
20280002,20284002,25,38,2411.90773549561,0.548101685665901,0.302594166944332,0.00549631456251729,0.000969198015237949,0.252718286606872,0.247087793442809
20280002,20284002,25,39,2402.87812813331,0.546049723667794,0.305056421914345,0.00533685098088221,0.000941089829144777,0.252718286606872,0.247087793442809
20280002,20284002,25,40,2394.31223404637,0.544103139675713,0.307465918907167,0.00518786848645773,0.00091482905729323,0.252718286606872,0.247087793442809
20280002,20284002,25,41,2386.17075255234,0.542253002680411,0.309824340763763,0.00504844593657555,0.000890253321948672,0.252718286606872,0.247087793442809
20280002,20284002,25,42,2378.41860270021,0.540491340599,0.312133377106207,0.00491775284388773,0.000867216229546575,0.252718286606872,0.247087793442809
20280002,20284002,25,43,2371.02440623382,0.538811022779321,0.31439470648813,0.00479504005186434,0.000845585725391783,0.252718286606872,0.247087793442809
20280002,20284002,25,44,2363.96004017319,0.537205658324866,0.316609983025145,0.00467963136840357,0.000825242617905135,0.252718286606872,0.247087793442809
20280002,20284002,25,45,2357.20024888991,0.535669507939596,0.318780826547165,0.00457091586562277,0.000806079220716624,0.252718286606872,0.247087793442809
20280002,20284002,25,46,2350.72230770495,0.534197407481164,0.320908815471366,0.00446834074808405,0.000787998095199871,0.252718286606872,0.247087793442809
20280002,20284002,25,47,2344.50573122143,0.532784701680049,0.322995481742143,0.00437140481678291,0.000770910898148648,0.252718286606872,0.247087793442809
20280002,20284002,25,48,2338.53202026775,0.531427186632849,0.32504230732329,0.00427965263588153,0.000754737353387505,0.252718286606872,0.247087793442809
20280002,20284002,25,49,2332.78444179483,0.530121059784319,0.327050721854064,0.00419266951335905,0.000739404366883992,0.252718286606872,0.247087793442809
20280002,20284002,25,50,2327.24783656973,0.5288628762261,0.329022101190078,0.00411007733579579,0.000724845292443357,0.252718286606872,0.247087793442809
20280002,20284002,25,51,2321.90845014224,0.527649510284169,0.330957766637942,0.00403153119139051,0.000710999336368564,0.252718286606872,0.247087793442809
20280002,20284002,25,52,2316.75378331775,0.526478121539082,0.332858984757094,0.00395671662496144,0.000697811073542794,0.252718286606872,0.247087793442809
20280002,20284002,25,53,2311.77245916092,0.525346124602788,0.334726967644168,0.0038853473279184,0.000685230040204127,0.252718286606872,0.247087793442809
20280002,20284002,25,54,2306.95410427145,0.524251162138763,0.336562873638199,0.00381716308039226,0.000673210371183641,0.252718286606872,0.247087793442809
20280002,20284002,25,55,2302.28924264045,0.523191080741071,0.338367808394313,0.00375192781410532,0.000661710458438249,0.252718286606872,0.247087793442809
20280002,20284002,25,56,2297.76920078771,0.522163909376966,0.340142826274896,0.00368942772644511,0.00065069261861792,0.252718286606872,0.247087793442809
20280002,20284002,25,57,2293.38602311763,0.521167840151685,0.34188893200548,0.00362946942667823,0.000640122766304675,0.252718286606872,0.247087793442809
20280002,20284002,25,58,2289.13239656258,0.52020121118379,0.343607082540833,0.00357187812435804,0.000629970094693213,0.252718286606872,0.247087793442809
20280002,20284002,25,59,2285.00158365515,0.51926249139596,0.345298189086785,0.00351649587912756,0.000620206767094942,0.252718286606872,0.247087793442809
20280002,20284002,25,60,2280.9873632223,0.518350267037831,0.346963119225519,0.00346317992794335,0.000610807622086986,0.252718286606872,0.247087793442809
20280002,20284002,25,61,2277.08397794417,0.517463229768842,0.348602699096201,0.00341180109858292,0.000601749893865095,0.252718286606872,0.247087793442809
20280002,20284002,25,62,2273.28608807498,0.516600166141391,0.350217715588275,0.00336224231278244,0.000593012948388015,0.252718286606872,0.247087793442809
20280002,20284002,25,63,2269.58873067966,0.515759948337426,0.351808918510942,0.0033143971805651,0.000584578035587168,0.252718286606872,0.247087793442809
20280002,20284002,25,64,2265.98728379381,0.514941526023868,0.353377022708766,0.00326816868868506,0.0005764280581577,0.252718286606872,0.247087793442809
20280002,20284002,25,65,2262.47743496302,0.514143919203227,0.354922710099683,0.00322346798881549,0.000568547357924803,0.252718286606872,0.247087793442809
20280002,20284002,25,66,2259.0551536587,0.513366211945144,0.356446631617673,0.00318021329330624,0.00056092152116747,0.252718286606872,0.247087793442809
20280002,20284002,25,67,2255.71666710287,0.512607546892625,0.357949409047893,0.00313832888682465,0.000553537204368293,0.252718286606872,0.247087793442809
20280002,20284002,25,68,2252.45843906646,0.511867120443985,0.359431636747014,0.00309774426056763,0.000546381981571209,0.252718286606872,0.247087793442809
20280002,20284002,25,69,2249.27715123655,0.511144178518595,0.360893883245845,0.00305839337228111,0.000539444213920173,0.252718286606872,0.247087793442809
20280002,20284002,25,70,2246.1696867804,0.510438012821832,0.362336692734953,0.00302021403073678,0.000532712941142487,0.252718286606872,0.247087793442809
20280002,20284002,25,71,2243.13311576894,0.509747957532597,0.363760586436939,0.00298314739844503,0.00052617779388108,0.252718286606872,0.247087793442809
20280002,20284002,25,72,2240.16468215992,0.509073386345255,0.365166063871226,0.00294713760201016,0.000519828925008414,0.252718286606872,0.247087793442809
20280002,20284002,25,73,2237.26179208005,0.508413709806777,0.366553604018758,0.00291213143624876,0.00051365695747501,0.252718286606872,0.247087793442809
20280002,20284002,25,74,2234.4220031854,0.507768372898907,0.367923666394855,0.00287807814631265,0.000507652945913805,0.252718286606872,0.247087793442809
20280002,20284002,25,75,2231.64301491742,0.507136852823861,0.369276692038814,0.00284492927164356,0.00050180834914832,0.252718286606872,0.247087793442809
20280002,20284002,25,76,2228.9226595075,0.50651865696013,0.370613104428704,0.00281263853646566,0.000496115010907542,0.252718286606872,0.247087793442809
20280002,20284002,25,77,2226.25889361404,0.505913320962014,0.37193331032936,0.00278116177337995,0.000490565146377926,0.252718286606872,0.247087793442809
20280002,20284002,25,78,2223.64979050204,0.505320406982463,0.373237700580926,0.00275045686906934,0.000485151332654142,0.252718286606872,0.247087793442809
20280002,20284002,25,79,2221.09353269635,0.504739502003522,0.37452665083457,0.00272048372377586,0.000479866501617937,0.252718286606872,0.247087793442809
20280002,20284002,25,80,2218.58840505516,0.504170216262308,0.375800522241259,0.00269120421874439,0.000474703934221225,0.252718286606872,0.247087793442809
20280002,20284002,25,81,2216.13278822221,0.503612181763026,0.377059662098806,0.00266258218800832,0.000469657255534131,0.252718286606872,0.247087793442809
20280002,20284002,25,82,2213.72515242389,0.503065050867385,0.378304404461845,0.00263458339257904,0.000464720430216183,0.252718286606872,0.247087793442809
20280002,20284002,25,83,2211.36405158305,0.502528494956955,0.37953507071891,0.00260717549624377,0.000459887758270353,0.252718286606872,0.247087793442809
20280002,20284002,25,84,2209.04811772479,0.502002203161906,0.380751970140426,0.00258032804279671,0.000455153871049024,0.252718286606872,0.247087793442809
20280002,20284002,25,85,2206.77605565257,0.501485881151163,0.381955400401124,0.00255401243469241,0.000450513727509939,0.252718286606872,0.247087793442809
20280002,20284002,25,86,2204.54663787554,0.500979249979638,0.383145648080096,0.00252820191293082,0.000445962610688449,0.252718286606872,0.247087793442809
20280002,20284002,25,87,2202.35869977043,0.500482044988794,0.384322989141489,0.00250287153757529,0.000441496124280443,0.252718286606872,0.247087793442809
20280002,20284002,25,88,2200.21113496492,0.499994014757515,0.385487689398532,0.00247799816779942,0.000437110189141157,0.252718286606872,0.247087793442809
20280002,20284002,25,89,2198.10289093241,0.499514920101028,0.386640004963283,0.00245356043986662,0.000432801039418254,0.252718286606872,0.247087793442809
20280002,20284002,25,90,2196.03296479224,0.499044533116513,0.387780182684165,0.00242953874107073,0.000428565217971416,0.252718286606872,0.247087793442809
20280002,20284002,25,91,2194.00039931305,0.498582636274864,0.388908460572928,0.00240591517746956,0.00042439957069589,0.252718286606872,0.247087793442809
20280002,20284002,25,92,2192.00427912052,0.498129021558922,0.390025068222302,0.00238267353327029,0.000420301239372368,0.252718286606872,0.247087793442809
20280002,20284002,25,93,2190.04372711415,0.497683489649176,0.391130227215126,0.00235979921997771,0.000416267652709897,0.252718286606872,0.247087793442809
20280002,20284002,25,94,2188.11790109944,0.497245849158443,0.392224151525335,0.00233727921386986,0.000412296515328645,0.252718286606872,0.247087793442809
20280002,20284002,25,95,2186.22599064374,0.496815915917368,0.393307047910742,0.00231510198097659,0.000408385794537058,0.252718286606872,0.247087793442809
20280002,20284002,25,96,2184.36721416396,0.4963935123126,0.394379116297209,0.00229325738944171,0.00040453370488238,0.252718286606872,0.247087793442809
20280002,20284002,25,97,2182.54081625354,0.495978466679357,0.395440550153426,0.0022717366098832,0.000400738690582941,0.252718286606872,0.247087793442809
20280002,20284002,25,98,2180.74606525435,0.495570612749654,0.396491536855315,0.00225053200506609,0.000396999406074156,0.252718286606872,0.247087793442809
20280002,20284002,25,99,2178.98225107664,0.495169789156869,0.397532258038856,0.00222963701081247,0.000393314695007763,0.252718286606872,0.247087793442809
20280002,20284002,25,100,2177.24868326659,0.494775838996621,0.398562889940057,0.00220904601055569,0.000389683568128968,0.252718286606872,0.247087793442809
20280002,20284002,25,101,2175.54468931794,0.494388609443071,0.39958360372074,0.00218875420627023,0.000386105180513422,0.252718286606872,0.247087793442809
20280002,20284002,25,102,2173.86961321992,0.494007951418954,0.400594565778917,0.00216875748867138,0.000382578808674626,0.252718286606872,0.247087793442809
20280002,20284002,25,103,2172.22281423054,0.49363371931681,0.401595938042601,0.00214905230957649,0.000379103828051988,0.252718286606872,0.247087793442809
20280002,20284002,25,104,2170.60366586085,0.493265770768154,0.402587878246113,0.00212963555917269,0.000375679691363814,0.252718286606872,0.247087793442809
20280002,20284002,25,105,2169.01155505294,0.492903966456678,0.403570540188153,0.00211050445066362,0.000372305908261481,0.252718286606872,0.247087793442809
20280002,20284002,25,106,2167.44588153235,0.492548169971097,0.404544073971156,0.00209165641439925,0.000368982026656044,0.252718286606872,0.247087793442809
20280002,20284002,25,107,2165.90605731416,0.492198247692893,0.40550862622174,0.00207308900316062,0.000365707616012267,0.252718286606872,0.247087793442809
20280002,20284002,25,108,2164.39150634074,0.491854068714013,0.40646434029231,0.0020547998098006,0.000362482252822005,0.252718286606872,0.247087793442809
20280002,20284002,25,109,2162.90166422964,0.491515504779559,0.407411356444159,0.00203678639796613,0.000359305508384988,0.252718286606872,0.247087793442809
20280002,20284002,25,110,2161.43597810972,0.491182430250562,0.408349812012659,0.0020190462461661,0.000356176938943643,0.252718286606872,0.247087793442809
20280002,20284002,25,111,2159.99390652535,0.490854722082205,0.409279841555352,0.00200157670502458,0.000353096078143708,0.252718286606872,0.247087793442809
20280002,20284002,25,112,2158.57491938939,0.490532259813141,0.410201576983943,0.00198437496718505,0.000350062431726424,0.252718286606872,0.247087793442809
20280002,20284002,25,113,2157.17849796764,0.490214925561962,0.411115147681363,0.0019674380490172,0.000347075474302669,0.252718286606872,0.247087793442809
20280002,20284002,25,114,2155.80413487961,0.489902604027361,0.412020680605147,0.00195076278302934,0.000344134648015512,0.252718286606872,0.247087793442809
20280002,20284002,25,115,2154.4513341022,0.489595182488983,0.412918300378501,0.0019343458197087,0.000341239362865865,0.252718286606872,0.247087793442809
20280002,20284002,25,116,2153.11961096566,0.489292550806504,0.413808129370417,0.00191818363739394,0.000338388998454989,0.252718286606872,0.247087793442809
20280002,20284002,25,117,2151.80849213309,0.488994601414964,0.414690287766215,0.00190227255872924,0.000335582906888009,0.252718286606872,0.247087793442809
20280002,20284002,25,118,2150.51751555685,0.488701229314871,0.415564893629879,0.00188660877224604,0.000332820416581943,0.252718286606872,0.247087793442809
20280002,20284002,25,119,2149.24623040752,0.488412332056052,0.416432062959444,0.00187118835766255,0.00033010083672955,0.252718286606872,0.247087793442809
20280002,20284002,25,120,2147.99419697264,0.488127809714641,0.417291909736664,0.00185600731357402,0.000327423462184919,0.252718286606872,0.247087793442809
20280002,20284002,25,121,2146.76098652412,0.487847564862955,0.418144545972046,0.00184106158631712,0.000324787578556163,0.252718286606872,0.247087793442809
20280002,20284002,25,122,2145.54618115474,0.48757150253233,0.418990081746251,0.00182634709892612,0.000322192467314325,0.252718286606872,0.247087793442809
20280002,20284002,25,123,2144.34937358507,0.487299530169252,0.419828625248725,0.00181185977924426,0.000319637410753246,0.252718286606872,0.247087793442809
20280002,20284002,25,124,2143.17016694338,0.48703155758533,0.420660282814306,0.00179759558640807,0.000317121696662415,0.252718286606872,0.247087793442809
20280002,20284002,25,125,2142.00817452138,0.486767496901808,0.421485158958433,0.00178355053507484,0.000314644622601708,0.252718286606872,0.247087793442809
20280002,20284002,25,126,2140.86301950974,0.486507262489441,0.422303356411447,0.00176972071691442,0.000312205499693543,0.252718286606872,0.247087793442809
20280002,20284002,25,127,2139.73433471694,0.48625077090462,0.423114976152384,0.00175610231902528,0.00030980365587246,0.252718286606872,0.247087793442809
20280002,20284002,25,128,2138.62176227578,0.485997940822668,0.423920117442534,0.00174269163906426,0.000307438438554959,0.252718286606872,0.247087793442809
20280002,20284002,25,129,2137.52495334146,0.485748692969234,0.42471887785896,0.00172948509699336,0.000305109216712588,0.252718286606872,0.247087793442809
20280002,20284002,25,130,2136.44356778528,0.485502950050684,0.425511353328075,0.00171647924344528,0.000302815382348522,0.252718286606872,0.247087793442809
20280002,20284002,25,131,2135.37727388765,0.485260636684337,0.426297638159311,0.00170367076479195,0.000300556351392552,0.252718286606872,0.247087793442809
20280002,20284002,25,132,2134.32574803393,0.48502167932935,0.427077825078861,0.00169105648506704,0.000298331564041043,0.252718286606872,0.247087793442809
20280002,20284002,25,133,2133.28867441627,0.48478600621896,0.427852005263397,0.00167863336494398,0.000296140484577473,0.252718286606872,0.247087793442809
20280002,20284002,25,134,2132.26574474429,0.484553547294732,0.428620268373663,0.00166639849800786,0.000293982600715574,0.252718286606872,0.247087793442809
20280002,20284002,25,135,2131.25665796695,0.484324234143359,0.429382702587795,0.00165434910458417,0.000291857422511433,0.252718286606872,0.247087793442809
20280002,20284002,25,136,2130.2611200078,0.484097999936502,0.430139394634189,0.00164248252340045,0.000289764480893299,0.252718286606872,0.247087793442809
20280002,20284002,25,137,2129.2788435153,0.483874779374037,0.430890429823758,0.00163079620136122,0.000287703325858512,0.252718286606872,0.247087793442809
20280002,20284002,25,138,2128.3095476295,0.483654508631051,0.431635892081383,0.00161928768171519,0.000285673524386787,0.252718286606872,0.247087793442809
20280002,20284002,25,139,2127.35295776625,0.483437125308785,0.432375863976366,0.00160795459088581,0.000283674658117662,0.252718286606872,0.247087793442809
20280002,20284002,25,140,2126.40880541954,0.483222568389736,0.433110426751735,0.00159679462422778,0.000281706320838433,0.252718286606872,0.247087793442809
20280002,20284002,25,141,2125.47682798256,0.483010778196981,0.433839660352198,0.00158580553096059,0.000279768115826873,0.252718286606872,0.247087793442809
20280002,20284002,25,142,2124.55676858766,0.482801696357806,0.434563643450621,0.00157498509852099,0.000277859653091397,0.252718286606872,0.247087793442809
20280002,20284002,25,143,2123.64837596504,0.482595265771602,0.435282453472865,0.00156433113656738,0.00027598054654978,0.252718286606872,0.247087793442809
20280002,20284002,25,144,2122.75140432014,0.482391430582003,0.435996166620877,0.00155384146086468,0.000274130411186757,0.252718286606872,0.247087793442809
20280002,20284002,25,145,2121.86561322919,0.482190136153135,0.436704857893926,0.00154351387727538,0.000272308860230286,0.252718286606872,0.247087793442809
20280002,20284002,25,146,2120.99076755216,0.481991329049853,0.437408601107896,0.00153334616608421,0.000270515502386655,0.252718286606872,0.247087793442809
20280002,20284002,25,147,2120.12663736254,0.48179495702177,0.438107468912589,0.00152333606688831,0.000268749939175285,0.252718286606872,0.247087793442809
20280002,20284002,25,148,2119.27299789268,0.481600968990846,0.438801532806991,0.00151348126429132,0.000267011762405328,0.252718286606872,0.247087793442809
20280002,20284002,25,149,2118.4296294937,0.481409315042266,0.4394908631525,0.00150377937464801,0.000265300551837564,0.252718286606872,0.247087793442809
20280002,20284002,25,150,2117.59631760841,0.481219946418297,0.440175529184127,0.00149422793411367,0.000263615873076423,0.252718286606872,0.247087793442809
20280002,20284002,25,151,2116.77285275587,0.48103281551477,0.440855599019711,0.00148482438825727,0.000261957275737876,0.252718286606872,0.247087793442809
20280002,20284002,25,152,2115.9590305256,0.480847875879777,0.441531139667233,0.0014755660834987,0.000260324291939076,0.252718286606872,0.247087793442809
20280002,20284002,25,153,2115.15465157979,0.480665082214154,0.44220221703031,0.00146645026062437,0.000258716435154647,0.252718286606872,0.247087793442809
20280002,20284002,25,154,2114.3595216611,0.480484390373274,0.442868895912017,0.00145747405062077,0.000257133199481869,0.252718286606872,0.247087793442809
20280002,20284002,25,155,2113.57345160408,0.480305757369632,0.443531240017186,0.00144863447303965,0.000255574059352481,0.252718286606872,0.247087793442809
20280002,20284002,25,156,2112.7962573477,0.480129141375684,0.444189311953371,0.0014399284370724,0.000254038469722421,0.252718286606872,0.247087793442809
20280002,20284002,25,157,2112.02775994643,0.479954501726386,0.444843173230698,0.00143135274545905,0.00025252586676163,0.252718286606872,0.247087793442809
20280002,20284002,25,158,2111.26778557765,0.479781798920861,0.445492884260826,0.00142290410129577,0.000251035669055213,0.252718286606872,0.247087793442809
20280002,20284002,25,159,2110.51616554268,0.479610994622635,0.446138504355292,0.00141457911772961,0.000249567279313953,0.252718286606872,0.247087793442809
20280002,20284002,25,160,2109.77273625908,0.479442051657894,0.446780091723507,0.00140637433044598,0.00024812008657752,0.252718286606872,0.247087793442809
20280002,20284002,25,161,2109.03733924205,0.479274934011254,0.447417703470694,0.00139828621276468,0.000246693468877889,0.252718286606872,0.247087793442809
20280002,20284002,25,162,2108.30982107287,0.479109606818588,0.448051395596052,0.00139031119307031,0.000245286796314583,0.252718286606872,0.247087793442809
20280002,20284002,25,163,2107.59003335263,0.478946036356511,0.448681222991454,0.00138244567421444,0.000243899434477782,0.252718286606872,0.247087793442809
20280002,20284002,25,164,2106.87783263994,0.478784190028221,0.449307239440952,0.00137468605444879,0.000242530748141538,0.252718286606872,0.247087793442809
20280002,20284002,25,165,2106.17308037158,0.478624036345483,0.449929497621358,0.00136702874938424,0.000241180105137964,0.252718286606872,0.247087793442809
20280002,20284002,25,166,2105.47564276576,0.478465544906624,0.45054804910416,0.00135947021442311,0.000239846880314928,0.252718286606872,0.247087793442809
20280002,20284002,25,167,2104.78539070783,0.478308686370569,0.451162944358977,0.00135200696708799,0.000238530459475485,0.252718286606872,0.247087793442809
20280002,20284002,25,168,2104.10219961893,0.478153432427003,0.451774232758764,0.00134463560867008,0.000237230243197253,0.252718286606872,0.247087793442809
20280002,20284002,25,169,2103.42594930872,0.47799975576288,0.45238196258689,0.00133735284464397,0.000235945650434167,0.252718286606872,0.247087793442809
20280002,20284002,25,170,2102.75652381326,0.477847630025611,0.452986181046213,0.00133015550334364,0.000234676121811455,0.252718286606872,0.247087793442809
20280002,20284002,25,171,2102.0938112202,0.477697029783313,0.453586934270219,0.0013230405524631,0.000233421122536832,0.252718286606872,0.247087793442809
20280002,20284002,25,172,2101.4377034831,0.477547930482625,0.454184267336229,0.00131600511303094,0.00023218014486601,0.252718286606872,0.247087793442809
20280002,20284002,25,173,2100.78809622732,0.477400308404604,0.454778224280669,0.00130904647060451,0.000230952710077696,0.252718286606872,0.247087793442809
20280002,20284002,25,174,2100.14488855011,0.477254140619276,0.455368848116333,0.001302162083533,0.000229738369931451,0.252718286606872,0.247087793442809
20280002,20284002,25,175,2099.50798281724,0.47710940493944,0.455956180851535,0.00129534958824242,0.000228536707600138,0.252718286606872,0.247087793442809
20280002,20284002,25,176,2098.87728445894,0.476966079874287,0.456540263511027,0.00128860680159279,0.000227347338085815,0.252718286606872,0.247087793442809
20280002,20284002,25,177,2098.25270176749,0.476824144583405,0.457121136158516,0.00128193172044655,0.000226169908143635,0.252718286606872,0.247087793442809
20280002,20284002,25,178,2097.63414569885,0.476683578831693,0.457698837920598,0.00127532251866301,0.000225004095751604,0.252718286606872,0.247087793442809
20280002,20284002,25,179,2097.02152968026,0.476544362945648,0.458273407011919,0.00126877754179131,0.000223849609174309,0.252718286606872,0.247087793442809
20280002,20284002,25,180,2096.41476942573,0.476406477771431,0.458844880761344,0.00126229529977791,0.00022270618567635,0.252718286606872,0.247087793442809
20280002,20284002,25,181,2095.81378276091,0.476269904635071,0.459413295638937,0.00125587445802953,0.000221573589945627,0.252718286606872,0.247087793442809
20280002,20284002,25,182,2095.21848945852,0.476134625305058,0.459978687283519,0.00124951382718149,0.000220451612288228,0.252718286606872,0.247087793442809
20280002,20284002,25,183,2094.62881108512,0.47600062195754,0.460541090530628,0.0012432123519176,0.000219340066655982,0.252718286606872,0.247087793442809
20280002,20284002,25,184,2094.04467086006,0.475867877144252,0.461100539440647,0.00123696909916976,0.000218238788564586,0.252718286606872,0.247087793442809
20280002,20284002,25,185,2093.46599352663,0.475736373763238,0.461657067326952,0.00123078324600154,0.000217147632955967,0.252718286606872,0.247087793442809
20280002,20284002,25,186,2092.8927052356,0.475606095032397,0.46221070678388,0.00122465406744566,0.000216066472052524,0.252718286606872,0.247087793442809
20280002,20284002,25,187,2092.32473344098,0.475477024465781,0.462761489714374,0.00121858092453025,0.000214995193244673,0.252718286606872,0.247087793442809
20280002,20284002,25,188,2091.76200680754,0.475349145852593,0.46330944735717,0.00121256325268954,0.00021393369704623,0.252718286606872,0.247087793442809
20280002,20284002,25,189,2091.20445512971,0.475222443238738,0.463854610313403,0.00120660055071718,0.000212881895145512,0.252718286606872,0.247087793442809
20280002,20284002,25,190,2090.65200926101,0.475096900910805,0.46439700857252,0.00120069237038284,0.00021183970857348,0.252718286606872,0.247087793442809
20280002,20284002,25,191,2090.10460105348,0.474972503382291,0.464936671537429,0.00119483830679953,0.000210807066004335,0.252718286606872,0.247087793442809
20280002,20284002,25,192,2089.56216330614,0.4748492353819,0.465473628048803,0.0011890379895986,0.0002097839021986,0.252718286606872,0.247087793442809
20280002,20284002,25,193,2089.02462972186,0.474727081843723,0.466007906408494,0.00118329107494208,0.000208770156593944,0.252718286606872,0.247087793442809
20280002,20284002,25,194,2088.49193487152,0.474606027899113,0.466539534401999,0.00117759723838043,0.000207765772045169,0.252718286606872,0.247087793442809
20280002,20284002,25,195,2087.96401416493,0.474486058870066,0.467068539319974,0.0011719561685447,0.000206770693711401,0.252718286606872,0.247087793442809
20280002,20284002,25,196,2087.44080382746,0.474367160263911,0.467594947978758,0.00116636756164721,0.000205784868085937,0.252718286606872,0.247087793442809
20280002,20284002,25,197,2086.92224088177,0.474249317769162,0.468118786739913,0.00116083111675403,0.000204808242162264,0.252718286606872,0.247087793442809
20280002,20284002,25,198,2086.40826313384,0.474132517252339,0.468640081528773,0.00115534653178354,0.000203840762728169,0.252718286606872,0.247087793442809
20280002,20284002,25,199,2085.89880916262,0.47401674475562,0.469158857852024,0.00114991350018016,0.000202882375778988,0.252718286606872,0.247087793442809
20280002,20284002,25,200,2085.39381831273,0.473901986495178,0.469675140814315,0.00114453170820859,0.00020193302604031,0.252718286606872,0.247087793442809
20280002,20284002,25,201,2084.89323068959,0.47378822886008,0.470188955133935,0.00113920083281244,0.000200992656590276,0.252718286606872,0.247087793442809
20280002,20284002,25,202,2084.39698715654,0.473675458411622,0.470700325157573,0.0011339205399802,0.00020006120857138,0.252718286606872,0.247087793442809
20280002,20284002,25,203,2083.90502933336,0.47356366188301,0.471209274874188,0.0011286904835638,0.000199138620982118,0.252718286606872,0.247087793442809
20280002,20284002,25,204,2083.41729959603,0.473452826179286,0.471715827928036,0.00112351030449524,0.000198224830538869,0.252718286606872,0.247087793442809
20280002,20284002,25,205,2082.93374107711,0.473342938377428,0.472220007630861,0.00111837963034992,0.000197319771598953,0.252718286606872,0.247087793442809
20280002,20284002,25,206,2082.45429766666,0.473233985726554,0.472721836973317,0.00111329807520855,0.000196423376136352,0.252718286606872,0.247087793442809
20280002,20284002,25,207,2081.97891401333,0.473125955648167,0.473221338635618,0.00110826523977179,0.000195535573762034,0.252718286606872,0.247087793442809
20280002,20284002,25,208,2081.50753552544,0.473018835736407,0.473718534997497,0.00110328071168566,0.000194656291781449,0.252718286606872,0.247087793442809
20280002,20284002,25,209,2081.0401083719,0.472912613758256,0.474213448147467,0.00109834406603919,0.000193785455282423,0.252718286606872,0.247087793442809
20280002,20284002,25,210,2080.57657948279,0.472807277653671,0.47470609989145,0.00109345486599881,0.000192922987247173,0.252718286606872,0.247087793442809
20280002,20284002,25,211,2080.11689654953,0.472702815535621,0.475196511760794,0.00108861266354791,0.000192068808682871,0.252718286606872,0.247087793442809
20280002,20284002,25,212,2079.66100802456,0.472599215690015,0.475684705019722,0.00108381700030282,0.000191222838765698,0.252718286606872,0.247087793442809
20280002,20284002,25,213,2079.2088631204,0.472496466575491,0.476170700672236,0.00107906740838006,0.000190384994993938,0.252718286606872,0.247087793442809
20280002,20284002,25,214,2078.76041180818,0.472394556823079,0.47665451946852,0.00107436341129276,0.00018955519334621,0.252718286606872,0.247087793442809
20280002,20284002,25,215,2078.31560481553,0.47229347523572,0.477136181910865,0.00106970452485665,0.000188733348441402,0.252718286606872,0.247087793442809
20280002,20284002,25,216,2077.87439362385,0.472193210787649,0.477615708259153,0.00106509025808969,0.00018791937369747,0.252718286606872,0.247087793442809
20280002,20284002,25,217,2077.43673046495,0.472093752623634,0.478093118535921,0.00106052011409139,0.000187113181486652,0.252718286606872,0.247087793442809
20280002,20284002,25,218,2077.00256831717,0.471995090058086,0.478568432531049,0.00105599359089059,0.000186314683285117,0.252718286606872,0.247087793442809
20280002,20284002,25,219,2076.5718609009,0.471897212574047,0.479041669806074,0.00105151018225278,0.000185523789815483,0.252718286606872,0.247087793442809
20280002,20284002,25,220,2076.14456267358,0.471800109822051,0.479512849698181,0.00104706937844041,0.000184740411181019,0.252718286606872,0.247087793442809
20280002,20284002,25,221,2075.72062882421,0.47170377161888,0.47998199132388,0.00104267066692153,0.00018396445699075,0.252718286606872,0.247087793442809
20280002,20284002,25,222,2075.30001526747,0.471608187946225,0.480449113582397,0.00103831353302328,0.000183195836474806,0.252718286606872,0.247087793442809
20280002,20284002,25,223,2074.88267863741,0.471513348949252,0.480914235158796,0.00103399746052977,0.00018243445858999,0.252718286606872,0.247087793442809
20280002,20284002,25,224,2074.46857628077,0.471419244935084,0.481377374526867,0.00102972193222394,0.000181680232115418,0.252718286606872,0.247087793442809
20280002,20284002,25,225,2074.05766625005,0.471325866371229,0.481838549951779,0.00102548643037477,0.000180933065738552,0.252718286606872,0.247087793442809
20280002,20284002,25,226,2073.64990729628,0.47123320388393,0.482297779492537,0.00102129043717256,0.000180192868132049,0.252718286606872,0.247087793442809
20280002,20284002,25,227,2073.24525886156,0.471141248256477,0.482755081004242,0.00101713343511553,0.000179459548022018,0.252718286606872,0.247087793442809
20280002,20284002,25,228,2072.84368107141,0.471049990427471,0.48321047214019,0.00101301490735152,0.000178733014248365,0.252718286606872,0.247087793442809
20280002,20284002,25,229,2072.44513472704,0.470959421489052,0.483663970353811,0.00100893433798003,0.000178013175818121,0.252718286606872,0.247087793442809
20280002,20284002,25,230,2072.04958129735,0.470869532685102,0.484115592900467,0.00100489121231851,0.000177299941952476,0.252718286606872,0.247087793442809
20280002,20284002,25,231,2071.65698291099,0.470780315409422,0.484565356839129,0.00100088501713923,0.00017659322212861,0.252718286606872,0.247087793442809
20280002,20284002,25,232,2071.26730234823,0.470691761203894,0.48501327903394,0.000996915240880987,0.000175892926117087,0.252718286606872,0.247087793442809
20280002,20284002,25,233,2070.88050303279,0.470603861756627,0.485459376155676,0.000992981373841682,0.000175198964015862,0.252718286606872,0.247087793442809
20280002,20284002,25,234,2070.49654902369,0.470516608900101,0.485903664683128,0.00098908290835628,0.000174511246281723,0.252718286606872,0.247087793442809
20280002,20284002,25,235,2070.11540500702,0.470429994609286,0.486346160904397,0.000985219338965115,0.000173829683760011,0.252718286606872,0.247087793442809
20280002,20284002,25,236,2069.73703628763,0.470344010999776,0.486786880918134,0.000981390162577182,0.000173154187713461,0.252718286606872,0.247087793442809
20280002,20284002,25,237,2069.3614087809,0.470258650325903,0.487225840634725,0.000977594878632311,0.000172484669850844,0.252718286606872,0.247087793442809
20280002,20284002,25,238,2068.98848900443,0.470173904978851,0.48766305577742,0.000973832989265604,0.000171821042356005,0.252718286606872,0.247087793442809
20280002,20284002,25,239,2068.61824406972,0.470089767484769,0.488098541883443,0.000970103999477933,0.000171163217917965,0.252718286606872,0.247087793442809
20280002,20284002,25,240,2068.25064167384,0.470006230502872,0.488532314305061,0.000966407417314034,0.000170511109762366,0.252718286606872,0.247087793442809
20280002,20284002,25,241,2067.88565009102,0.469923286823539,0.488964388210641,0.000962742754051189,0.000169864631684782,0.252718286606872,0.247087793442809
20280002,20284002,25,242,2067.52323816431,0.469840929366405,0.489394778585692,0.000959109524399154,0.000169223698086006,0.252718286606872,0.247087793442809
20280002,20284002,25,243,2067.16337529707,0.469759151178443,0.489823500233906,0.000955507246712882,0.000168588224009603,0.252718286606872,0.247087793442809
20280002,20284002,25,244,2066.80603144455,0.469677945432033,0.490250567778196,0.000951935443217893,0.000167958125181686,0.252718286606872,0.247087793442809
20280002,20284002,25,245,2066.45117710528,0.469597305423025,0.490675995661749,0.00094839364024847,0.000167333318052955,0.252718286606872,0.247087793442809
20280002,20284002,25,246,2066.09878331254,0.469517224568779,0.491099798149082,0.00094488136849796,0.000166713719842869,0.252718286606872,0.247087793442809
20280002,20284002,25,247,2065.74882162564,0.469437696406202,0.491521989327127,0.000941398163280496,0.000166099248585837,0.252718286606872,0.247087793442809
20280002,20284002,25,248,2065.40126412121,0.46935871458976,0.491942583106338,0.000937943564802151,0.000165489823179067,0.252718286606872,0.247087793442809
20280002,20284002,25,249,2065.05608338442,0.469280272889477,0.492361593221817,0.000934517118440328,0.000164885363431871,0.252718286606872,0.247087793442809
20280002,20284002,25,250,2064.71325250002,0.469202365188917,0.49277903323448,0.000931118375029223,0.000164285790116034,0.252718286606872,0.247087793442809
20280002,20284002,25,251,2064.37274504346,0.469124985483145,0.493194916532257,0.000927746891149163,0.000163691025016876,0.252718286606872,0.247087793442809
20280002,20284002,25,252,2064.03453507179,0.469048127876672,0.493609256331324,0.00092440222941729,0.000163100990984543,0.252718286606872,0.247087793442809
20280002,20284002,25,253,2063.69859711454,0.468971786581383,0.494022065677382,0.000921083958777446,0.000162515611985159,0.252718286606872,0.247087793442809
20280002,20284002,25,254,2063.36490616457,0.468895955914447,0.494433357446968,0.000917791654786174,0.000161934813151291,0.252718286606872,0.247087793442809
20280002,20284002,25,255,2063.03343766874,0.468820630296209,0.494843144348825,0.000914524899892838,0.000161358520831379,0.252718286606872,0.247087793442809
20280002,20284002,25,256,2062.70416751862,0.46874580424807,0.495251438925299,0.000911283283710743,0.000160786662637576,0.252718286606872,0.247087793442809
20280002,20284002,25,257,2062.37707204105,0.468671472390351,0.495658253553794,0.000908066403277365,0.000160219167491663,0.252718286606872,0.247087793442809
20280002,20284002,25,258,2062.05212798879,0.468597629440153,0.496063600448267,0.000904873863300712,0.000159655965668524,0.252718286606872,0.247087793442809
20280002,20284002,25,259,2061.72931253092,0.468524270209195,0.49646749166077,0.000901705276390193,0.00015909698883688,0.252718286606872,0.247087793442809
20280002,20284002,25,260,2061.40860324343,0.468451389601659,0.49686993908304,0.000898560263269514,0.000158542170096855,0.252718286606872,0.247087793442809
20280002,20284002,25,261,2061.08997809965,0.468378982612026,0.49727095444813,0.000895438452970022,0.000157991444014094,0.252718286606872,0.247087793442809
20280002,20284002,25,262,2060.77341546073,0.468307044322906,0.497670549332085,0.000892339483002713,0.000157444746650112,0.252718286606872,0.247087793442809
20280002,20284002,25,263,2060.45889406616,0.468235569902882,0.498068735155662,0.000889262999507849,0.0001569020155887,0.252718286606872,0.247087793442809
20280002,20284002,25,264,2060.14639302422,0.468164554604354,0.498465523186087,0.000886208657380729,0.000156363189958109,0.252718286606872,0.247087793442809
20280002,20284002,25,265,2059.8358918026,0.468093993761389,0.498860924538857,0.000883176120372774,0.000155828210448897,0.252718286606872,0.247087793442809
20280002,20284002,25,266,2059.52737021898,0.46802388278759,0.499254950179577,0.000880165061167764,0.000155297019327379,0.252718286606872,0.247087793442809
20280002,20284002,25,267,2059.2208084317,0.467954217173979,0.499647610925824,0.000877175161432294,0.000154769560444532,0.252718286606872,0.247087793442809
20280002,20284002,25,268,2058.91618693058,0.4678849924869,0.500038917449058,0.000874206111840766,0.000154245779240405,0.252718286606872,0.247087793442809
20280002,20284002,25,269,2058.61348652775,0.467816204365944,0.500428880276549,0.000871257612074852,0.000153725622744032,0.252718286606872,0.247087793442809
20280002,20284002,25,270,2058.31268834865,0.467747848521903,0.500817509793337,0.000868329370798016,0.000153209039568934,0.252718286606872,0.247087793442809
20280002,20284002,25,271,2058.01377382318,0.467679920734754,0.501204816244221,0.000865421105605425,0.000152695979904288,0.252718286606872,0.247087793442809
20280002,20284002,25,272,2057.71672467694,0.467612416851672,0.501590809735756,0.000862532542950242,0.000152186395501922,0.252718286606872,0.247087793442809
20280002,20284002,25,273,2057.42152292265,0.467545332785082,0.501975500238283,0.000859663418047052,0.00015168023965928,0.252718286606872,0.247087793442809
20280002,20284002,25,274,2057.12815085179,0.467478664510754,0.502358897587961,0.000856813474753966,0.000151177467198622,0.252718286606872,0.247087793442809
20280002,20284002,25,275,2056.83659102634,0.467412408065926,0.502741011488822,0.000853982465434018,0.000150678034442573,0.252718286606872,0.247087793442809
20280002,20284002,25,276,2056.54682627073,0.467346559547488,0.503121851514827,0.000851170150797767,0.000150181899186356,0.252718286606872,0.247087793442809
20280002,20284002,25,277,2056.25883966409,0.467281115110195,0.503501427111932,0.000848376299728376,0.000149689020666927,0.252718286606872,0.247087793442809
20280002,20284002,25,278,2055.97261453253,0.467216070964941,0.503879747600156,0.000845600689090669,0.000149199359529293,0.252718286606872,0.247087793442809
20280002,20284002,25,279,2055.68813444179,0.467151423377069,0.504256822175647,0.000842843103525558,0.000148712877790242,0.252718286606872,0.247087793442809
20280002,20284002,25,280,2055.40538319007,0.467087168664745,0.50463265991275,0.000840103335232129,0.000148229538799897,0.252718286606872,0.247087793442809
20280002,20284002,25,281,2055.124344801,0.467023303197373,0.505007269766062,0.000837381183738179,0.000147749307201233,0.252718286606872,0.247087793442809
20280002,20284002,25,282,2054.84500351699,0.466959823394068,0.505380660572485,0.00083467645566133,0.000147272148887931,0.252718286606872,0.247087793442809
20280002,20284002,25,283,2054.56734379269,0.466896725722174,0.505752841053266,0.000831988964462324,0.000146798030960852,0.252718286606872,0.247087793442809
20280002,20284002,25,284,2054.29135028873,0.46683400669585,0.50612381981602,0.000829318530191703,0.000146326921683346,0.252718286606872,0.247087793442809
20280002,20284002,25,285,2054.0170078657,0.466771662874692,0.506493605356744,0.000826664979231995,0.000145858790435763,0.252718286606872,0.247087793442809
20280002,20284002,25,286,2053.74430157837,0.466709690862422,0.506862206061805,0.000824028144036239,0.000145393607669324,0.252718286606872,0.247087793442809
20280002,20284002,25,287,2053.4732166701,0.466648087305623,0.507229630209917,0.000821407862864629,0.000144931344859659,0.252718286606872,0.247087793442809
20280002,20284002,25,288,2053.20373856756,0.466586848892527,0.507595885974086,0.000818803979520662,0.000144471974460252,0.252718286606872,0.247087793442809
20280002,20284002,25,289,2052.93585287556,0.466525972351858,0.507960981423538,0.000816216343087671,0.000144015469855961,0.252718286606872,0.247087793442809
20280002,20284002,25,290,2052.66954537225,0.466465454451723,0.50832492452562,0.000813644807667193,0.000143561805316856,0.252718286606872,0.247087793442809
20280002,20284002,25,291,2052.40480200442,0.466405291998558,0.508687723147675,0.000811089232120324,0.000143110955952589,0.252718286606872,0.247087793442809
20280002,20284002,25,292,2052.14160888308,0.466345481836113,0.509049385058886,0.000808549479812522,0.00014266289766737,0.252718286606872,0.247087793442809
20280002,20284002,25,293,2051.87995227922,0.466286020844496,0.50940991793209,0.000806025418363382,0.000142217607115818,0.252718286606872,0.247087793442809
20280002,20284002,25,294,2051.61981861982,0.466226905939261,0.509769329345572,0.000803516919401781,0.000141775061659763,0.252718286606872,0.247087793442809
20280002,20284002,25,295,2051.36119448396,0.466168134070534,0.510127626784807,0.000801023858327197,0.000141335239326135,0.252718286606872,0.247087793442809
20280002,20284002,25,296,2051.1040665993,0.466109702222191,0.510484817644195,0.000798546114077754,0.000140898118766045,0.252718286606872,0.247087793442809
20280002,20284002,25,297,2050.8484218385,0.466051607411074,0.510840909228741,0.000796083568905605,0.000140463679215147,0.252718286606872,0.247087793442809
20280002,20284002,25,298,2050.59424721607,0.465993846686251,0.511195908755719,0.000793636108160056,0.000140031900455387,0.252718286606872,0.247087793442809
20280002,20284002,25,299,2050.3415298852,0.465936417128309,0.511549823356288,0.000791203620078743,0.000139602762778149,0.252718286606872,0.247087793442809
20280002,20284002,25,300,2050.09025713487,0.465879315848691,0.511902660077085,0.000788785995587239,0.000139176246948911,0.252718286606872,0.247087793442809
20280002,20284002,25,301,2049.84041638705,0.465822539989063,0.512254425881782,0.000786383128107128,0.000138752334173376,0.252718286606872,0.247087793442809
20280002,20284002,25,302,2049.59199519411,0.46576608672072,0.5126051276526,0.000783994913373024,0.000138331006065194,0.252718286606872,0.247087793442809
20280002,20284002,25,303,2049.34498123627,0.465709953244021,0.512954772191802,0.000781621249258251,0.000137912244615205,0.252718286606872,0.247087793442809
20280002,20284002,25,304,2049.09936231935,0.465654136787854,0.513303366223145,0.00077926203560934,0.000137496032162243,0.252718286606872,0.247087793442809
20280002,20284002,25,305,2048.85512637246,0.465598634609134,0.513650916393297,0.000776917174089592,0.000137082351365533,0.252718286606872,0.247087793442809
20280002,20284002,25,306,2048.61226144595,0.465543443992325,0.513997429273223,0.000774586568031163,0.000136671185178599,0.252718286606872,0.247087793442809
20280002,20284002,25,307,2048.37075570942,0.465488562248989,0.514342911359539,0.000772270122296018,0.00013626251682473,0.252718286606872,0.247087793442809
20280002,20284002,25,308,2048.13059744983,0.465433986717359,0.514687369075832,0.000769967743145234,0.000135856329773924,0.252718286606872,0.247087793442809
20280002,20284002,25,309,2047.89177506972,0.465379714761933,0.515030808773946,0.000767679338116726,0.000135452607721314,0.252718286606872,0.247087793442809
20280002,20284002,25,310,2047.65427708555,0.465325743773097,0.515373236735241,0.000765404815911333,0.000135051334567077,0.252718286606872,0.247087793442809
20280002,20284002,25,311,2047.41809212607,0.465272071166755,0.515714659171814,0.000763144086286327,0.000134652494397639,0.252718286606872,0.247087793442809
20280002,20284002,25,312,2047.18320893084,0.465218694383993,0.516055082227695,0.000760897059957136,0.000134256071468343,0.252718286606872,0.247087793442809
20280002,20284002,25,313,2046.94961634877,0.465165610890744,0.516394511980013,0.000758663648506123,0.000133862050187355,0.252718286606872,0.247087793442809
20280002,20284002,25,314,2046.71730333675,0.465112818177485,0.516732954440127,0.000756443764298676,0.000133470415100857,0.252718286606872,0.247087793442809
20280002,20284002,25,315,2046.48625895838,0.465060313758936,0.517070415554738,0.000754237320406126,0.000133081150879456,0.252718286606872,0.247087793442809
20280002,20284002,25,316,2046.25647238271,0.46500809517378,0.517406901206961,0.000752044230535082,0.000132694242305712,0.252718286606872,0.247087793442809
20280002,20284002,25,317,2046.02793288302,0.464956159984396,0.517742417217382,0.00074986440896322,0.000132309674262813,0.252718286606872,0.247087793442809
20280002,20284002,25,318,2045.80062983575,0.464904505776597,0.518076969345077,0.000747697770480973,0.000131927431724289,0.252718286606872,0.247087793442809
20280002,20284002,25,319,2045.5745527194,0.464853130159387,0.518410563288618,0.00074554423033871,0.000131547499744692,0.252718286606872,0.247087793442809
20280002,20284002,25,320,2045.34969111343,0.464802030764722,0.51874320468704,0.000743403704199477,0.000131169863451263,0.252718286606872,0.247087793442809
20280002,20284002,30,10,4684.28021783798,1,0.300942463706764,NaN,NaN,0.252754285497573,0.247087793442809
20280002,20284002,30,11,3740.31411652045,0.798482145085417,0.272370953699128,0.0613290469537751,0.0109063211535694,0.252754285497573,0.247087793442809
20280002,20284002,30,12,3338.86037756471,0.712779812968951,0.256516672855594,0.039427940557091,0.00698631245877166,0.252754285497573,0.247087793442809
20280002,20284002,30,13,3103.71214331136,0.662580374993851,0.246799036845451,0.0302465623377586,0.00535044650748259,0.252754285497573,0.247087793442809
20280002,20284002,30,14,2947.88383505689,0.629314152435031,0.240788932164474,0.0247501800987156,0.00437392454701357,0.252754285497573,0.247087793442809
20280002,20284002,30,15,2835.39916548331,0.605300928558023,0.237176087727803,0.0210953754996606,0.00372580260885682,0.252754285497573,0.247087793442809
20280002,20284002,30,16,2748.68777760016,0.586789784081023,0.235180409549491,0.0185158295111707,0.00326893485100046,0.252754285497573,0.247087793442809
20280002,20284002,30,17,2678.43910599486,0.571793099779819,0.234312654705511,0.0166116539033058,0.00293197679812248,0.252754285497573,0.247087793442809
20280002,20284002,30,18,2619.38087559802,0.559185350531183,0.234253794494053,0.0151536853904392,0.00267413968277555,0.252754285497573,0.247087793442809
20280002,20284002,30,19,2568.37386298511,0.548296375012881,0.234788885117948,0.0139959732986658,0.00246949903565903,0.252754285497573,0.247087793442809
20280002,20284002,30,20,2523.46274208441,0.538708750273933,0.235768526480942,0.0130449030866864,0.00230144840656105,0.252754285497573,0.247087793442809
20280002,20284002,30,21,2483.36643855078,0.530148992601679,0.237085782427483,0.012241852169855,0.00215959586079231,0.252754285497573,0.247087793442809
20280002,20284002,30,22,2447.20082689812,0.522428358913939,0.238662090005978,0.0115493130074912,0.00203729545634982,0.252754285497573,0.247087793442809
20280002,20284002,30,23,2414.32665294835,0.515410381248002,0.240438369535784,0.0109421096249695,0.0019300879768895,0.252754285497573,0.247087793442809
20280002,20284002,30,24,2384.26330313984,0.508992458235194,0.242369229322436,0.010402536985785,0.00183483858820068,0.252754285497573,0.247087793442809
20280002,20284002,30,25,2356.63668354682,0.50309472831549,0.244419119044236,0.00991794857128566,0.00174930865486483,0.252754285497573,0.247087793442809
20280002,20284002,30,26,2331.14621637666,0.497653024150763,0.246559765062573,0.00947924287675682,0.00167188728029519,0.252754285497573,0.247087793442809
20280002,20284002,30,27,2307.54422389238,0.49261447150517,0.248768440775967,0.00907955922145539,0.00160136040910209,0.252754285497573,0.247087793442809
20280002,20284002,30,28,2285.62332966497,0.487934799664887,0.251026753225698,0.00871333851581379,0.00153674466013107,0.252754285497573,0.247087793442809
20280002,20284002,30,29,2265.20833739947,0.483576607730136,0.253319742598915,0.00837586175408659,0.00147720560558061,0.252754285497573,0.247087793442809
20280002,20284002,30,30,2246.15023037241,0.479508083615271,0.25563518661976,0.00806312757100464,0.00142203594725799,0.252754285497573,0.247087793442809
20280002,20284002,30,31,2228.32120863728,0.475701944591556,0.257963057565398,0.00777185312386351,0.00137065550421754,0.252754285497573,0.247087793442809
20280002,20284002,30,32,2211.61052090838,0.47213454747785,0.260295100820401,0.00749944201158701,0.00132260543592087,0.252754285497573,0.247087793442809
20280002,20284002,30,33,2195.921147394,0.468785180491939,0.262624508570509,0.00724386740196458,0.00127752755113687,0.252754285497573,0.247087793442809
20280002,20284002,30,34,2181.16734284418,0.465635538740441,0.264945664289661,0.00700350129593684,0.00123513414582297,0.252754285497573,0.247087793442809
20280002,20284002,30,35,2167.27289400974,0.462669352221214,0.267253937954294,0.0067769559099515,0.00119517999541735,0.252754285497573,0.247087793442809
20280002,20284002,30,36,2154.16984071896,0.459872112798839,0.269545517963733,0.00656298963580024,0.00115744574547433,0.252754285497573,0.247087793442809
20280002,20284002,30,37,2141.79741931533,0.457230848649758,0.271817271657823,0.00636048522526218,0.00112173404513609,0.252754285497573,0.247087793442809
20280002,20284002,30,38,2130.10108537399,0.454733915631788,0.274066630431091,0.00616846900884556,0.00108787292103931,0.252754285497573,0.247087793442809
20280002,20284002,30,39,2119.03158638451,0.452370799320487,0.276291497094679,0.00598613076826776,0.0010557192698338,0.252754285497573,0.247087793442809
20280002,20284002,30,40,2108.54412531215,0.450131936446224,0.278490172884169,0.00581281962502891,0.00102515812412549,0.252754285497573,0.247087793442809
20280002,20284002,30,41,2098.59766657059,0.448008566733266,0.280661300567782,0.0056480142035793,0.000996097384330202,0.252754285497573,0.247087793442809
20280002,20284002,30,42,2089.15440721062,0.445992620009156,0.282803819553528,0.00549128018968365,0.000968460329640715,0.252754285497573,0.247087793442809
20280002,20284002,30,43,2080.17939960342,0.44407663565514,0.28491692915656,0.00534223050375822,0.000942178591397014,0.252754285497573,0.247087793442809
20280002,20284002,30,44,2071.64028850951,0.442253706475672,0.287000057079066,0.00520049732055203,0.00091718721620137,0.252754285497573,0.247087793442809
20280002,20284002,30,45,2063.5071199587,0.440517437898092,0.289052831235237,0.00506571781621741,0.000893422150122677,0.252754285497573,0.247087793442809
20280002,20284002,30,46,2055.75218692683,0.438861915027718,0.29107505396639,0.00493753047098755,0.000870819584484867,0.252754285497573,0.247087793442809
20280002,20284002,30,47,2048.3498900294,0.437281672908716,0.29306667827707,0.00481557677884139,0.000849316255245348,0.252754285497573,0.247087793442809
20280002,20284002,30,48,2041.27660400125,0.435771668020193,0.295027785990469,0.0046995039230145,0.000828849912782244,0.252754285497573,0.247087793442809
20280002,20284002,30,49,2034.51054859126,0.434327250714792,0.296958567775771,0.00458896634162463,0.000809359596066309,0.252754285497573,0.247087793442809
20280002,20284002,30,50,2028.03166478494,0.432944138794705,0.298859304974156,0.00448362655456832,0.000790785776713482,0.252754285497573,0.247087793442809
20280002,20284002,30,51,2021.82149594502,0.431618392137562,0.300730353143778,0.00438315673098106,0.000773070633836431,0.252754285497573,0.247087793442809
20280002,20284002,30,52,2015.86307167258,0.430346387903113,0.302572127288114,0.00428724189152277,0.000756158617427164,0.252754285497573,0.247087793442809
20280002,20284002,30,53,2010.1407921311,0.429124795838725,0.304385088794639,0.00419558422011366,0.000739997207618757,0.252754285497573,0.247087793442809
20280002,20284002,30,54,2004.64031238433,0.427950553587839,0.306169734138358,0.00410790697674502,0.000724537603794832,0.252754285497573,0.247087793442809
20280002,20284002,30,55,1999.34842860801,0.426820842398452,0.307926585368002,0.00402395662221356,0.000709735098532294,0.252754285497573,0.247087793442809
20280002,20284002,30,56,1994.25296938054,0.425733063915843,0.309656182305851,0.0039435026880322,0.000695549054038841,0.252754285497573,0.247087793442809
20280002,20284002,30,57,1989.34269511566,0.42468481871348,0.31135907629652,0.00386633587362687,0.00068194256609263,0.252754285497573,0.247087793442809
20280002,20284002,30,58,1984.60720751702,0.423673886963367,0.313035825274205,0.00379226528917691,0.000668881977432005,0.252754285497573,0.247087793442809
20280002,20284002,30,59,1980.0368695059,0.422698211342228,0.314686989897617,0.00372111566288072,0.000656336384981806,0.252754285497573,0.247087793442809
20280002,20284002,30,60,1975.62273498264,0.421755882036981,0.316313130520407,0.00365272497823766,0.000644277223011294,0.252754285497573,0.247087793442809
20280002,20284002,30,61,1971.35648721695,0.420845123592292,0.31791480480471,0.0035869426715108,0.000632677945160583,0.252754285497573,0.247087793442809
20280002,20284002,30,62,1967.23038453446,0.419964283315747,0.319492565830001,0.00352362832009986,0.000621513793099396,0.252754285497573,0.247087793442809
20280002,20284002,30,63,1963.23721209376,0.419111820983222,0.321046960588292,0.00346265068250383,0.000610761627229342,0.252754285497573,0.247087793442809
20280002,20284002,30,64,1959.37023877064,0.418286299634522,0.32257852878609,0.00340388695704437,0.000600399795988513,0.252754285497573,0.247087793442809
20280002,20284002,30,65,1955.62317838778,0.417486377296701,0.324087801893708,0.00334722216221686,0.000590408026616053,0.252754285497573,0.247087793442809
20280002,20284002,30,66,1951.99015470636,0.416710799510474,0.325575302395723,0.00329254857957596,0.000580767326946507,0.252754285497573,0.247087793442809
20280002,20284002,30,67,1948.465669723,0.415958392562243,0.327041543205102,0.00323976522995512,0.00057145989307891,0.252754285497573,0.247087793442809
20280002,20284002,30,68,1945.0445748978,0.415228057341867,0.32848702720974,0.00318877737365488,0.000562469021266182,0.252754285497573,0.247087793442809
20280002,20284002,30,69,1941.72204499187,0.414518763757491,0.329912246925259,0.00313949603636067,0.00055377902433458,0.252754285497573,0.247087793442809
20280002,20284002,30,70,1938.49355422692,0.413829545646104,0.331317684232563,0.00309183756713404,0.00054537515375244,0.252754285497573,0.247087793442809
20280002,20284002,30,71,1935.35485450596,0.413159496124085,0.332703810183152,0.00304572323501271,0.000537243528501881,0.252754285497573,0.247087793442809
20280002,20284002,30,72,1932.3019554587,0.412507763327308,0.334071084859347,0.00300107886843905,0.000529371071499053,0.252754285497573,0.247087793442809
20280002,20284002,30,73,1929.33110610124,0.411873546495842,0.335419957280416,0.00295783453840348,0.000521745453720626,0.252754285497573,0.247087793442809
20280002,20284002,30,74,1926.43877792674,0.411256092364151,0.336750865348667,0.00291592428289731,0.000514355045613481,0.252754285497573,0.247087793442809
20280002,20284002,30,75,1923.62164927206,0.41065469182369,0.338064235832019,0.00287528586764148,0.000507188874900788,0.252754285497573,0.247087793442809
20280002,20284002,30,76,1920.87659083248,0.41006867683058,0.339360484381105,0.00283586057638124,0.000500236589601758,0.252754285497573,0.247087793442809
20280002,20284002,30,77,1918.20065222108,0.409497417536311,0.340640015579849,0.00279759302335656,0.000493488424962126,0.252754285497573,0.247087793442809
20280002,20284002,30,78,1915.5910494906,0.408940319623906,0.341903223028666,0.00276043098078088,0.000486935173031558,0.252754285497573,0.247087793442809
20280002,20284002,30,79,1913.04515355197,0.408396821835507,0.343150489459204,0.00272432521511344,0.000480568153791993,0.252754285497573,0.247087793442809
20280002,20284002,30,80,1910.5604794358,0.407866393679927,0.344382186879009,0.0026892293273732,0.000474379186998869,0.252754285497573,0.247087793442809
20280002,20284002,30,81,1908.13467635084,0.407348533310319,0.345598676743849,0.00265509959447241,0.000468360564202284,0.252754285497573,0.247087793442809
20280002,20284002,30,82,1905.76551849725,0.406842765562999,0.346800310154764,0.00262189481030086,0.000462505020724194,0.252754285497573,0.247087793442809
20280002,20284002,30,83,1903.45089659369,0.406348640148652,0.34798742807638,0.00258957612684269,0.000456805707641415,0.252754285497573,0.247087793442809
20280002,20284002,30,84,1901.18881007648,0.405865729987,0.349160361572674,0.002558106896791,0.000451256164032791,0.252754285497573,0.247087793442809
20280002,20284002,30,85,1898.97735992704,0.405393629675619,0.350319432056221,0.00252745251984124,0.000445850289875236,0.252754285497573,0.247087793442809
20280002,20284002,30,86,1896.81474208238,0.404931954083193,0.35146495154702,0.00249758029508325,0.000440582320015424,0.252754285497573,0.247087793442809
20280002,20284002,30,87,1894.69924138157,0.404480337057219,0.352597222937262,0.00246845928173065,0.000435446799612014,0.252754285497573,0.247087793442809
20280002,20284002,30,88,1892.62922600138,0.404038430236122,0.353716540258763,0.00244006016994146,0.000430438561357727,0.252754285497573,0.247087793442809
20280002,20284002,30,89,1890.60314233472,0.40360590195591,0.354823188950298,0.00241235516282869,0.000425552704675071,0.252754285497573,0.247087793442809
20280002,20284002,30,90,1888.61951026788,0.403182436241948,0.355917446122557,0.00238531787006823,0.00042078457695755,0.252754285497573,0.247087793442809
20280002,20284002,30,91,1886.67691881525,0.402767731877075,0.356999580819003,0.00235892321288619,0.000416129756817879,0.252754285497573,0.247087793442809
20280002,20284002,30,92,1884.77402207436,0.402361501538068,0.358069854271345,0.00233314733971831,0.00041158403921841,0.252754285497573,0.247087793442809
20280002,20284002,30,93,1882.90953546743,0.401963470993305,0.359128520148795,0.0023079675515056,0.000407143422301059,0.252754285497573,0.247087793442809
20280002,20284002,30,94,1881.08223224051,0.401573378355389,0.360175824800601,0.00228336223542034,0.000402804095703963,0.252754285497573,0.247087793442809
20280002,20284002,30,95,1879.29094019462,0.401190973383314,0.361212007491615,0.0022593108057762,0.00039856243014504,0.252754285497573,0.247087793442809
20280002,20284002,30,96,1877.53453862718,0.400816016829529,0.362237300630859,0.00223579365093194,0.00039441496806244,0.252754285497573,0.247087793442809
20280002,20284002,30,97,1875.81195546532,0.400448279827952,0.363251929993182,0.00221279208511097,0.000390358415121752,0.252754285497573,0.247087793442809
20280002,20284002,30,98,1874.12216457519,0.400087543319555,0.364256114934169,0.00219028830419898,0.000386389632424556,0.252754285497573,0.247087793442809
20280002,20284002,30,99,1872.46418323374,0.399733597512655,0.365250068598527,0.00216826534472846,0.000382505629278769,0.252754285497573,0.247087793442809
20280002,20284002,30,100,1870.83706975155,0.399386241375421,0.366233998122164,0.00214670704539656,0.000378703556415477,0.252754285497573,0.247087793442809
20280002,20284002,30,101,1869.2399212365,0.399045282158472,0.367208104828189,0.00212559801058752,0.000374980699559018,0.252754285497573,0.247087793442809
20280002,20284002,30,102,1867.67187148962,0.398710534945674,0.368172584417029,0.00210492357547988,0.000371334473276274,0.252754285497573,0.247087793442809
20280002,20284002,30,103,1866.13208902523,0.398381822231493,0.369127627150846,0.00208466977241382,0.00036776241504791,0.252754285497573,0.247087793442809
20280002,20284002,30,104,1864.61977520849,0.398058973523386,0.370073418032418,0.00206482329827527,0.00036426217951866,0.252754285497573,0.247087793442809
20280002,20284002,30,105,1863.13416250392,0.397741824967903,0.371010136978613,0.00204537148272402,0.000360831532896203,0.252754285497573,0.247087793442809
20280002,20284002,30,106,1861.6745128291,0.397430218999228,0.371937958988583,0.00202630225715306,0.000357468347478757,0.252754285497573,0.247087793442809
20280002,20284002,30,107,1860.24011600803,0.397124004009012,0.372857054306771,0.00200760412431537,0.000354170596300153,0.252754285497573,0.247087793442809
20280002,20284002,30,108,1858.83028831911,0.39682303403639,0.373767588580839,0.00198926612859482,0.000350936347888304,0.252754285497573,0.247087793442809
20280002,20284002,30,109,1857.44437113283,0.396527168477151,0.374669723014589,0.00197127782692814,0.000347763761138308,0.252754285497573,0.247087793442809
20280002,20284002,30,110,1856.08172963441,0.396236271811057,0.375563614515968,0.00195362926040639,0.000344651080305236,0.252754285497573,0.247087793442809
20280002,20284002,30,111,1854.74175162697,0.395950213346337,0.37644941584023,0.00193631092659981,0.000341596630124321,0.252754285497573,0.247087793442809
20280002,20284002,30,112,1853.42384641089,0.395668866980451,0.377327275728342,0.00191931375265684,0.000338598811067588,0.252754285497573,0.247087793442809
20280002,20284002,30,113,1852.12744373495,0.395392110976187,0.378197339040711,0.00190262906923211,0.000335656094746552,0.252754285497573,0.247087793442809
20280002,20284002,30,114,1850.85199281534,0.395119827752235,0.379059746886316,0.00188624858529813,0.000332767019470671,0.252754285497573,0.247087793442809
20280002,20284002,30,115,1849.59696141844,0.394851903687375,0.379914636747332,0.0018701643638922,0.000329930185970687,0.252754285497573,0.247087793442809
20280002,20284002,30,116,1848.36183500344,0.394588228937455,0.38076214259934,0.00185436879884767,0.000327144253295468,0.252754285497573,0.247087793442809
20280002,20284002,30,117,1847.14611592116,0.394328697264339,0.381602395027211,0.00183885459255313,0.000324407934890122,0.252754285497573,0.247087793442809
20280002,20284002,30,118,1845.9493226653,0.394073205876077,0.382435521336759,0.00182361473477951,0.000321719994862387,0.252754285497573,0.247087793442809
20280002,20284002,30,119,1844.77098917268,0.393821655277516,0.38326164566227,0.00180864248260949,0.000319079244443416,0.252754285497573,0.247087793442809
20280002,20284002,30,120,1843.61066416906,0.393573949130647,0.384080889070007,0.00179393134149952,0.000316484538648287,0.252754285497573,0.247087793442809
20280002,20284002,30,121,1842.46791055728,0.393329994123978,0.384893369657789,0.00177947504749847,0.000313934773140491,0.252754285497573,0.247087793442809
20280002,20284002,30,122,1841.34230484453,0.39308969985028,0.385699202650761,0.00176526755064159,0.000311428881303696,0.252754285497573,0.247087793442809
20280002,20284002,30,123,1840.23343660591,0.392852978692053,0.386498500493475,0.00175130299953094,0.000308965831522772,0.252754285497573,0.247087793442809
20280002,20284002,30,124,1839.14090798119,0.392619745714112,0.387291372938365,0.00173757572710637,0.000306544624674778,0.252754285497573,0.247087793442809
20280002,20284002,30,125,1838.06433320236,0.392389918562711,0.388077927130779,0.00172408023760267,0.000304164291829178,0.252754285497573,0.247087793442809
20280002,20284002,30,126,1837.0033381491,0.392163417370655,0.38885826769064,0.00171081119467885,0.000301823892154781,0.252754285497573,0.247087793442809
20280002,20284002,30,127,1835.95755992995,0.391940164667888,0.389632496790893,0.00169776341069657,0.000299522511029371,0.252754285497573,0.247087793442809
20280002,20284002,30,128,1834.92664648688,0.391720085297073,0.39040071423284,0.00168493183711527,0.000297259258346304,0.252754285497573,0.247087793442809
20280002,20284002,30,129,1833.9102562211,0.391503106333706,0.3911630175185,0.00167231155596206,0.000295033267010663,0.252754285497573,0.247087793442809
20280002,20284002,30,130,1832.9080576381,0.391289157010354,0.391919501920103,0.00165989777232551,0.000292843691616024,0.252754285497573,0.247087793442809
20280002,20284002,30,131,1831.91972901029,0.391078168644617,0.392670260546853,0.0016476858078158,0.000290689707291657,0.252754285497573,0.247087793442809
20280002,20284002,30,132,1830.94495805535,0.390870074570478,0.393415384409085,0.00163567109492582,0.000288570508708656,0.252754285497573,0.247087793442809
20280002,20284002,30,133,1829.98344162897,0.390664810072698,0.394154962479922,0.00162384917222393,0.00028648530923273,0.252754285497573,0.247087793442809
20280002,20284002,30,134,1829.03488543048,0.390462312323976,0.394889081754565,0.0016122156803044,0.000284433340210653,0.252754285497573,0.247087793442809
20280002,20284002,30,135,1828.09900372019,0.390262520324616,0.395617827307327,0.0016007663584199,0.000282413850377005,0.252754285497573,0.247087793442809
20280002,20284002,30,136,1827.1755190474,0.390065374844446,0.396341282346517,0.00158949704171918,0.000280426105367632,0.252754285497573,0.247087793442809
20280002,20284002,30,137,1826.26416198798,0.389870818366815,0.397059528267291,0.00157840365901383,0.000278469387326451,0.252754285497573,0.247087793442809
20280002,20284002,30,138,1825.36467089084,0.389678795034455,0.397772644702566,0.00156748223099956,0.000276542994592372,0.252754285497573,0.247087793442809
20280002,20284002,30,139,1824.4767916324,0.389489250597072,0.398480709572102,0.00155672886886005,0.00027464624145371,0.252754285497573,0.247087793442809
20280002,20284002,30,140,1823.60027737856,0.389302132360528,0.399183799129833,0.00154613977318484,0.000272778457957956,0.252754285497573,0.247087793442809
20280002,20284002,30,141,1822.73488835351,0.389117389137491,0.399881988009551,0.00153571123313704,0.000270938989765612,0.252754285497573,0.247087793442809
20280002,20284002,30,142,1821.88039161504,0.388934971199466,0.400575349269009,0.00152543962581128,0.000269127198037526,0.252754285497573,0.247087793442809
20280002,20284002,30,143,1821.03656083594,0.388754830230126,0.401263954432539,0.00151532141572695,0.0002673424593461,0.252754285497573,0.247087793442809
20280002,20284002,30,144,1820.20317609111,0.388576919279868,0.401947873532234,0.001505353154407,0.000265584165601546,0.252754285497573,0.247087793442809
20280002,20284002,30,145,1819.38002365029,0.388401192721561,0.402627175147783,0.00149553147999864,0.000263851723985514,0.252754285497573,0.247087793442809
20280002,20284002,30,146,1818.56689577606,0.38822760620743,0.403301926445011,0.001485853116896,0.000262144556885033,0.252754285497573,0.247087793442809
20280002,20284002,30,147,1817.76359052709,0.388056116627043,0.403972193213175,0.00147631487533173,0.000260462101820952,0.252754285497573,0.247087793442809
20280002,20284002,30,148,1816.96991156644,0.387886682066399,0.404638039901088,0.00146691365090799,0.000258803811365651,0.252754285497573,0.247087793442809
20280002,20284002,30,149,1816.18566797493,0.387719261768072,0.405299529652102,0.00145764642404344,0.000257169153045934,0.252754285497573,0.247087793442809
20280002,20284002,30,150,1815.41067406935,0.387553816092422,0.405956724338007,0.0014485102593167,0.000255557609227596,0.252754285497573,0.247087793442809
20280002,20284002,30,151,1814.64474922579,0.387390306479857,0.406609684591886,0.00143950230469129,0.000253968676979088,0.252754285497573,0.247087793442809
20280002,20284002,30,152,1813.88771770768,0.387228695414143,0.407258469839959,0.00143061979061171,0.000252401867912411,0.252754285497573,0.247087793442809
20280002,20284002,30,153,1813.13940849891,0.387068946386764,0.407903138332465,0.00142186002896308,0.000250856707999922,0.252754285497573,0.247087793442809
20280002,20284002,30,154,1812.39965514174,0.386911023862327,0.408543747173601,0.00141322041189135,0.000249332737366522,0.252754285497573,0.247087793442809
20280002,20284002,30,155,1811.66829557968,0.386754893245018,0.409180352350566,0.00140469841048362,0.000247829510057143,0.252754285497573,0.247087793442809
20280002,20284002,30,156,1810.94517200525,0.386600520846102,0.409813008761724,0.00139629157331087,0.00024634659377994,0.252754285497573,0.247087793442809
20280002,20284002,30,157,1810.23013071267,0.386447873852471,0.41044177024392,0.00138799752483835,0.00024488356962613,0.252754285497573,0.247087793442809
20280002,20284002,30,158,1809.52302195542,0.386296920296242,0.41106668959898,0.00137981396371066,0.000243440031767693,0.252754285497573,0.247087793442809
20280002,20284002,30,159,1808.8236998087,0.386147629025395,0.411687818619413,0.0013717386609201,0.000242015587134471,0.252754285497573,0.247087793442809
20280002,20284002,30,160,1808.13202203674,0.385999969675445,0.412305208113338,0.00136376945786898,0.000240609855072547,0.252754285497573,0.247087793442809
20280002,20284002,30,161,1807.44784996499,0.385853912642147,0.412918907928663,0.00135590426433728,0.000239222466985911,0.252754285497573,0.247087793442809
20280002,20284002,30,162,1806.77104835697,0.385709429055224,0.413528966976533,0.00134814105636749,0.000237853065963503,0.252754285497573,0.247087793442809
20280002,20284002,30,163,1806.10148529596,0.385566490753101,0.414135433254069,0.00134047787408023,0.000236501306394026,0.252754285497573,0.247087793442809
20280002,20284002,30,164,1805.43903207134,0.385425070258635,0.414738353866418,0.00133291281943312,0.00023516685357075,0.252754285497573,0.247087793442809
20280002,20284002,30,165,1804.78356306942,0.385285140755822,0.415337775048128,0.00132544405393621,0.000233849383288628,0.252754285497573,0.247087793442809
20280002,20284002,30,166,1804.13495566891,0.385146676067471,0.415933742183878,0.00131806979633715,0.00023254858143608,0.252754285497573,0.247087793442809
20280002,20284002,30,167,1803.49309014068,0.385009650633813,0.416526299828566,0.00131078832028857,0.000231264143583614,0.252754285497573,0.247087793442809
20280002,20284002,30,168,1802.85784955192,0.384874039492033,0.417115491726781,0.00130359795200986,0.000229995774571468,0.252754285497573,0.247087793442809
20280002,20284002,30,169,1802.2291196744,0.384739818256692,0.417701360831678,0.001296497067955,0.0002287431880983,0.252754285497573,0.247087793442809
20280002,20284002,30,170,1801.60678889687,0.384606963101025,0.418283949323263,0.00128948409249719,0.000227506106312836,0.252754285497573,0.247087793442809
20280002,20284002,30,171,1800.99074814139,0.384475450739076,0.418863298626117,0.00128255749564021,0.000226284259410242,0.252754285497573,0.247087793442809
20280002,20284002,30,172,1800.38089078349,0.384345258408656,0.419439449426561,0.001275715790766,0.000225077385234862,0.252754285497573,0.247087793442809
20280002,20284002,30,173,1799.77711257599,0.38421636385508,0.420012441689289,0.00126895753242653,0.00022388522889078,0.252754285497573,0.247087793442809
20280002,20284002,30,174,1799.1793115764,0.38408874531567,0.42058231467348,0.00126228131418768,0.000222707542361539,0.252754285497573,0.247087793442809
20280002,20284002,30,175,1798.58738807772,0.383962381504976,0.421149106948401,0.00125568576653142,0.000221544084140158,0.252754285497573,0.247087793442809
20280002,20284002,30,176,1798.00124454249,0.383837251600708,0.421712856408524,0.00124916955482249,0.000220394618870509,0.252754285497573,0.247087793442809
20280002,20284002,30,177,1797.42078554004,0.383713335230324,0.422273600288164,0.00124273137734417,0.000219258917000887,0.252754285497573,0.247087793442809
20280002,20284002,30,178,1796.8459176866,0.383590612458264,0.422831375175652,0.00123636996340739,0.000218136754450517,0.252754285497573,0.247087793442809
20280002,20284002,30,179,1796.2765495884,0.383469063773787,0.423386217027067,0.00123008407153713,0.000217027912289686,0.252754285497573,0.247087793442809
20280002,20284002,30,180,1795.71259178737,0.383348670079386,0.423938161179529,0.00122387248773809,0.000215932176433865,0.252754285497573,0.247087793442809
20280002,20284002,30,181,1795.15395670945,0.383229412679755,0.424487242364077,0.00121773402384249,0.000214849337352312,0.252754285497573,0.247087793442809
20280002,20284002,30,182,1794.60055861534,0.383111273271273,0.425033494718132,0.00121166751594151,0.000213779189791431,0.252754285497573,0.247087793442809
20280002,20284002,30,183,1794.05231355356,0.382994233931975,0.425576951797575,0.00120567182290118,0.000212721532513025,0.252754285497573,0.247087793442809
20280002,20284002,30,184,1793.50913931562,0.382878277111997,0.426117646588445,0.00119974582496371,0.000211676168047625,0.252754285497573,0.247087793442809
20280002,20284002,30,185,1792.97095539329,0.382763385624448,0.426655611518262,0.00119388842243431,0.000210642902462892,0.252754285497573,0.247087793442809
20280002,20284002,30,186,1792.43768293782,0.382649542636694,0.427190878467003,0.0011880985344533,0.000209621545147068,0.252754285497573,0.247087793442809
20280002,20284002,30,187,1791.90924472085,0.382536731662032,0.427723478777736,0.00118237509785324,0.000208611908607422,0.252754285497573,0.247087793442809
20280002,20284002,30,188,1791.38556509715,0.382424936551716,0.428253443266918,0.00117671706610002,0.000207613808283509,0.252754285497573,0.247087793442809
20280002,20284002,30,189,1790.86656996881,0.382314141487331,0.428780802234381,0.00117112340831682,0.000206627062375043,0.252754285497573,0.247087793442809
20280002,20284002,30,190,1790.35218675101,0.382204330973467,0.429305585473014,0.00116559310838989,0.000205651491684205,0.252754285497573,0.247087793442809
20280002,20284002,30,191,1789.84234433904,0.382095489830696,0.429827822278149,0.00116012516415415,0.000204686919472033,0.252754285497573,0.247087793442809
20280002,20284002,30,192,1789.33697307672,0.381987603188818,0.430347541456663,0.00115471858665702,0.000203733171328604,0.252754285497573,0.247087793442809
20280002,20284002,30,193,1788.8360047259,0.381880656480352,0.430864771335818,0.00114937239949848,0.000202790075056675,0.252754285497573,0.247087793442809
20280002,20284002,30,194,1788.33937243705,0.381774635434268,0.431379539771833,0.0011440856382452,0.000201857460568372,0.252754285497573,0.247087793442809
20280002,20284002,30,195,1787.84701072094,0.381669526069924,0.431891874158218,0.00113885734991611,0.000200935159794503,0.252754285497573,0.247087793442809
20280002,20284002,30,196,1787.35885542114,0.381565314691207,0.432401801433866,0.0011336865925372,0.000200023006606057,0.252754285497573,0.247087793442809
20280002,20284002,30,197,1786.87484368741,0.38146198788085,0.432909348090922,0.00112857243476274,0.000199120836747448,0.252754285497573,0.247087793442809
20280002,20284002,30,198,1786.39491394988,0.381359532494916,0.433414540182442,0.00112351395556006,0.00019822848778094,0.252754285497573,0.247087793442809
20280002,20284002,30,199,1785.91900589386,0.381257935657434,0.433917403329841,0.00111851024395506,0.000197345799041814,0.252754285497573,0.247087793442809
20280002,20284002,30,200,1785.44706043543,0.381157184755164,0.434417962730159,0.00111356039883522,0.000196472611603649,0.252754285497573,0.247087793442809
20280002,20284002,30,201,1784.97901969746,0.3810572674325,0.434916243163136,0.00110866352880713,0.000195608768253251,0.252754285497573,0.247087793442809
20280002,20284002,30,202,1784.51482698625,0.380958171586474,0.435412268998123,0.00110381875210529,0.000194754113474592,0.252754285497573,0.247087793442809
20280002,20284002,30,203,1784.05442676862,0.380859885361864,0.435906064200824,0.00109902519654848,0.000193908493441169,0.252754285497573,0.247087793442809
20280002,20284002,30,204,1783.59776464946,0.380762397146402,0.43639765233989,0.00109428199954092,0.000193071756016245,0.252754285497573,0.247087793442809
20280002,20284002,30,205,1783.14478734959,0.380665695566052,0.436887056593377,0.00108958830811412,0.000192243750760272,0.252754285497573,0.247087793442809
20280002,20284002,30,206,1782.69544268406,0.380569769480371,0.437374299755058,0.00108494327900616,0.000191424328944928,0.252754285497573,0.247087793442809
20280002,20284002,30,207,1782.24967954069,0.380474607977933,0.43785940424062,0.00108034607877511,0.000190613343573152,0.252754285497573,0.247087793442809
20280002,20284002,30,208,1781.80744785894,0.380380200371814,0.438342392093748,0.00107579588394254,0.000189810649404506,0.252754285497573,0.247087793442809
20280002,20284002,30,209,1781.36869860896,0.380286536195128,0.438823284992093,0.00107129188116376,0.000189016102985249,0.252754285497573,0.247087793442809
20280002,20284002,30,210,1780.933383771,0.380193605196613,0.439302104253149,0.00106683326742134,0.000188229562682503,0.252754285497573,0.247087793442809
20280002,20284002,30,211,1780.50145631483,0.380101397336262,0.439778870840036,0.00106241925023817,0.000187450888721885,0.252754285497573,0.247087793442809
20280002,20284002,30,212,1780.07287017953,0.38000990278099,0.440253605367202,0.00105804904790643,0.00018667994322793,0.252754285497573,0.247087793442809
20280002,20284002,30,213,1779.64758025333,0.379919111900339,0.440726328106042,0.00105372188972952,0.000185916590266806,0.252754285497573,0.247087793442809
20280002,20284002,30,214,1779.22554235368,0.379829015262216,0.44119705899045,0.00104943701627265,0.000185160695890555,0.252754285497573,0.247087793442809
20280002,20284002,30,215,1778.80671320738,0.379739603628662,0.441665817622311,0.0010451936796197,0.00018441212818244,0.252754285497573,0.247087793442809
20280002,20284002,30,216,1778.39105043095,0.379650867951655,0.442132623276926,0.00104099114363239,0.000183670757302689,0.252754285497573,0.247087793442809
20280002,20284002,30,217,1777.97851251109,0.37956279936893,0.442597494908391,0.00103682868420893,0.000182936455534168,0.252754285497573,0.247087793442809
20280002,20284002,30,218,1777.56905878521,0.379475389199846,0.443060451154918,0.00103270558953894,0.000182209097327373,0.252754285497573,0.247087793442809
20280002,20284002,30,219,1777.16264942221,0.379388628941259,0.443521510344122,0.00102862116035209,0.000181488559344322,0.252754285497573,0.247087793442809
20280002,20284002,30,220,1776.75924540334,0.379302510263443,0.443980690498259,0.00102457471015705,0.000180774720500743,0.252754285497573,0.247087793442809
20280002,20284002,30,221,1776.35880850313,0.379217025006033,0.444438009339427,0.00102056556546886,0.000180067462006205,0.252754285497573,0.247087793442809
20280002,20284002,30,222,1775.9613012706,0.37913216517399,0.44489348429474,0.00101659306602182,0.000179366667401705,0.252754285497573,0.247087793442809
20280002,20284002,30,223,1775.56668701051,0.379047922933616,0.445347132501457,0.0010126565649656,0.000178672222594293,0.252754285497573,0.247087793442809
20280002,20284002,30,224,1775.17492976481,0.378964290608589,0.445798970812089,0.00100875542904304,0.000177984015888455,0.252754285497573,0.247087793442809
20280002,20284002,30,225,1774.78599429428,0.378881260676038,0.446249015799481,0.00100488903874707,0.000177301938013822,0.252754285497573,0.247087793442809
20280002,20284002,30,226,1774.39984606029,0.378798825762661,0.44669728376185,0.00100105678845559,0.000176625882148994,0.252754285497573,0.247087793442809
20280002,20284002,30,227,1774.01645120683,0.378716978640878,0.447143790727817,0.000997258086542647,0.000175955743941165,0.252754285497573,0.247087793442809
20280002,20284002,30,228,1773.6357765427,0.37863571222503,0.447588552461392,0.000993492355464776,0.000175291421521384,0.252754285497573,0.247087793442809
20280002,20284002,30,229,1773.2577895239,0.378555019567626,0.448031584466948,0.000989759031821521,0.000174632815515249,0.252754285497573,0.247087793442809
20280002,20284002,30,230,1772.88245823631,0.378474893855641,0.448472901994158,0.00098605756638923,0.000173979829048887,0.252754285497573,0.247087793442809
20280002,20284002,30,231,1772.50975137855,0.378395328406857,0.448912520042907,0.000982387424127838,0.000173332367750171,0.252754285497573,0.247087793442809
20280002,20284002,30,232,1772.13963824516,0.378316316666275,0.449350453368177,0.000978748084159986,0.000172690339745053,0.252754285497573,0.247087793442809
20280002,20284002,30,233,1771.77208871002,0.37823785220257,0.449786716484896,0.000975139039722768,0.00017205365564907,0.252754285497573,0.247087793442809
20280002,20284002,30,234,1771.40707321007,0.37815992870462,0.450221323672759,0.000971559798091838,0.00017142222855397,0.252754285497573,0.247087793442809
20280002,20284002,30,235,1771.0445627293,0.378082539978088,0.450654288981017,0.000968009880478548,0.000170795974009583,0.252754285497573,0.247087793442809
20280002,20284002,30,236,1770.68452878309,0.378005679942083,0.451085626233225,0.000964488821900465,0.00017017481000099,0.252754285497573,0.247087793442809
20280002,20284002,30,237,1770.3269434029,0.377929342625875,0.451515349031953,0.000960996171025845,0.000169558656921103,0.252754285497573,0.247087793442809
20280002,20284002,30,238,1769.9717791212,0.377853522165701,0.451943470763463,0.000957531489993472,0.000168947437538892,0.252754285497573,0.247087793442809
20280002,20284002,30,239,1769.61900895685,0.377778212801628,0.452370004602331,0.000954094354207993,0.000168341076963296,0.252754285497573,0.247087793442809
20280002,20284002,30,240,1769.26860640079,0.377703408874501,0.452794963516037,0.000950684352113231,0.000167739502603238,0.252754285497573,0.247087793442809
20280002,20284002,30,241,1768.9205454021,0.377629104822969,0.4532183602695,0.000947301084943334,0.00016714264412374,0.252754285497573,0.247087793442809
20280002,20284002,30,242,1768.57480035441,0.377555295180589,0.453640207429558,0.00094394416645447,0.000166550433398599,0.252754285497573,0.247087793442809
20280002,20284002,30,243,1768.23134608278,0.377481974573011,0.454060517369407,0.000940613222637716,0.000165962804459746,0.252754285497573,0.247087793442809
20280002,20284002,30,244,1767.89015783081,0.377409137715246,0.454479302272972,0.000937307891415324,0.00016537969344367,0.252754285497573,0.247087793442809
20280002,20284002,30,245,1767.55121124834,0.377336779409015,0.45489657413923,0.000934027822321599,0.000164801038535134,0.252754285497573,0.247087793442809
20280002,20284002,30,246,1767.21448237935,0.377264894540191,0.455312344786462,0.000930772676170328,0.000164226779908508,0.252754285497573,0.247087793442809
20280002,20284002,30,247,1766.87994765036,0.37719347807631,0.455726625856449,0.000927542124710573,0.000163656859667053,0.252754285497573,0.247087793442809
20280002,20284002,30,248,1766.54758385925,0.37712252506418,0.456139428818602,0.000924335850272258,0.000163091221780409,0.252754285497573,0.247087793442809
20280002,20284002,30,249,1766.21736816437,0.377052030627571,0.456550764974017,0.000921153545403598,0.000162529812020636,0.252754285497573,0.247087793442809
20280002,20284002,30,250,1765.88927807415,0.376981989964979,0.45696064545947,0.000917994912501854,0.000161972577897077,0.252754285497573,0.247087793442809
20280002,20284002,30,251,1765.56329143703,0.376912398347494,0.45736908125133,0.000914859663439396,0.000161419468590401,0.252754285497573,0.247087793442809
20280002,20284002,30,252,1765.23938643184,0.376843251116729,0.457776083169407,0.00091174751918623,0.000160870434886013,0.252754285497573,0.247087793442809
20280002,20284002,30,253,1764.91754155849,0.376774543682846,0.458181661880718,0.000908658209431172,0.000160325429107231,0.252754285497573,0.247087793442809
20280002,20284002,30,254,1764.59773562909,0.376706271522657,0.458585827903176,0.000905591472202571,0.000159784405048377,0.252754285497573,0.247087793442809
20280002,20284002,30,255,1764.27994775943,0.376638430177801,0.458988591609207,0.000902547053490572,0.000159247317908145,0.252754285497573,0.247087793442809
20280002,20284002,30,256,1763.96415736082,0.376571015253007,0.459389963229278,0.000899524706871848,0.000158714124223406,0.252754285497573,0.247087793442809
20280002,20284002,30,257,1763.65034413231,0.376504022414424,0.459789952855352,0.000896524193138405,0.00015818478180372,0.252754285497573,0.247087793442809
20280002,20284002,30,258,1763.33848805319,0.376437447388033,0.460188570444257,0.000893545279931412,0.000157659249666746,0.252754285497573,0.247087793442809
20280002,20284002,30,259,1763.02856937589,0.376371285958127,0.460585825820976,0.000890587741381248,0.000157137487974745,0.252754285497573,0.247087793442809
20280002,20284002,30,260,1762.72056861923,0.37630553396586,0.460981728681848,0.000887651357754788,0.000156619457972359,0.252754285497573,0.247087793442809
20280002,20284002,30,261,1762.4144665619,0.376240187307868,0.461376288597695,0.00088473591511077,0.000156105121925813,0.252754285497573,0.247087793442809
20280002,20284002,30,262,1762.11024423632,0.376175241934954,0.46176951501686,0.000881841204964231,0.000155594443063722,0.252754285497573,0.247087793442809
20280002,20284002,30,263,1761.80788292278,0.376110693850834,0.462161417268163,0.000878967023960277,0.00015508738551954,0.252754285497573,0.247087793442809
20280002,20284002,30,264,1761.50736414386,0.37604653911095,0.462552004563773,0.000876113173558454,0.000154583914275884,0.252754285497573,0.247087793442809
20280002,20284002,30,265,1761.20866965912,0.375982773821332,0.462941286002,0.000873279459727676,0.000154083995110714,0.252754285497573,0.247087793442809
20280002,20284002,30,266,1760.91178146007,0.375919394137529,0.463329270570007,0.000870465692652544,0.000153587594545528,0.252754285497573,0.247087793442809
20280002,20284002,30,267,1760.61668176538,0.375856396263583,0.463715967146431,0.000867671686451221,0.00015309467979559,0.252754285497573,0.247087793442809
20280002,20284002,30,268,1760.32335301633,0.37579377645106,0.464101384503935,0.000864897258905175,0.000152605218722261,0.252754285497573,0.247087793442809
20280002,20284002,30,269,1760.0317778725,0.375731530998127,0.464485531311672,0.000862142231201228,0.00015211917978749,0.252754285497573,0.247087793442809
20280002,20284002,30,270,1759.74193920767,0.375669656248677,0.464868416137675,0.000859406427685535,0.000151636532010412,0.252754285497573,0.247087793442809
20280002,20284002,30,271,1759.45382010591,0.3756081485915,0.46525004745117,0.000856689675630289,0.000151157244926204,0.252754285497573,0.247087793442809
20280002,20284002,30,272,1759.16740385791,0.375547004459492,0.465630433624804,0.000853991805012417,0.000150681288547032,0.252754285497573,0.247087793442809
20280002,20284002,30,273,1758.88267395743,0.375486220328903,0.466009582936814,0.000851312648304984,0.000150208633325265,0.252754285497573,0.247087793442809
20280002,20284002,30,274,1758.59961409802,0.37542579271863,0.466387503573102,0.000848652040280492,0.000149739250118772,0.252754285497573,0.247087793442809
20280002,20284002,30,275,1758.31820816978,0.375365718189534,0.466764203629261,0.000846009817826534,0.000149273110158399,0.252754285497573,0.247087793442809
20280002,20284002,30,276,1758.03844025637,0.375305993343795,0.467139691112507,0.000843385819773178,0.000148810185017527,0.252754285497573,0.247087793442809
20280002,20284002,30,277,1757.76029463215,0.375246614824302,0.467513973943563,0.00084077988673235,0.000148350446583733,0.252754285497573,0.247087793442809
20280002,20284002,30,278,1757.48375575938,0.375187579314063,0.46788705995846,0.000838191860948357,0.000147893867032421,0.252754285497573,0.247087793442809
20280002,20284002,30,279,1757.20880828568,0.375128883535647,0.468258956910283,0.000835621586159907,0.000147440418802491,0.252754285497573,0.247087793442809
20280002,20284002,30,280,1756.93543704144,0.37507052425065,0.468629672470846,0.000833068907472783,0.000146990074573868,0.252754285497573,0.247087793442809
20280002,20284002,30,281,1756.6636270375,0.375012498259184,0.468999214232311,0.000830533671243308,0.000146542807246954,0.252754285497573,0.247087793442809
20280002,20284002,30,282,1756.39336346279,0.374954802399385,0.469367589708742,0.000828015724971935,0.000146098589923855,0.252754285497573,0.247087793442809
20280002,20284002,30,283,1756.12463168218,0.374897433546944,0.469734806337603,0.000825514917206694,0.000145657395891348,0.252754285497573,0.247087793442809
20280002,20284002,30,284,1755.85741723433,0.374840388614655,0.470100871481201,0.000823031097456169,0.000145219198605535,0.252754285497573,0.247087793442809
20280002,20284002,30,285,1755.59170582964,0.374783664551975,0.470465792428071,0.000820564116111667,0.000144783971678111,0.252754285497573,0.247087793442809
20280002,20284002,30,286,1755.3274833483,0.374727258344607,0.470829576394311,0.000818113824378078,0.000144351688864172,0.252754285497573,0.247087793442809
20280002,20284002,30,287,1755.06473583837,0.37467116701409,0.471192230524864,0.000815680074213002,0.000143922324051478,0.252754285497573,0.247087793442809
20280002,20284002,30,288,1754.80344951391,0.374615387617404,0.471553761894754,0.000813262718273941,0.000143495851251135,0.252754285497573,0.247087793442809
20280002,20284002,30,289,1754.54361075322,0.374559917246587,0.471914177510271,0.000810861609873001,0.000143072244589614,0.252754285497573,0.247087793442809
20280002,20284002,30,290,1754.28520609703,0.374504753028358,0.472273484310113,0.000808476602938607,0.000142651478301994,0.252754285497573,0.247087793442809
20280002,20284002,30,291,1754.02822224687,0.374449892123755,0.472631689166484,0.000806107551984304,0.000142233526726458,0.252754285497573,0.247087793442809
20280002,20284002,30,292,1753.77264606332,0.374395331727778,0.472988798886149,0.000803754312083529,0.000141818364299854,0.252754285497573,0.247087793442809
20280002,20284002,30,293,1753.51846456439,0.374341069069033,0.473344820211451,0.000801416738850528,0.000141405965554322,0.252754285497573,0.247087793442809
20280002,20284002,30,294,1753.26566492395,0.374287101409396,0.473699759821289,0.000799094688426902,0.000140996305114926,0.252754285497573,0.247087793442809
20280002,20284002,30,295,1753.01423447009,0.374233426043668,0.474053624332058,0.000796788017473348,0.000140589357698203,0.252754285497573,0.247087793442809
20280002,20284002,30,296,1752.76416068357,0.374180040299245,0.474406420298552,0.000794496583166018,0.000140185098111517,0.252754285497573,0.247087793442809
20280002,20284002,30,297,1752.51543119629,0.374126941535783,0.474758154214842,0.000792220243197663,0.00013978350125327,0.252754285497573,0.247087793442809
20280002,20284002,30,298,1752.26803378976,0.374074127144877,0.475108832515112,0.000789958855782748,0.000139384542113799,0.252754285497573,0.247087793442809
20280002,20284002,30,299,1752.02195639353,0.374021594549733,0.475458461574471,0.000787712279666284,0.000138988195776944,0.252754285497573,0.247087793442809
20280002,20284002,30,300,1751.77718708377,0.373969341204847,0.475807047709733,0.000785480374136232,0.000138594437422236,0.252754285497573,0.247087793442809
20280002,20284002,30,301,1751.53371408167,0.373917364595683,0.476154597180171,0.00078326299903901,0.000138203242327634,0.252754285497573,0.247087793442809
20280002,20284002,30,302,1751.29152575204,0.373865662238359,0.476501116188248,0.000781060014797715,0.000137814585872745,0.252754285497573,0.247087793442809
20280002,20284002,30,303,1751.05061060177,0.373814231679325,0.476846610880315,0.000778871282433024,0.000137428443542509,0.252754285497573,0.247087793442809
20280002,20284002,30,304,1750.81095727833,0.373763070495047,0.477191087347297,0.000776696663586168,0.000137044790931259,0.252754285497573,0.247087793442809
20280002,20284002,30,305,1750.57255456834,0.37371217629169,0.477534551625346,0.000774536020544001,0.000136663603747147,0.252754285497573,0.247087793442809
20280002,20284002,30,306,1750.33539139606,0.373661546704804,0.47787700969648,0.000772389216265689,0.000136284857816848,0.252754285497573,0.247087793442809
20280002,20284002,30,307,1750.09945682187,0.373611179399003,0.478218467489204,0.000770256114410823,0.000135908529090529,0.252754285497573,0.247087793442809
20280002,20284002,30,308,1749.86474004085,0.373561072067653,0.478558930879105,0.000768136579368905,0.00013553459364705,0.252754285497573,0.247087793442809
20280002,20284002,30,309,1749.63123038127,0.373511222432549,0.478898405689436,0.000766030476289489,0.000135163027699285,0.252754285497573,0.247087793442809
20280002,20284002,30,310,1749.39891730307,0.373461628243602,0.479236897691681,0.000763937671113516,0.000134793807599651,0.252754285497573,0.247087793442809
20280002,20284002,30,311,1749.16779039641,0.373412287278521,0.479574412606109,0.000761858030604833,0.00013442690984567,0.252754285497573,0.247087793442809
20280002,20284002,30,312,1748.93783938016,0.37336319734249,0.479910956102304,0.000759791422382319,0.000134062311085644,0.252754285497573,0.247087793442809
20280002,20284002,30,313,1748.70905410041,0.373314356267851,0.480246533799697,0.000757737714952227,0.000133699988124357,0.252754285497573,0.247087793442809
20280002,20284002,30,314,1748.48142452895,0.373265761913783,0.480581151268066,0.000755696777740327,0.000133339917928747,0.252754285497573,0.247087793442809
20280002,20284002,30,315,1748.25494076179,0.373217412165982,0.480914814028045,0.00075366848112409,0.000132982077633595,0.252754285497573,0.247087793442809
20280002,20284002,30,316,1748.02959301764,0.37316930493634,0.481247527551607,0.000751652696464796,0.000132626444547181,0.252754285497573,0.247087793442809
20280002,20284002,30,317,1747.80537163641,0.373121438162619,0.481579297262542,0.000749649296138775,0.000132272996156804,0.252754285497573,0.247087793442809
20280002,20284002,30,318,1747.58226707769,0.373073809808133,0.481910128536928,0.000747658153568541,0.000131921710134272,0.252754285497573,0.247087793442809
20280002,20284002,30,319,1747.36026991922,0.373026417861422,0.482240026703592,0.000745679143253136,0.000131572564341263,0.252754285497573,0.247087793442809
20280002,20284002,30,320,1747.13937085544,0.37297926033593,0.482568997044561,0.000743712140797599,0.00013122553683452,0.252754285497573,0.247087793442809
20280003,20284003,25,10,4526.97842153368,1,0.261849572767995,NaN,NaN,0.252189414015094,0.247118607308101
20280003,20284003,25,11,3802.98312032081,0.840070962616254,0.243587476869022,0.0564988834569454,0.0100162020003831,0.252189414015094,0.247118607308101
20280003,20284003,25,12,3496.20586662372,0.772304513313595,0.236115528773199,0.0368640895248929,0.00651752848760201,0.252189414015094,0.247118607308101
20280003,20284003,25,13,3308.41627749128,0.730822188538383,0.233292259029339,0.028820952063825,0.00508961679063214,0.252189414015094,0.247118607308101
20280003,20284003,25,14,3176.85330382652,0.701760204712936,0.233024686112817,0.0238887027673647,0.00421594418675078,0.252189414015094,0.247118607308101
20280003,20284003,25,15,3077.20050834356,0.679747112048536,0.234258294473201,0.0204757228366718,0.00361227079706662,0.252189414015094,0.247118607308101
20280003,20284003,25,16,2997.61151150774,0.662166070253144,0.236403010940933,0.0180004975848205,0.00317487553892084,0.252189414015094,0.247118607308101
20280003,20284003,25,17,2931.74671567703,0.647616675558129,0.239112550391361,0.0161201364809829,0.00284281179269608,0.252189414015094,0.247118607308101
20280003,20284003,25,18,2875.98363893311,0.635298729336282,0.242173884989895,0.0146186366038005,0.0025777761313473,0.252189414015094,0.247118607308101
20280003,20284003,25,19,2828.0607274612,0.624712659112496,0.245449014837795,0.0133747272775445,0.00235828388026015,0.252189414015094,0.247118607308101
20280003,20284003,25,20,2786.41742650574,0.615513741627631,0.248844995971709,0.0123228537757707,0.00217272497987918,0.252189414015094,0.247118607308101
20280003,20284003,25,21,2749.89208846238,0.607445371372181,0.252298069155274,0.0114236150229885,0.00201412362162853,0.252189414015094,0.247118607308101
20280003,20284003,25,22,2717.5802573697,0.600307755928957,0.255764366027219,0.0106500281541962,0.00187770488404115,0.252189414015094,0.247118607308101
20280003,20284003,25,23,2688.76246589348,0.593941966478948,0.259213941564649,0.00998137053548031,0.00175980404555468,0.252189414015094,0.247118607308101
20280003,20284003,25,24,2662.86252541171,0.588220724168941,0.262626699714335,0.00940033730259147,0.00165736298609964,0.252189414015094,0.247118607308101
20280003,20284003,25,25,2639.41847047522,0.583041981804062,0.265989501133293,0.00889216749900517,0.00156777470201563,0.252189414015094,0.247118607308101
20280003,20284003,25,26,2618.05925525391,0.578323776141824,0.269294080705181,0.00844450590055278,0.00148885803170587,0.252189414015094,0.247118607308101
20280003,20284003,25,27,2598.48547823288,0.573999970018092,0.272535555951952,0.00804725076162311,0.00141883020366665,0.252189414015094,0.247118607308101
20280003,20284003,25,28,2580.45387109305,0.570016825973478,0.275711371571957,0.00769223614650126,0.00135625042959152,0.252189414015094,0.247118607308101
20280003,20284003,25,29,2563.76523065304,0.566330340444714,0.278820559399558,0.00737284703536161,0.00129995178898724,0.252189414015094,0.247118607308101
20280003,20284003,25,30,2548.25518936101,0.562904204985739,0.281863220918626,0.00708367618731182,0.00124898056984892,0.252189414015094,0.247118607308101
20280003,20284003,25,31,2533.78713467118,0.559708242172882,0.28484016496493,0.00682026840122939,0.00120255107735304,0.252189414015094,0.247118607308101
20280003,20284003,25,32,2520.24669372711,0.556717187283009,0.287752654199075,0.00657894346668588,0.00116001435368985,0.252189414015094,0.247118607308101
20280003,20284003,25,33,2507.53737237254,0.553909724960212,0.290602228852134,0.00635666770577977,0.00112083548934548,0.252189414015094,0.247118607308101
20280003,20284003,25,34,2495.5770841731,0.551267722484003,0.293390585846574,0.00615094795027581,0.00108457490604811,0.252189414015094,0.247118607308101
20280003,20284003,25,35,2484.29539492697,0.548775621087524,0.296119497434689,0.00595973556566712,0.0010508714213292,0.252189414015094,0.247118607308101
20280003,20284003,25,36,2473.63135014993,0.546419956053578,0.29879075757704,0.00578133992154417,0.00101942698462548,0.252189414015094,0.247118607308101
20280003,20284003,25,37,2463.53177029915,0.544188980133142,0.301406147373718,0.00561435532048332,0.000989993789540319,0.252189414015094,0.247118607308101
20280003,20284003,25,38,2453.94991081085,0.542072367550514,0.303967413357242,0.00545760371332136,0.000962364171052415,0.252189414015094,0.247118607308101
20280003,20284003,25,39,2444.84440050844,0.540060979499911,0.306476254428982,0.00531009157987958,0.000936363001041139,0.252189414015094,0.247118607308101
20280003,20284003,25,40,2436.17839211238,0.538146676494877,0.308934314656356,0.00517097676253719,0.00091184183903495,0.252189414015094,0.247118607308101
20280003,20284003,25,41,2427.91887770421,0.536322167155739,0.311343180083043,0.00503954106440645,0.000888674099626708,0.252189414015094,0.247118607308101
20280003,20284003,25,42,2420.03613616634,0.534580886150207,0.313704378255392,0.00491516617695109,0.000866750807192503,0.252189414015094,0.247118607308101
20280003,20284003,25,43,2412.50328801301,0.532916895856482,0.316019379486258,0.00479731238315588,0.000845976840266006,0.252189414015094,0.247118607308101
20280003,20284003,25,44,2405.29593727107,0.531324807255472,0.318289599090515,0.00468550048132874,0.000826267744037972,0.252189414015094,0.247118607308101
20280003,20284003,25,45,2398.39188242683,0.529799716079558,0.320516400008289,0.00457929743209957,0.000807547199559004,0.252189414015094,0.247118607308101
20280003,20284003,25,46,2391.77088052012,0.528337150701466,0.322701095406277,0.00447830581384348,0.000789745164620359,0.252189414015094,0.247118607308101
20280003,20284003,25,47,2385.41445084642,0.526933028772484,0.324844951009799,0.0043821567298474,0.000772796623365196,0.252189414015094,0.247118607308101
20280003,20284003,25,48,2379.30570737568,0.525583620204136,0.326949187056328,0.0042905055444188,0.00075664083476672,0.252189414015094,0.247118607308101
20280003,20284003,25,49,2373.42921164186,0.524285514671786,0.329014979866554,0.00420302973475419,0.000741220954185662,0.252189414015094,0.247118607308101
20280003,20284003,25,50,2367.7708402643,0.523035592350389,0.33104346309909,0.0041194281615407,0.000726483905080513,0.252189414015094,0.247118607308101
20280003,20284003,25,51,2362.31766329867,0.52183099704247,0.333035728792121,0.00403942112987323,0.000712380390050813,0.252189414015094,0.247118607308101
20280003,20284003,25,52,2357.05783123039,0.520669111215214,0.33499282830507,0.00396275071232777,0.000698864948077732,0.252189414015094,0.247118607308101
20280003,20284003,25,53,2351.98046960842,0.519547532725284,0.336915773262477,0.00388918093348817,0.000685895987303458,0.252189414015094,0.247118607308101
20280003,20284003,25,54,2347.0755810896,0.518464053180629,0.338805536578442,0.00381849756195262,0.000673435748565347,0.252189414015094,0.247118607308101
20280003,20284003,25,55,2342.33395506778,0.51741663797775,0.340663053610207,0.00375050740340445,0.000661450180921082,0.252189414015094,0.247118607308101
20280003,20284003,25,56,2337.74708516798,0.516403408076325,0.342489223460038,0.00368503711349796,0.00064990873247308,0.252189414015094,0.247118607308101
20280003,20284003,25,57,2333.30709478646,0.515422623551178,0.344284910419686,0.0036219316343491,0.000638784074796651,0.252189414015094,0.247118607308101
20280003,20284003,25,58,2329.00667064861,0.514472668915346,0.34605094553373,0.00356105239776581,0.000628051786214877,0.252189414015094,0.247118607308101
20280003,20284003,25,59,2324.83900411995,0.51355204015581,0.347788128247382,0.00350227543853505,0.000617690019195734,0.252189414015094,0.247118607308101
20280003,20284003,25,60,2320.79773980012,0.512659333378015,0.349497228099977,0.00344548953577213,0.000607679172683363,0.252189414015094,0.247118607308101
20280003,20284003,25,61,2316.87693078449,0.511793234923255,0.351178986425761,0.00339059446423421,0.00059800158380865,0.252189414015094,0.247118607308101
20280003,20284003,25,62,2313.07099990039,0.510952512805828,0.352834118027157,0.00333749940207238,0.000588641247176507,0.252189414015094,0.247118607308101
20280003,20284003,25,63,2309.37470620527,0.510136009312561,0.354463312790817,0.00328612151336309,0.000579583564965696,0.252189414015094,0.247118607308101
20280003,20284003,25,64,2305.78311605773,0.509342634612461,0.356067237222645,0.00323638470513881,0.000570815127793047,0.252189414015094,0.247118607308101
20280003,20284003,25,65,2302.29157812105,0.508571361235042,0.35764653588372,0.00318821854878112,0.000562323524555589,0.252189414015094,0.247118607308101
20280003,20284003,25,66,2298.89570171956,0.507821219289294,0.359201832714577,0.00314155735230211,0.000554097178875397,0.252189414015094,0.247118607308101
20280003,20284003,25,67,2295.59133803119,0.507091292309159,0.360733732240271,0.00309633937062467,0.000546125209875084,0.252189414015094,0.247118607308101
20280003,20284003,25,68,2292.3745636592,0.506380713624557,0.362242820653193,0.00305250614320543,0.00053839731540563,0.252189414015094,0.247118607308101
20280003,20284003,25,69,2289.24166618018,0.505688663168979,0.363729666774601,0.00301000195058832,0.000530903676243969,0.252189414015094,0.247118607308101
20280003,20284003,25,70,2286.18913131508,0.505014364645579,0.365194822899392,0.00296877338279089,0.000523634880009406,0.252189414015094,0.247118607308101
20280003,20284003,25,71,2283.21363141447,0.504357082983608,0.366638825531597,0.00292876901248887,0.000516581863559101,0.252189414015094,0.247118607308101
20280003,20284003,25,72,2280.31201499227,0.503716122026429,0.368062196020543,0.00288993916490843,0.000509735872436369,0.252189414015094,0.247118607308101
20280003,20284003,25,73,2277.48129708241,0.503090822401321,0.369465441109423,0.00285223577456674,0.000503088435633554,0.252189414015094,0.247118607308101
20280003,20284003,25,74,2274.71865023232,0.502480559529964,0.37084905340917,0.00281561231702277,0.000496631353582055,0.252189414015094,0.247118607308101
20280003,20284003,25,75,2272.02139598496,0.501884741746842,0.372213511811065,0.00278002380207509,0.000490356696977721,0.252189414015094,0.247118607308101
20280003,20284003,25,76,2269.38699673689,0.501302808500699,0.373559281851388,0.00274542681370969,0.000484256813849746,0.252189414015094,0.247118607308101
20280003,20284003,25,77,2266.81304789249,0.500734228621422,0.374886816040774,0.00271177958173687,0.000478324342216915,0.252189414015094,0.247118607308101
20280003,20284003,25,78,2264.29727026371,0.500178498641174,0.376196554169835,0.00267904207049332,0.000472552225752029,0.252189414015094,0.247118607308101
20280003,20284003,25,79,2261.83750268972,0.499635141164078,0.377488923601125,0.00264717607114008,0.000466933730078963,0.252189414015094,0.247118607308101
20280003,20284003,25,80,2259.43169487082,0.49910370328325,0.378764339555867,0.00261614528582121,0.000461462457632573,0.252189414015094,0.247118607308101
20280003,20284003,25,81,2257.07790042651,0.498583755047333,0.380023205402038,0.00258591539408722,0.000456132359389035,0.252189414015094,0.247118607308101
20280003,20284003,25,82,2254.77427019824,0.498074887981098,0.381265912948602,0.00255645409437588,0.000450937742195412,0.252189414015094,0.247118607308101
20280003,20284003,25,83,2252.51904582407,0.497576713666098,0.382492842748909,0.00252773111582321,0.000445873270864756,0.252189414015094,0.247118607308101
20280003,20284003,25,84,2250.31055361461,0.497088862387869,0.383704364414709,0.0024997181981196,0.000440933964633794,0.252189414015094,0.247118607308101
20280003,20284003,25,85,2248.147198759,0.496610981856052,0.384900836940782,0.00247238903940686,0.000436115187982567,0.252189414015094,0.247118607308101
20280003,20284003,25,86,2246.02745988609,0.496142736002963,0.386082609039021,0.00244571921422389,0.000431412636170277,0.252189414015094,0.247118607308101
20280003,20284003,25,87,2243.94988400031,0.495683803864938,0.387250019479864,0.00241968606515961,0.000426822316132803,0.252189414015094,0.247118607308101
20280003,20284003,25,88,2241.91308180469,0.495233878549207,0.388403397438291,0.00239426857309975,0.000422340523603933,0.252189414015094,0.247118607308101
20280003,20284003,25,89,2239.91572341585,0.494792666287328,0.389543062841188,0.00236944721172037,0.000417963817457551,0.252189414015094,0.247118607308101
20280003,20284003,25,90,2237.95653446759,0.494359885574493,0.390669326712671,0.00234520379219345,0.000413688992323056,0.252189414015094,0.247118607308101
20280003,20284003,25,91,2236.0342925926,0.493935266392337,0.391782491513989,0.0023215213039636,0.000409513050507625,0.252189414015094,0.247118607308101
20280003,20284003,25,92,2234.1478242649,0.493518549511443,0.392882851474813,0.00229838375700243,0.000405433174178968,0.252189414015094,0.247118607308101
20280003,20284003,25,93,2232.29600198023,0.493109485868491,0.393970692913049,0.00227577603023258,0.000401446698636279,0.252189414015094,0.247118607308101
20280003,20284003,25,94,2230.47774174736,0.492707836012107,0.395046294540742,0.00225368372993803,0.000397551087342587,0.252189414015094,0.247118607308101
20280003,20284003,25,95,2228.69200086078,0.492313369610834,0.396109927754128,0.00223209306102944,0.000393743909224529,0.252189414015094,0.247118607308101
20280003,20284003,25,96,2226.93777592322,0.49192586501633,0.397161856906422,0.00221099071309782,0.000390022818580537,0.252189414015094,0.247118607308101
20280003,20284003,25,97,2225.21410108684,0.491545108874843,0.398202339562439,0.00219036376232451,0.000386385537785796,0.252189414015094,0.247118607308101
20280003,20284003,25,98,2223.52004648222,0.491170895780175,0.399231626734661,0.0021701995895664,0.000382829842850186,0.252189414015094,0.247118607308101
20280003,20284003,25,99,2221.85471680604,0.490803027961707,0.40024996310079,0.00215048581432008,0.000379353551776897,0.252189414015094,0.247118607308101
20280003,20284003,25,100,2220.21725004041,0.490441315001503,0.401257587203272,0.00213121024379475,0.000375954515585869,0.252189414015094,0.247118607308101
20280003,20284003,25,101,2218.60681627946,0.490085573575105,0.402254731631572,0.00211236083598151,0.00037263061180574,0.252189414015094,0.247118607308101
20280003,20284003,25,102,2217.02261664139,0.489735627211204,0.403241623188297,0.00209392567537898,0.000369379740197979,0.252189414015094,0.247118607308101
20280003,20284003,25,103,2215.46388224712,0.489391306066034,0.404218483040443,0.00207589295990224,0.0003661998204533,0.252189414015094,0.247118607308101
20280003,20284003,25,104,2213.92987324945,0.489052446708903,0.405185526857241,0.00205825099744108,0.000363088791589795,0.252189414015094,0.247118607308101
20280003,20284003,25,105,2212.41987789916,0.488718891915906,0.406142964936127,0.00204098821052544,0.000360044612780737,0.252189414015094,0.247118607308101
20280003,20284003,25,106,2210.93321163724,0.488390490469404,0.407091002318446,0.00202409314758485,0.000357065265345168,0.252189414015094,0.247118607308101
20280003,20284003,25,107,2209.46921620464,0.488067096961356,0.408029838896497,0.00200755449934221,0.00035414875564377,0.252189414015094,0.247118607308101
20280003,20284003,25,108,2208.02725876285,0.487748571599065,0.40895966951347,0.00199136111895516,0.000351293118635456,0.252189414015094,0.247118607308101
20280003,20284003,25,109,2206.60673102089,0.487434780012342,0.409880684057798,0.00197550204460234,0.000348496421864876,0.252189414015094,0.247118607308101
20280003,20284003,25,110,2205.20704836586,0.487125593061422,0.410793067553317,0.00195996652331119,0.000345756769668622,0.252189414015094,0.247118607308101
20280003,20284003,25,111,2203.82764899534,0.486820886645339,0.411697000246515,0.00194474403493234,0.000343072307406986,0.252189414015094,0.247118607308101
20280003,20284003,25,112,2202.46799305194,0.486520541510725,0.412592657692047,0.00192982431528859,0.000340441225549841,0.252189414015094,0.247118607308101
20280003,20284003,25,113,2201.12756176051,0.486224443061251,0.413480210837496,0.00191519737765848,0.000337861763468521,0.252189414015094,0.247118607308101
20280003,20284003,25,114,2199.80585657026,0.485932481168089,0.414359826108239,0.00190085353189831,0.000335332212810887,0.252189414015094,0.247118607308101
20280003,20284003,25,115,2198.50239830386,0.485644549981979,0.415231665493107,0.00188678340065675,0.000332850920363341,0.252189414015094,0.247118607308101
20280003,20284003,25,116,2197.2167263168,0.485360547747522,0.416095886631367,0.00187297793228774,0.000330416290330268,0.252189414015094,0.247118607308101
20280003,20284003,25,117,2195.94839767009,0.485080376620425,0.416952642901397,0.00185942841022177,0.000328026785988559,0.252189414015094,0.247118607308101
20280003,20284003,25,118,2194.69698631966,0.484803942488447,0.417802083511282,0.00184612645869755,0.000325680930700014,0.252189414015094,0.247118607308101
20280003,20284003,25,119,2193.4620823257,0.484531154796755,0.41864435359144,0.00183306404489139,0.000323377308288179,0.252189414015094,0.247118607308101
20280003,20284003,25,120,2192.24329108524,0.484261926378377,0.41947959428922,0.00182023347759782,0.000321114562806756,0.252189414015094,0.247118607308101
20280003,20284003,25,121,2191.04023259047,0.483996173290389,0.420307942865377,0.00180762740271319,0.000318891397743961,0.252189414015094,0.247118607308101
20280003,20284003,25,122,2189.85254071546,0.483733814656347,0.421129532792171,0.00179523879585041,0.000316706574720785,0.252189414015094,0.247118607308101
20280003,20284003,25,123,2188.67986253316,0.483474772515408,0.421944493852824,0.00178306095246721,0.000314558911750589,0.252189414015094,0.247118607308101
20280003,20284003,25,124,2187.52185766417,0.483218971678479,0.42275295224198,0.0017710874759223,0.000312447281133149,0.252189414015094,0.247118607308101
20280003,20284003,25,125,2186.37819765824,0.48296633959159,0.42355503066679,0.00175931226388636,0.000310370607058459,0.252189414015094,0.247118607308101
20280003,20284003,25,126,2185.24856540913,0.482716806206643,0.424350848448224,0.00174772949352767,0.000308327862994387,0.252189414015094,0.247118607308101
20280003,20284003,25,127,2184.13265460282,0.482470303859514,0.425140521622202,0.0017363336058719,0.000306318068928619,0.252189414015094,0.247118607308101
20280003,20284003,25,128,2183.03016919875,0.482226767155467,0.425924163040135,0.00172511928970252,0.000304340288529568,0.252189414015094,0.247118607308101
20280003,20284003,25,129,2181.94082294342,0.481986132861708,0.426701882468502,0.00171408146532664,0.000302393626283536,0.252189414015094,0.247118607308101
20280003,20284003,25,130,2180.86433891535,0.481748339806864,0.427473786687079,0.00170321526848507,0.000300477224657307,0.252189414015094,0.247118607308101
20280003,20284003,25,131,2179.80044910018,0.481513328787127,0.4282399795855,0.00169251603463749,0.000298590261326907,0.252189414015094,0.247118607308101
20280003,20284003,25,132,2178.74889399446,0.481281042478733,0.429000562257834,0.00168197928380439,0.000296731946504569,0.252189414015094,0.247118607308101
20280003,20284003,25,133,2177.70942223668,0.481051425356452,0.429755633094919,0.00167160070610368,0.000294901520388209,0.252189414015094,0.247118607308101
20280003,20284003,25,134,2176.6817902638,0.480824423617723,0.430505287874218,0.00166137614807665,0.000293098250750159,0.252189414015094,0.247118607308101
20280003,20284003,25,135,2175.66576199176,0.480599985112073,0.431249619846996,0.00165130159986306,0.000291321430675642,0.252189414015094,0.247118607308101
20280003,20284003,25,136,2174.66110851823,0.48037805927546,0.431988719822679,0.00164137318325396,0.000289570376456073,0.252189414015094,0.247118607308101
20280003,20284003,25,137,2173.66760784604,0.480158597069174,0.432722676250248,0.00163158714062649,0.000287844425637921,0.252189414015094,0.247118607308101
20280003,20284003,25,138,2172.68504462568,0.479941550922967,0.433451575296595,0.0016219398247461,0.000286142935224543,0.252189414015094,0.247118607308101
20280003,20284003,25,139,2171.71320991549,0.479726874682063,0.434175500921766,0.00161242768940923,0.000284465280026271,0.252189414015094,0.247118607308101
20280003,20284003,25,140,2170.75190095797,0.479514523557757,0.434894534951069,0.00160304728089019,0.000282810851152311,0.252189414015094,0.247118607308101
20280003,20284003,25,141,2169.80092097099,0.479304454081293,0.435608757144036,0.00159379523015414,0.000281179054637767,0.252189414015094,0.247118607308101
20280003,20284003,25,142,2168.86007895266,0.479096624060752,0.43631824526024,0.00158466824579602,0.000279569310198677,0.252189414015094,0.247118607308101
20280003,20284003,25,143,2167.92918949859,0.478890992540698,0.437023075122028,0.00157566310766981,0.000277981050108811,0.252189414015094,0.247118607308101
20280003,20284003,25,144,2167.00807263055,0.478687519764319,0.437723320674194,0.00156677666117615,0.000276413718192551,0.252189414015094,0.247118607308101
20280003,20284003,25,145,2166.09655363546,0.478486167137862,0.438419054040684,0.00155800581218267,0.000274866768929373,0.252189414015094,0.247118607308101
20280003,20284003,25,146,2165.19446291367,0.478286897197122,0.439110345578406,0.00154934752255856,0.000273339666666628,0.252189414015094,0.247118607308101
20280003,20284003,25,147,2164.30163583569,0.478089673575791,0.439797263928242,0.00154079880631039,0.000271831884938377,0.252189414015094,0.247118607308101
20280003,20284003,25,148,2163.41791260639,0.477894460975464,0.440479876063385,0.0015323567263126,0.000270342905889089,0.252189414015094,0.247118607308101
20280003,20284003,25,149,2162.54313813593,0.477701225137115,0.441158247335093,0.00152401839163083,0.000268872219801885,0.252189414015094,0.247118607308101
20280003,20284003,25,150,2161.67716191636,0.477509932813863,0.441832441516026,0.00151578095543799,0.000267419324731335,0.252189414015094,0.247118607308101
20280003,20284003,25,151,2160.81983790337,0.477320551744824,0.442502520841269,0.00150764161352595,0.000265983726241288,0.252189414015094,0.247118607308101
20280003,20284003,25,152,2159.97102440216,0.477133050629914,0.443168546047212,0.00149959760341261,0.000264564937247716,0.252189414015094,0.247118607308101
20280003,20284003,25,153,2159.13058395674,0.476947399105396,0.44383057640842,0.00149164620404301,0.000263162477966327,0.252189414015094,0.247118607308101
20280003,20284003,25,154,2158.29838324199,0.476763567720031,0.44448866977266,0.00148378473607687,0.00026177587596362,0.252189414015094,0.247118607308101
20280003,20284003,25,155,2157.47429295767,0.476581527911667,0.44514288259424,0.00147601056274828,0.000260404666308837,0.252189414015094,0.247118607308101
20280003,20284003,25,156,2156.65818772374,0.47640125198412,0.445793269965822,0.00146832109127584,0.000259048391823031,0.252189414015094,0.247118607308101
20280003,20284003,25,157,2155.84994597642,0.476222713084204,0.446439885648874,0.00146071377479089,0.000257706603419492,0.252189414015094,0.247118607308101
20280003,20284003,25,158,2155.0494498643,0.476045885178794,0.44708278210292,0.00145318611474255,0.00025637886052829,0.252189414015094,0.247118607308101
20280003,20284003,25,159,2154.25658514416,0.475870743031799,0.447722010513752,0.00144573566372738,0.000255064731595717,0.252189414015094,0.247118607308101
20280003,20284003,25,160,2153.47124107583,0.475697262180954,0.448357620820755,0.00143836002868227,0.000253763794647784,0.252189414015094,0.247118607308101
20280003,20284003,25,161,2152.69331031599,0.475525418914342,0.448989661743503,0.00143105687436971,0.000252475637905311,0.252189414015094,0.247118607308101
20280003,20284003,25,162,2151.92268881042,0.475355190246606,0.449618180807764,0.00142382392707816,0.00025119986043693,0.252189414015094,0.247118607308101
20280003,20284003,25,163,2151.15927568461,0.475186553894776,0.450243224371056,0.00141665897845252,0.00024993607283506,0.252189414015094,0.247118607308101
20280003,20284003,25,164,2150.40297313258,0.475019488253724,0.450864837647869,0.00140955988936865,0.000248683897899625,0.252189414015094,0.247118607308101
20280003,20284003,25,165,2149.65368630404,0.474853972371215,0.451483064734679,0.00140252459376197,0.000247442971313686,0.252189414015094,0.247118607308101
20280003,20284003,25,166,2148.91132318973,0.474689985922599,0.45209794863485,0.00139555110232274,0.000246212942295523,0.252189414015094,0.247118607308101
20280003,20284003,25,167,2148.17579450535,0.474527509185161,0.452709531283509,0.00138863750597329,0.000244993474212274,0.252189414015094,0.247118607308101
20280003,20284003,25,168,2147.44701357414,0.474366523012189,0.453317853572475,0.00138178197904837,0.000243784245141182,0.252189414015094,0.247118607308101
20280003,20284003,25,169,2146.72489620861,0.474207008806843,0.453922955375299,0.00137498278210689,0.000242584948365804,0.252189414015094,0.247118607308101
20280003,20284003,25,170,2146.0093605916,0.474048948495885,0.454524875572451,0.00136823826431361,0.00024139529279635,0.252189414015094,0.247118607308101
20280003,20284003,25,171,2145.30032715731,0.473892324503396,0.455123652076702,0.00136154686533893,0.000240215003305022,0.252189414015094,0.247118607308101
20280003,20284003,25,172,2144.59771847257,0.473737119724553,0.4557193218587,0.00135490711673778,0.000239043820969429,0.252189414015094,0.247118607308101
20280003,20284003,25,173,2143.90145911904,0.473583317499603,0.456311920972746,0.00134831764278004,0.000237881503219252,0.252189414015094,0.247118607308101
20280003,20284003,25,174,2143.21147557668,0.473430901588124,0.45690148458277,0.00134177716071745,0.000236727823883488,0.252189414015094,0.247118607308101
20280003,20284003,25,175,2142.52769610915,0.473279856143713,0.457488046988465,0.00133528448048445,0.000235582573137827,0.252189414015094,0.247118607308101
20280003,20284003,25,176,2141.85005065156,0.473130165689177,0.458071641651565,0.00132883850384117,0.00023444555735361,0.252189414015094,0.247118607308101
20280003,20284003,25,177,2141.17847070103,0.472981815092378,0.458652301222216,0.00132243822297755,0.000233316598851725,0.252189414015094,0.247118607308101
20280003,20284003,25,178,2140.51288921062,0.472834789542787,0.459230057565382,0.00131608271860724,0.000232195535566464,0.252189414015094,0.247118607308101
20280003,20284003,25,179,2139.85324048696,0.472689074528878,0.459804941787253,0.00130977115758647,0.000231082220625596,0.252189414015094,0.247118607308101
20280003,20284003,25,180,2139.19946009199,0.472544655816418,0.460376984261574,0.00130350279010113,0.00022997652185425,0.252189414015094,0.247118607308101
20280003,20284003,25,181,2138.5514847491,0.47240151942774,0.460946214655838,0.00129727694646873,0.000228878321210847,0.252189414015094,0.247118607308101
20280003,20284003,25,182,2137.90925225403,0.472259651622048,0.461512661957279,0.00129109303360614,0.000227787514164077,0.252189414015094,0.247118607308101
20280003,20284003,25,183,2137.27270139058,0.472119038876818,0.462076354498606,0.00128495053121546,0.00022670400902013,0.252189414015094,0.247118607308101
20280003,20284003,25,184,2136.64177185152,0.471979667870309,0.462637319983403,0.00127884898774082,0.000225627726209523,0.252189414015094,0.247118607308101
20280003,20284003,25,185,2136.01640416465,0.471841525465233,0.463195585511133,0.00127278801614904,0.000224558597542838,0.252189414015094,0.247118607308101
20280003,20284003,25,186,2135.39653962403,0.471704598693578,0.463751177601701,0.00126676728958457,0.000223496565444292,0.252189414015094,0.247118607308101
20280003,20284003,25,187,2134.78212022664,0.471568874742593,0.464304122219504,0.00126078653694742,0.000222441582171687,0.252189414015094,0.247118607308101
20280003,20284003,25,188,2134.17308861407,0.471434340941929,0.464854444796924,0.00125484553843896,0.000221393609030728,0.252189414015094,0.247118607308101
20280003,20284003,25,189,2133.56938801952,0.471300984751921,0.465402170257217,0.00124894412111784,0.000220352615591087,0.252189414015094,0.247118607308101
20280003,20284003,25,190,2132.97096221976,0.471168793752973,0.465947323036758,0.00124308215450313,0.000219318578910809,0.252189414015094,0.247118607308101
20280003,20284003,25,191,2132.37775549195,0.471037755636027,0.466489927106606,0.00123725954625884,0.000218291482775079,0.252189414015094,0.247118607308101
20280003,20284003,25,192,2131.78971257519,0.470907858194069,0.467030005993352,0.00123147623798895,0.000217271316954462,0.252189414015094,0.247118607308101
20280003,20284003,25,193,2131.20677863665,0.470779089314639,0.467567582799236,0.00122573220116803,0.000216258076487079,0.252189414015094,0.247118607308101
20280003,20284003,25,194,2130.62889924183,0.470651436973275,0.468102680221504,0.00122002743322901,0.000215251760988489,0.252189414015094,0.247118607308101
20280003,20284003,25,195,2130.05602032906,0.470524889227862,0.468635320570997,0.00121436195382464,0.000214252373992222,0.252189414015094,0.247118607308101
20280003,20284003,25,196,2129.48808818762,0.47039943421382,0.469165525789961,0.0012087358012771,0.000213259922323496,0.252189414015094,0.247118607308101
20280003,20284003,25,197,2128.92504943961,0.470275060140082,0.469693317469064,0.00120314902922501,0.000212274415507755,0.252189414015094,0.247118607308101
20280003,20284003,25,198,2128.36685102497,0.470151755285793,0.470218716863639,0.00119760170347573,0.000211295865215429,0.252189414015094,0.247118607308101
20280003,20284003,25,199,2127.81344018963,0.470029507997689,0.470741744909134,0.00119209389906649,0.00021032428474352,0.252189414015094,0.247118607308101
20280003,20284003,25,200,2127.26476447644,0.469908306688096,0.471262422235797,0.00118662569753656,0.000209359688534437,0.252189414015094,0.247118607308101
20280003,20284003,25,201,2126.72077171861,0.46978813983348,0.471780769182586,0.00118119718440978,0.000208402091731914,0.252189414015094,0.247118607308101
20280003,20284003,25,202,2126.18141003551,0.46966899597352,0.472296805810336,0.0011758084468849,0.000207451509773613,0.252189414015094,0.247118607308101
20280003,20284003,25,203,2125.64662783049,0.469550863710623,0.472810551914186,0.00117045957172996,0.000206507958019704,0.252189414015094,0.247118607308101
20280003,20284003,25,204,2125.11637379056,0.469433731709858,0.473322027035287,0.00116515064337449,0.000205571451416355,0.252189414015094,0.247118607308101
20280003,20284003,25,205,2124.59059688767,0.469317588699237,0.473831250471818,0.00115988174219412,0.000204642004193144,0.252189414015094,0.247118607308101
20280003,20284003,25,206,2124.06924638146,0.469202423470323,0.474338241289319,0.0011546529429782,0.000203719629592786,0.252189414015094,0.247118607308101
20280003,20284003,25,207,2123.55227182321,0.469088224879096,0.474843018330375,0.00114946431357374,0.000202804339631938,0.252189414015094,0.247118607308101
20280003,20284003,25,208,2123.03962306079,0.46897498184706,0.47534560022367,0.00114431591369542,0.000201896144891313,0.252189414015094,0.247118607308101
20280003,20284003,25,209,2122.5312502446,0.46886268336254,0.475846005392432,0.00113920779389301,0.000200995054333553,0.252189414015094,0.247118607308101
20280003,20284003,25,210,2122.02710383411,0.468751318482141,0.476344252062304,0.00113413999466608,0.000200101075147108,0.252189414015094,0.247118607308101
20280003,20284003,25,211,2121.5271346051,0.468640876332332,0.476840358268658,0.00112911254571668,0.000199214212614417,0.252189414015094,0.247118607308101
20280003,20284003,25,212,2121.03129365724,0.468531346111136,0.477334341863382,0.00112412546532954,0.000198334470002618,0.252189414015094,0.247118607308101
20280003,20284003,25,213,2120.53953242208,0.468422717089884,0.477826220521161,0.00111917875987075,0.000197461848475138,0.252189414015094,0.247118607308101
20280003,20284003,25,214,2120.05180267124,0.468314978615027,0.478316011745284,0.00111427242339463,0.00019659634702238,0.252189414015094,0.247118607308101
20280003,20284003,25,215,2119.5680565247,0.468208120109973,0.478803732873001,0.00110940643735023,0.00019573796240998,0.252189414015094,0.247118607308101
20280003,20284003,25,216,2119.0882464592,0.468102131076931,0.479289401080452,0.00110458077037754,0.000194886689142882,0.252189414015094,0.247118607308101
20280003,20284003,25,217,2118.6123253165,0.467997001098747,0.47977303338719,0.00109979537818549,0.000194042519443857,0.252189414015094,0.247118607308101
20280003,20284003,25,218,2118.14024631167,0.467892719840725,0.480254646660333,0.0010950502035031,0.000193205443244911,0.252189414015094,0.247118607308101
20280003,20284003,25,219,2117.67196304107,0.467789277052403,0.480734257618358,0.00109034517609585,0.00019237544819021,0.252189414015094,0.247118607308101
20280003,20284003,25,220,2117.20742949027,0.467686662569287,0.481211882834561,0.00108568021284014,0.000191552519649232,0.252189414015094,0.247118607308101
20280003,20284003,25,221,2116.74660004158,0.467584866314528,0.48168753874021,0.00108105521784862,0.000190736640738922,0.252189414015094,0.247118607308101
20280003,20284003,25,222,2116.2894294814,0.467483878300535,0.482161241627411,0.00107647008264008,0.000189927792353672,0.252189414015094,0.247118607308101
20280003,20284003,25,223,2115.83587300719,0.467383688630521,0.482633007651698,0.00107192468634805,0.000189125953202163,0.252189414015094,0.247118607308101
20280003,20284003,25,224,2115.38588623409,0.467284287499967,0.483102852834377,0.00106741889596229,0.000188331099849979,0.252189414015094,0.247118607308101
20280003,20284003,25,225,2114.93942520126,0.467185665198012,0.483570793064649,0.00106295256659844,0.000187543206767209,0.252189414015094,0.247118607308101
20280003,20284003,25,226,2114.49644637772,0.467087812108756,0.484036844101499,0.00105852554179131,0.000186762246380203,0.252189414015094,0.247118607308101
20280003,20284003,25,227,2114.0569066679,0.466990718712479,0.484501021575411,0.00105413765380744,0.000185988189126741,0.252189414015094,0.247118607308101
20280003,20284003,25,228,2113.62076341677,0.466894375586774,0.48496334098989,0.00104978872397339,0.000185221003513962,0.252189414015094,0.247118607308101
20280003,20284003,25,229,2113.18797441457,0.466798773407595,0.485423817722819,0.00104547856301687,0.000184460656178565,0.252189414015094,0.247118607308101
20280003,20284003,25,230,2112.75849790114,0.466703902950207,0.485882467027674,0.00104120697141707,0.000183707111948631,0.252189414015094,0.247118607308101
20280003,20284003,25,231,2112.33229256984,0.466609755090064,0.486339304034592,0.00103697373976246,0.000182960333906761,0.252189414015094,0.247118607308101
20280003,20284003,25,232,2111.90931757112,0.466516320803587,0.486794343751318,0.00103277864911348,0.00018222028345408,0.252189414015094,0.247118607308101
20280003,20284003,25,233,2111.48953251569,0.466423591168864,0.487247601064045,0.00102862147136831,0.00018148692037477,0.252189414015094,0.247118607308101
20280003,20284003,25,234,2111.07289747727,0.466331557366264,0.487699090738141,0.00102450196963023,0.000180760202900902,0.252189414015094,0.247118607308101
20280003,20284003,25,235,2110.659372995,0.466240210678967,0.488148827418796,0.00102041989857528,0.000180040087777304,0.252189414015094,0.247118607308101
20280003,20284003,25,236,2110.2489200755,0.466149542493418,0.488596825631581,0.00101637500481893,0.000179326530326266,0.252189414015094,0.247118607308101
20280003,20284003,25,237,2109.84150019454,0.466059544299694,0.489043099782936,0.00101236702728126,0.00017861948451197,0.252189414015094,0.247118607308101
20280003,20284003,25,238,2109.43707529837,0.465970207691805,0.489487664160595,0.00100839569754949,0.000177918903004462,0.252189414015094,0.247118607308101
20280003,20284003,25,239,2109.03560780476,0.465881524367914,0.489930532933954,0.00100446074023773,0.000177224737243125,0.252189414015094,0.247118607308101
20280003,20284003,25,240,2108.63706060364,0.465793486130483,0.490371720154391,0.00100056187334335,0.000176536937499562,0.252189414015094,0.247118607308101
20280003,20284003,25,241,2108.24139705747,0.465706084886358,0.490811239755543,0.000996698808599554,0.000175855452939803,0.252189414015094,0.247118607308101
20280003,20284003,25,242,2107.8485810013,0.465619312646776,0.491249105553545,0.000992871251824184,0.000175180231685852,0.252189414015094,0.247118607308101
20280003,20284003,25,243,2107.4585767425,0.465533161527314,0.491685331247244,0.000989078903264558,0.000174511220876527,0.252189414015094,0.247118607308101
20280003,20284003,25,244,2107.07134906029,0.465447623747771,0.492119930418378,0.000985321457938181,0.000173848366727581,0.252189414015094,0.247118607308101
20280003,20284003,25,245,2106.68686320485,0.465362691631989,0.492552916531749,0.000981598605969205,0.000173191614591065,0.252189414015094,0.247118607308101
20280003,20284003,25,246,2106.30508489631,0.465278357607616,0.492984302935366,0.000977910032921062,0.000172540909014017,0.252189414015094,0.247118607308101
20280003,20284003,25,247,2105.9259803234,0.465194614205813,0.49341410286058,0.000974255420124598,0.00017189619379636,0.252189414015094,0.247118607308101
20280003,20284003,25,248,2105.54951614185,0.465111454060901,0.49384232942222,0.000970634445002484,0.000171257412048142,0.252189414015094,0.247118607308101
20280003,20284003,25,249,2105.17565947258,0.46502886990996,0.494268995618708,0.000967046781389125,0.000170624506245978,0.252189414015094,0.247118607308101
20280003,20284003,25,250,2104.80437789965,0.464946854592377,0.494694114332186,0.000963492099846781,0.000169997418288831,0.252189414015094,0.247118607308101
20280003,20284003,25,251,2104.43563946795,0.464865401049337,0.495117698328635,0.000959970067977412,0.000169376089553031,0.252189414015094,0.247118607308101
20280003,20284003,25,252,2104.06941268075,0.464784502323279,0.495539760258002,0.000956480350730433,0.000168760460946576,0.252189414015094,0.247118607308101
20280003,20284003,25,253,2103.70566649698,0.464704151557292,0.495960312654333,0.000953022610706263,0.00016815047296269,0.252189414015094,0.247118607308101
20280003,20284003,25,254,2103.34437032829,0.464624341994479,0.496379367935907,0.000949596508455363,0.000167546065732588,0.252189414015094,0.247118607308101
20280003,20284003,25,255,2102.98549403603,0.464545066977272,0.49679693840539,0.000946201702773275,0.000166947179077532,0.252189414015094,0.247118607308101
20280003,20284003,25,256,2102.62900792789,0.464466319946704,0.497213036249993,0.000942837850990729,0.000166353752560014,0.252189414015094,0.247118607308101
20280003,20284003,25,257,2102.27488275451,0.464388094441653,0.497627673541642,0.000939504609259248,0.000165765725534156,0.252189414015094,0.247118607308101
20280003,20284003,25,258,2101.92308970581,0.464310384098033,0.49804086223717,0.000936201632831791,0.000165183037195223,0.252189414015094,0.247118607308101
20280003,20284003,25,259,2101.57360040725,0.464233182647966,0.498452614178514,0.000932928576338447,0.000164605626628265,0.252189414015094,0.247118607308101
20280003,20284003,25,260,2101.22638691582,0.464156483918902,0.498862941092935,0.000929685094056518,0.000164033432855778,0.252189414015094,0.247118607308101
20280003,20284003,25,261,2100.88142171601,0.464080281832723,0.499271854593256,0.000926470840175268,0.000163466394884412,0.252189414015094,0.247118607308101
20280003,20284003,25,262,2100.53867771555,0.464004570404803,0.499679366178111,0.000923285469054756,0.00016290445175064,0.252189414015094,0.247118607308101
20280003,20284003,25,263,2100.19812824107,0.46392934374305,0.500085487232222,0.00092012863547857,0.000162347542565358,0.252189414015094,0.247118607308101
20280003,20284003,25,264,2099.85974703357,0.463854596046908,0.500490229026687,0.000916999994900273,0.000161795606557362,0.252189414015094,0.247118607308101
20280003,20284003,25,265,2099.52350824387,0.463780321606343,0.500893602719293,0.000913899203682984,0.000161248583115626,0.252189414015094,0.247118607308101
20280003,20284003,25,266,2099.18938642781,0.463706514800801,0.501295619354848,0.000910825919332183,0.000160706411830377,0.252189414015094,0.247118607308101
20280003,20284003,25,267,2098.85735654154,0.463633170098141,0.501696289865532,0.000907779800721355,0.00016016903253291,0.252189414015094,0.247118607308101
20280003,20284003,25,268,2098.52739393648,0.463560282053548,0.502095625071269,0.000904760508309904,0.000159636385334042,0.252189414015094,0.247118607308101
20280003,20284003,25,269,2098.19947435439,0.463487845308428,0.502493635680124,0.000901767704353539,0.000159108410661229,0.252189414015094,0.247118607308101
20280003,20284003,25,270,2097.87357392228,0.463415854589284,0.502890332288714,0.000898801053106536,0.000158585049294258,0.252189414015094,0.247118607308101
20280003,20284003,25,271,2097.54966914719,0.463344304706573,0.503285725382644,0.000895860221015789,0.000158066242399489,0.252189414015094,0.247118607308101
20280003,20284003,25,272,2097.22773691099,0.463273190553552,0.503679825336966,0.000892944876906491,0.000157551931562614,0.252189414015094,0.247118607308101
20280003,20284003,25,273,2096.90775446513,0.463202507105108,0.504072642416653,0.000890054692158988,0.000157042058819871,0.252189414015094,0.247118607308101
20280003,20284003,25,274,2096.5896994252,0.463132249416576,0.504464186777099,0.000887189340876885,0.0001565365666877,0.252189414015094,0.247118607308101
20280003,20284003,25,275,2096.27354976561,0.463062412622551,0.504854468464638,0.000884348500046358,0.000156035398190857,0.252189414015094,0.247118607308101
20280003,20284003,25,276,2095.95928381417,0.462992991935686,0.505243497417078,0.00088153184968594,0.000155538496888849,0.252189414015094,0.247118607308101
20280003,20284003,25,277,2095.64688024655,0.462923982645487,0.505631283464266,0.000878739072987601,0.00015504580690082,0.252189414015094,0.247118607308101
20280003,20284003,25,278,2095.33631808089,0.462855380117101,0.506017836328662,0.000875969856448199,0.000154557272928757,0.252189414015094,0.247118607308101
20280003,20284003,25,279,2095.02757667219,0.462787179790096,0.506403165625936,0.000873223889991738,0.000154072840279057,0.252189414015094,0.247118607308101
20280003,20284003,25,280,2094.72063570692,0.462719377177252,0.506787280865586,0.000870500867082395,0.000153592454882474,0.252189414015094,0.247118607308101
20280003,20284003,25,281,2094.41547519739,0.462651967863331,0.507170191451569,0.000867800484827979,0.00015311606331238,0.252189414015094,0.247118607308101
20280003,20284003,25,282,2094.11207547628,0.462584947503864,0.507551906682957,0.000865122444074469,0.000152643612801442,0.252189414015094,0.247118607308101
20280003,20284003,25,283,2093.81041719114,0.462518311823934,0.507932435754604,0.000862466449490954,0.000152175051256617,0.252189414015094,0.247118607308101
20280003,20284003,25,284,2093.51048129884,0.462452056616957,0.508311787757831,0.000859832209645839,0.0001517103272726,0.252189414015094,0.247118607308101
20280003,20284003,25,285,2093.21224906017,0.462386177743479,0.508689971681131,0.000857219437073847,0.000151249390143647,0.252189414015094,0.247118607308101
20280003,20284003,25,286,2092.91570203431,0.462320671129963,0.509066996410886,0.000854627848334173,0.000150792189873838,0.252189414015094,0.247118607308101
20280003,20284003,25,287,2092.62082207348,0.4622555327676,0.509442870732098,0.000852057164060108,0.000150338677185842,0.252189414015094,0.247118607308101
20280003,20284003,25,288,2092.32759131749,0.462190758711114,0.509817603329136,0.000849507109000186,0.000149888803528173,0.252189414015094,0.247118607308101
20280003,20284003,25,289,2092.03599218845,0.462126345077583,0.510191202786502,0.000846977412050831,0.000149442521080958,0.252189414015094,0.247118607308101
20280003,20284003,25,290,2091.74600738542,0.462062288045271,0.5105636775896,0.00084446780628141,0.000148999782760357,0.252189414015094,0.247118607308101
20280003,20284003,25,291,2091.45761987922,0.461998583852463,0.510935036125521,0.000841978028951083,0.000148560542221544,0.252189414015094,0.247118607308101
20280003,20284003,25,292,2091.17081290718,0.461935228796323,0.51130528668385,0.000839507821518457,0.000148124753860408,0.252189414015094,0.247118607308101
20280003,20284003,25,293,2090.88556996804,0.461872219231758,0.511674437457465,0.000837056929643871,0.000147692372813965,0.252189414015094,0.247118607308101
20280003,20284003,25,294,2090.60187481688,0.461809551570297,0.512042496543363,0.000834625103184881,0.00014726335495956,0.252189414015094,0.247118607308101
20280003,20284003,25,295,2090.31971146007,0.461747222278982,0.512409471943489,0.000832212096184929,0.000146837656912874,0.252189414015094,0.247118607308101
20280003,20284003,25,296,2090.03906415038,0.461685227879284,0.512775371565573,0.000829817666855916,0.00014641523602485,0.252189414015094,0.247118607308101
20280003,20284003,25,297,2089.75991738209,0.461623564946022,0.513140203223976,0.00082744157755469,0.000145996050377549,0.252189414015094,0.247118607308101
20280003,20284003,25,298,2089.4822558862,0.461562230106305,0.51350397464055,0.000825083594753863,0.000145580058779006,0.252189414015094,0.247118607308101
20280003,20284003,25,299,2089.20606462572,0.461501220038492,0.513866693445495,0.000822743489007408,0.000145167220757157,0.252189414015094,0.247118607308101
20280003,20284003,25,300,2088.931328791,0.461440531471167,0.514228367178228,0.000820421034911006,0.000144757496552856,0.252189414015094,0.247118607308101
20280003,20284003,25,301,2088.65803379525,0.461380161182133,0.51458900328826,0.000818116011058046,0.000144350847112103,0.252189414015094,0.247118607308101
20280003,20284003,25,302,2088.38616526997,0.461320105997423,0.514948609136071,0.000815828199991163,0.000143947234077504,0.252189414015094,0.247118607308101
20280003,20284003,25,303,2088.11570906064,0.461260362790333,0.515307191993999,0.000813557388149496,0.000143546619778966,0.252189414015094,0.247118607308101
20280003,20284003,25,304,2087.84665122238,0.461200928480468,0.515664759047121,0.000811303365812766,0.000143148967223836,0.252189414015094,0.247118607308101
20280003,20284003,25,305,2087.57897801574,0.461141800032811,0.516021317394151,0.000809065927041593,0.000142754240086367,0.252189414015094,0.247118607308101
20280003,20284003,25,306,2087.31267590257,0.461082974456815,0.516376874048329,0.000806844869614788,0.000142362402696662,0.252189414015094,0.247118607308101
20280003,20284003,25,307,2087.04773154198,0.461024448805505,0.516731435938319,0.000804639994964108,0.000141973420029166,0.252189414015094,0.247118607308101
20280003,20284003,25,308,2086.78413178639,0.460966220174607,0.517085009909103,0.000802451108106311,0.000141587257690675,0.252189414015094,0.247118607308101
20280003,20284003,25,309,2086.52186367766,0.460908285701695,0.517437602722885,0.000800278017573165,0.000141203881907996,0.252189414015094,0.247118607308101
20280003,20284003,25,310,2086.2609144433,0.460850642565356,0.517789221059985,0.000798120535339477,0.000140823259515246,0.252189414015094,0.247118607308101
20280003,20284003,25,311,2086.00127149282,0.460793287984374,0.51813987151974,0.000795978476749539,0.000140445357940881,0.252189414015094,0.247118607308101
20280003,20284003,25,312,2085.74292241409,0.460736219216938,0.518489560621401,0.000793851660442192,0.000140070145194476,0.252189414015094,0.247118607308101
20280003,20284003,25,313,2085.48585496986,0.460679433559862,0.518838294805032,0.000791739908274691,0.00013969758985329,0.252189414015094,0.247118607308101
20280003,20284003,25,314,2085.2300570943,0.460622928347833,0.519186080432405,0.000789643045245752,0.000139327661048699,0.252189414015094,0.247118607308101
20280003,20284003,25,315,2084.9755168897,0.460566700952671,0.519532923787894,0.000787560899417815,0.000138960328452477,0.252189414015094,0.247118607308101
20280003,20284003,25,316,2084.72222262319,0.46051074878261,0.519878831079367,0.000785493301838961,0.000138595562263024,0.252189414015094,0.247118607308101
20280003,20284003,25,317,2084.4701627236,0.4604550692816,0.520223808439074,0.000783440086464309,0.000138233333191498,0.252189414015094,0.247118607308101
20280003,20284003,25,318,2084.21932577832,0.460399659928623,0.520567861924533,0.000781401090077687,0.000137873612447998,0.252189414015094,0.247118607308101
20280003,20284003,25,319,2083.96970053037,0.460344518237034,0.520910997519414,0.000779376152212978,0.000137516371727691,0.252189414015094,0.247118607308101
20280003,20284003,25,320,2083.72127587543,0.460289641753913,0.521253221134415,0.00077736511507603,0.000137161583197034,0.252189414015094,0.247118607308101
20280003,20284003,30,10,4874.46621169747,1,0.297592048724613,NaN,NaN,0.252132971309921,0.247118607308101
20280003,20284003,30,11,3839.7481837285,0.787726905258691,0.266759857063628,0.0643059514612435,0.0114430850361357,0.252132971309921,0.247118607308101
20280003,20284003,30,12,3404.55865327279,0.698447482332059,0.250001863692676,0.0412565182380602,0.00731112760982572,0.252132971309921,0.247118607308101
20280003,20284003,30,13,3150.36007214948,0.646298473582486,0.240029593930897,0.031696859248665,0.00560669687704275,0.252132971309921,0.247118607308101
20280003,20284003,30,14,2982.2061025851,0.611801574381328,0.234157863205419,0.0259622374871324,0.00458755791897157,0.252132971309921,0.247118607308101
20280003,20284003,30,15,2861.28445899609,0.586994418410316,0.23092530040617,0.0220894852555399,0.00390076946447826,0.252132971309921,0.247118607308101
20280003,20284003,30,16,2768.66123736929,0.567992702611255,0.229451176224648,0.0192990433472144,0.00340662965931378,0.252132971309921,0.247118607308101
20280003,20284003,30,17,2694.28095604332,0.552733538203166,0.229177833881848,0.0171920837173165,0.00303389894392083,0.252132971309921,0.247118607308101
20280003,20284003,30,18,2632.43409834054,0.540045614025055,0.229740325815032,0.0155438729122243,0.00274253339291411,0.252132971309921,0.247118607308101
20280003,20284003,30,19,2579.67439413291,0.529221925457675,0.230893577052819,0.014218403800002,0.00250834488830767,0.252132971309921,0.247118607308101
20280003,20284003,30,20,2533.79596119502,0.519809934288715,0.232469076273003,0.0131295397693852,0.00231603649191587,0.252132971309921,0.247118607308101
20280003,20284003,30,21,2493.31039498221,0.511504293331424,0.234348389527983,0.0122195365472057,0.00215536584956677,0.252132971309921,0.247118607308101
20280003,20284003,30,22,2457.16990285028,0.504090047224802,0.236446684343878,0.0114470566933982,0.00201900857228308,0.252132971309921,0.247118607308101
20280003,20284003,30,23,2424.61029500867,0.49741042192276,0.238702203351537,0.0107818446610699,0.00190160808403037,0.252132971309921,0.247118607308101
20280003,20284003,30,24,2395.0569436796,0.491347532152767,0.241069358700137,0.010201501357005,0.0017992011583726,0.252132971309921,0.247118607308101
20280003,20284003,30,25,2368.06624596108,0.48581037248311,0.243514094182725,0.00968929636640141,0.00170882898244509,0.252132971309921,0.247118607308101
20280003,20284003,30,26,2343.28826352639,0.480727152832263,0.246010701980548,0.00923254436610544,0.00162824901275023,0.252132971309921,0.247118607308101
20280003,20284003,30,27,2320.44220144226,0.476040267932066,0.248539584896628,0.00882142155538286,0.00155572516099655,0.252132971309921,0.247118607308101
20280003,20284003,30,28,2299.29927190285,0.471702781811292,0.251085651990999,0.00844828127851534,0.00148990643683619,0.252132971309921,0.247118607308101
20280003,20284003,30,29,2279.67001374618,0.467675826385987,0.253637163790411,0.00810722032318661,0.00142975004732506,0.252132971309921,0.247118607308101
20280003,20284003,30,30,2261.39489429113,0.463926673420028,0.256184906871067,0.00779367434884527,0.00137444979174707,0.252132971309921,0.247118607308101
20280003,20284003,30,31,2244.33756178159,0.460427350259555,0.258721605325617,0.00750404810385131,0.00132337069366556,0.252132971309921,0.247118607308101
20280003,20284003,30,32,2228.38011613641,0.457153669624146,0.261241496473058,0.00723543204638346,0.00127599893147656,0.252132971309921,0.247118607308101
20280003,20284003,30,33,2213.41979751855,0.454084550264583,0.263740017504741,0.00698540068661631,0.00123190621472155,0.252132971309921,0.247118607308101
20280003,20284003,30,34,2199.36660881516,0.451201529213033,0.266213566521653,0.00675187427817825,0.00119072535180085,0.252132971309921,0.247118607308101
20280003,20284003,30,35,2186.14150833222,0.448488391013162,0.268659314578109,0.00653303703424506,0.00115213579833968,0.252132971309921,0.247118607308101
20280003,20284003,30,36,2173.67492096942,0.445930862286657,0.271075054984455,0.00632730102681007,0.00111585726996624,0.252132971309921,0.247118607308101
20280003,20284003,30,37,2161.9054221675,0.443516341744145,0.273459082183599,0.00613329610140515,0.00108164794791107,0.252132971309921,0.247118607308101
20280003,20284003,30,38,2150.77853509795,0.441233653427863,0.275810095464496,0.00594986665101519,0.00104930389708465,0.252132971309921,0.247118607308101
20280003,20284003,30,39,2140.24563786703,0.439072822523827,0.27812712373941,0.00577606238188885,0.00101865742650487,0.252132971309921,0.247118607308101
20280003,20284003,30,40,2130.26300378593,0.43702487847261,0.280409467712146,0.00561111716794569,0.000989573350891789,0.252132971309921,0.247118607308101
20280003,20284003,30,41,2120.79099902919,0.435081690368441,0.282656655716745,0.00545441647156306,0.000961943237823413,0.252132971309921,0.247118607308101
20280003,20284003,30,42,2111.7934470269,0.433235836563835,0.284868409658717,0.00530545853840829,0.000935678558805376,0.252132971309921,0.247118607308101
20280003,20284003,30,43,2103.23714863665,0.431480506232543,0.287044617944873,0.00516381643729792,0.00091070399095085,0.252132971309921,0.247118607308101
20280003,20284003,30,44,2095.09153084687,0.429809427300817,0.289185312979309,0.00502910695534674,0.000886951928785405,0.252132971309921,0.247118607308101
20280003,20284003,30,45,2087.32838926765,0.428216813619221,0.291290651581071,0.00490096950145657,0.000864358761854706,0.252132971309921,0.247118607308101
20280003,20284003,30,46,2079.92169097637,0.42669732451629,0.293360897384973,0.00477905503345282,0.000842862920579242,0.252132971309921,0.247118607308101
20280003,20284003,30,47,2072.847411403,0.42524603133543,0.295396404814038,0.00466302277413865,0.000822404296105587,0.252132971309921,0.247118607308101
20280003,20284003,30,48,2066.08338809885,0.423858387435485,0.297397604525872,0.00455254158016503,0.000802924481004885,0.252132971309921,0.247118607308101
20280003,20284003,30,49,2059.60918251274,0.422530199834027,0.299364990362765,0.00444729308300767,0.000784367322730036,0.252132971309921,0.247118607308101
20280003,20284003,30,50,2053.40594681475,0.421257601886151,0.301299107836272,0.00434697460893341,0.000766679438275598,0.252132971309921,0.247118607308101
20280003,20284003,30,51,2047.45629613597,0.42003702707439,0.303200544115355,0.004251300886231,0.000749810515084352,0.252132971309921,0.247118607308101
20280003,20284003,30,52,2041.74418785275,0.418865184243783,0.305069919413287,0.00416000433900149,0.000733713362750426,0.252132971309921,0.247118607308101
20280003,20284003,30,53,2036.25480949961,0.417739034607138,0.306907879612157,0.00407283423827543,0.000718343763227509,0.252132971309921,0.247118607308101
20280003,20284003,30,54,2030.9744762363,0.416655770710335,0.308715089936754,0.00398955516748792,0.000703660200114806,0.252132971309921,0.247118607308101
20280003,20284003,30,55,2025.89053800189,0.415612797384927,0.310492229490724,0.0039099452532388,0.000689623546532028,0.252132971309921,0.247118607308101
20280003,20284003,30,56,2020.99129582834,0.4146077145798,0.312239986489836,0.00383379450726788,0.000676196772589455,0.252132971309921,0.247118607308101
20280003,20284003,30,57,2016.2659263605,0.413638301876415,0.31395905406056,0.00376090349060997,0.000663344709664488,0.252132971309921,0.247118607308101
20280003,20284003,30,58,2011.70441344145,0.412702504453488,0.315650126508503,0.00369108238679292,0.000651033886812604,0.252132971309921,0.247118607308101
20280003,20284003,30,59,2007.29748562198,0.41179842026702,0.317313895994376,0.00362415047632206,0.000639232437953311,0.252132971309921,0.247118607308101
20280003,20284003,30,60,2003.03655857979,0.410924288237555,0.3189510495815,0.00355993594371008,0.000627910067714145,0.252132971309921,0.247118607308101
20280003,20284003,30,61,1998.9136816271,0.410078477276183,0.320562266636804,0.00349827591725365,0.000617038058335489,0.252132971309921,0.247118607308101
20280003,20284003,30,62,1994.92148770032,0.409259476024886,0.32214821657726,0.00343901663379615,0.000606589298632257,0.252132971309921,0.247118607308101
20280003,20284003,30,63,1991.05314642853,0.408465883228509,0.323709556956851,0.00338201362876219,0.000596538317425668,0.252132971309921,0.247118607308101
20280003,20284003,30,64,1987.30232005007,0.40769639869101,0.325246931887368,0.00332713186983247,0.000586861307046639,0.252132971309921,0.247118607308101
20280003,20284003,30,65,1983.66312207667,0.406949814795391,0.326760970781459,0.00327424577611147,0.000577536126653884,0.252132971309921,0.247118607308101
20280003,20284003,30,66,1980.13007868991,0.406225008584142,0.328252287400069,0.00322323908994366,0.000568542279572634,0.252132971309921,0.247118607308101
20280003,20284003,30,67,1976.69809289552,0.405520934405484,0.329721479180202,0.0031740045927505,0.000559860863131566,0.252132971309921,0.247118607308101
20280003,20284003,30,68,1973.36241146475,0.404836617131366,0.331169126813794,0.00312644367700351,0.000551474493134225,0.252132971309921,0.247118607308101
20280003,20284003,30,69,1970.11859466581,0.404171145947844,0.332595794045,0.00308046580192898,0.000543367207831922,0.252132971309921,0.247118607308101
20280003,20284003,30,70,1966.96248874434,0.403523668709434,0.334002027651698,0.00303598786976423,0.000535524357892003,0.252132971309921,0.247118607308101
20280003,20284003,30,71,1963.89020105986,0.402893386838343,0.335388357577414,0.00299293356228436,0.000527932489366659,0.252132971309921,0.247118607308101
20280003,20284003,30,72,1960.89807773542,0.402279550739273,0.336755297181903,0.00295123267471566,0.000520579226208126,0.252132971309921,0.247118607308101
20280003,20284003,30,73,1957.98268363701,0.401681455692185,0.33810334358189,0.00291082047752303,0.000513453157706746,0.252132971309921,0.247118607308101
20280003,20284003,30,74,1955.14078447238,0.401098438179865,0.339432978057483,0.00287163712769626,0.000506543734664989,0.252132971309921,0.247118607308101
20280003,20284003,30,75,1952.36933078718,0.400529872604717,0.340744666504047,0.00283362714180324,0.000499841176470061,0.252132971309921,0.247118607308101
20280003,20284003,30,76,1949.66544363815,0.399975168349604,0.342038859913495,0.00279673893463566,0.000493336389738627,0.252132971309921,0.247118607308101
20280003,20284003,30,77,1947.0264017361,0.399433767140234,0.343315994872729,0.00276092442065884,0.000487020898040654,0.252132971309921,0.247118607308101
20280003,20284003,30,78,1944.44962987232,0.398905140670816,0.344576494070061,0.00272613867109465,0.000480886781436464,0.252132971309921,0.247118607308101
20280003,20284003,30,79,1941.93268846577,0.398388788459675,0.345820766802992,0.00269233961727571,0.000474926624174931,0.252132971309921,0.247118607308101
20280003,20284003,30,80,1939.47326409391,0.397884235906626,0.347049209482507,0.00265948779056154,0.000469133468839566,0.252132971309921,0.247118607308101
20280003,20284003,30,81,1937.06916089243,0.397391032528642,0.348262206130331,0.00262754609009728,0.000463500775404143,0.252132971309921,0.247118607308101
20280003,20284003,30,82,1934.71829272956,0.396908750354394,0.349460128866394,0.00259647957147783,0.000458022383974011,0.252132971309921,0.247118607308101
20280003,20284003,30,83,1932.41867607594,0.396436982461512,0.350643338384237,0.00256625525146675,0.000452692480357422,0.252132971309921,0.247118607308101
20280003,20284003,30,84,1930.16842350359,0.395975341642881,0.351812184412422,0.00253684192593264,0.000447505563966496,0.252132971309921,0.247118607308101
20280003,20284003,30,85,1927.96573775531,0.395523459189991,0.352967006160168,0.00250820999985114,0.000442456417844778,0.252132971309921,0.247118607308101
20280003,20284003,30,86,1925.80890633253,0.39508098378261,0.354108132745672,0.00248033132944817,0.000437540080834925,0.252132971309921,0.247118607308101
20280003,20284003,30,87,1923.69629655254,0.394647580474794,0.355235883605778,0.00245317907729475,0.000432751822029669,0.252132971309921,0.247118607308101
20280003,20284003,30,88,1921.62635102958,0.394222929767811,0.356350568885914,0.0024267275814433,0.000428087117698538,0.252132971309921,0.247118607308101
20280003,20284003,30,89,1919.59758353567,0.393806726761,0.357452489809578,0.00240095223960615,0.000423541630867029,0.252132971309921,0.247118607308101
20280003,20284003,30,90,1917.60857519962,0.393398680371987,0.35854193902696,0.0023758294090166,0.000419111193661391,0.252132971309921,0.247118607308101
20280003,20284003,30,91,1915.65797100464,0.392998512618173,0.359619200942703,0.00235133632209433,0.000414791792440614,0.252132971309921,0.247118607308101
20280003,20284003,30,92,1913.74447654781,0.392605957951933,0.360684552023122,0.00232745101745247,0.000410579555634127,0.252132971309921,0.247118607308101
20280003,20284003,30,93,1911.86685502778,0.392220762642643,0.361738261083565,0.00230415228521759,0.000406470744103863,0.252132971309921,0.247118607308101
20280003,20284003,30,94,1910.02392443057,0.39184268419935,0.362780589556833,0.00228141962514746,0.000402461743763421,0.252132971309921,0.247118607308101
20280003,20284003,30,95,1908.2145548873,0.391471490828693,0.363811791743836,0.00225923321566513,0.000398549060122522,0.252132971309921,0.247118607308101
20280003,20284003,30,96,1906.43766618123,0.391106960923489,0.364832115047762,0.00223757389170667,0.000394729314385908,0.252132971309921,0.247118607308101
20280003,20284003,30,97,1904.69222538592,0.390748882578189,0.36584180019318,0.00221642312920885,0.000390999240723198,0.252132971309921,0.247118607308101
20280003,20284003,30,98,1902.97724461944,0.390397053128153,0.366841081431458,0.00219576303413232,0.000387355684338563,0.252132971309921,0.247118607308101
20280003,20284003,30,99,1901.2917789031,0.390051278710372,0.367830186733917,0.00217557633410709,0.000383795600002691,0.252132971309921,0.247118607308101
20280003,20284003,30,100,1899.63492411609,0.389711373843859,0.368809337974013,0.00215584637107134,0.000380316050759731,0.252132971309921,0.247118607308101
20280003,20284003,30,101,1898.00581503959,0.389377161028395,0.36977875109981,0.00213655709361738,0.000376914206582342,0.252132971309921,0.247118607308101
20280003,20284003,30,102,1896.40362348579,0.389048470360695,0.370738636297827,0.00211769304812884,0.000373587342813263,0.252132971309921,0.247118607308101
20280003,20284003,30,103,1894.82755650854,0.388725139167329,0.371689198149274,0.0020992393681551,0.000370332838295721,0.252132971309921,0.247118607308101
20280003,20284003,30,104,1893.27685469327,0.388407011653889,0.37263063577954,0.00208118176179974,0.000367148173153297,0.252132971309921,0.247118607308101
20280003,20284003,30,105,1891.75079052406,0.388093938570001,0.37356314300168,0.00206350649717604,0.000364030926228601,0.252132971309921,0.247118607308101
20280003,20284003,30,106,1890.24866682609,0.387785776889781,0.374486908454564,0.00204620038619386,0.000360978772227422,0.252132971309921,0.247118607308101
20280003,20284003,30,107,1888.7698152814,0.387482389507355,0.375402115736219,0.00202925076708362,0.000357989478639909,0.252132971309921,0.247118607308101
20280003,20284003,30,108,1887.31359501588,0.38718364494697,0.376308943532868,0.00201264548613629,0.000355060902523273,0.252132971309921,0.247118607308101
20280003,20284003,30,109,1885.87939125488,0.3868894170872,0.377207565744048,0.00199637287915224,0.000352190987232966,0.252132971309921,0.247118607308101
20280003,20284003,30,110,1884.46661404485,0.386599584898674,0.378098151604191,0.00198042175305597,0.000349377759182944,0.252132971309921,0.247118607308101
20280003,20284003,30,111,1883.0746970378,0.386314032194726,0.378980865800965,0.00196478136806316,0.000346619324703207,0.252132971309921,0.247118607308101
20280003,20284003,30,112,1881.70309633562,0.386032647394297,0.379855868590681,0.00194944142069324,0.000343913867046308,0.252132971309921,0.247118607308101
20280003,20284003,30,113,1880.35128939101,0.385755323296457,0.380723315911008,0.00193439202781742,0.000341259643576368,0.252132971309921,0.247118607308101
20280003,20284003,30,114,1879.01877396168,0.385481956865864,0.381583359491242,0.00191962371183028,0.000338654983156116,0.252132971309921,0.247118607308101
20280003,20284003,30,115,1877.70506711498,0.385212449028566,0.382436146960351,0.00190512738693871,0.000336098283730862,0.252132971309921,0.247118607308101
20280003,20284003,30,116,1876.40970427994,0.384946704477515,0.38328182195298,0.00189089434648365,0.000333588010094492,0.252132971309921,0.247118607308101
20280003,20284003,30,117,1875.1322383441,0.384684631487293,0.384120524213607,0.00187691625114898,0.000331122691811793,0.252132971309921,0.247118607308101
20280003,20284003,30,118,1873.87223879283,0.384426141737534,0.384952389698997,0.00186318511786993,0.000328700921263988,0.252132971309921,0.247118607308101
20280003,20284003,30,119,1872.629290889,0.384171150144639,0.385777550679091,0.00184969330923131,0.00032632135178053,0.252132971309921,0.247118607308101
20280003,20284003,30,120,1871.4029948913,0.383919574701412,0.386596135836429,0.00183643352314062,0.000323982695819191,0.252132971309921,0.247118607308101
20280003,20284003,30,121,1870.19296530967,0.383671336324311,0.387408270364196,0.00182339878257155,0.000321683723158429,0.252132971309921,0.247118607308101
20280003,20284003,30,122,1868.99883019661,0.383426358708056,0.388214076062942,0.0018105824251957,0.000319423259069854,0.252132971309921,0.247118607308101
20280003,20284003,30,123,1867.82023047328,0.383184568187382,0.389013671435993,0.00179797809275224,0.000317200182444335,0.252132971309921,0.247118607308101
20280003,20284003,30,124,1866.6568192895,0.382945893605746,0.389807171783564,0.00178557972004321,0.000315013423851892,0.252132971309921,0.247118607308101
20280003,20284003,30,125,1865.50826141698,0.382710266190838,0.390594689295535,0.00177338152348289,0.000312861963522823,0.252132971309921,0.247118607308101
20280003,20284003,30,126,1864.37423267486,0.382477619436739,0.391376333142855,0.00176137798917115,0.000310744829244706,0.252132971309921,0.247118607308101
20280003,20284003,30,127,1863.25441938708,0.382247888992594,0.39215220956749,0.00174956386050068,0.000308661094177067,0.252132971309921,0.247118607308101
20280003,20284003,30,128,1862.14851787075,0.382021012557656,0.392922421970832,0.0017379341253434,0.000306609874591715,0.252132971309921,0.247118607308101
20280003,20284003,30,129,1861.0562339548,0.381796929782537,0.393687071000481,0.00172648400289315,0.000304590327552344,0.252132971309921,0.247118607308101
20280003,20284003,30,130,1859.9772825282,0.381575582176512,0.394446254635278,0.00171520893026584,0.000302601648551268,0.252132971309921,0.247118607308101
20280003,20284003,30,131,1858.9113871166,0.38135691302069,0.395200068268477,0.00170410454897706,0.000300643069124486,0.252132971309921,0.247118607308101
20280003,20284003,30,132,1857.85827948671,0.381140867286827,0.395948604788957,0.00169316669142937,0.000298713854468371,0.252132971309921,0.247118607308101
20280003,20284003,30,133,1856.81769927697,0.380927391561579,0.396691954660344,0.00168239136754515,0.000296813301082026,0.252132971309921,0.247118607308101
20280003,20284003,30,134,1855.78939365364,0.380716433975933,0.397430205997963,0.00167177475168187,0.000294940734459384,0.252132971309921,0.247118607308101
20280003,20284003,30,135,1854.77311699071,0.380507944139551,0.398163444643499,0.0016613131699587,0.000293095506853884,0.252132971309921,0.247118607308101
20280003,20284003,30,136,1853.76863057248,0.380301873079746,0.398891754237314,0.00165100308811335,0.000291276995136633,0.252132971309921,0.247118607308101
20280003,20284003,30,137,1852.77570231724,0.380098173184801,0.39961521628834,0.0016408410999937,0.000289484598766555,0.252132971309921,0.247118607308101
20280003,20284003,30,138,1851.79410652063,0.379896798151313,0.400333910241503,0.00163082391677014,0.000287717737887668,0.252132971309921,0.247118607308101
20280003,20284003,30,139,1850.82362361712,0.379697702935271,0.401047913542645,0.00162094835693786,0.000285975851565708,0.252132971309921,0.247118607308101
20280003,20284003,30,140,1849.86403995824,0.379500843706547,0.401757301700933,0.00161121133715597,0.000284258396172379,0.252132971309921,0.247118607308101
20280003,20284003,30,141,1848.91514760588,0.379306177806497,0.402462148348763,0.00160160986395234,0.000282564843922329,0.252132971309921,0.247118607308101
20280003,20284003,30,142,1847.97674413934,0.379113663708382,0.403162525299171,0.0015921410263028,0.000280894681564379,0.252132971309921,0.247118607308101
20280003,20284003,30,143,1847.04863247479,0.378923260980319,0.403858502600805,0.00158280198907551,0.00027924740922537,0.252132971309921,0.247118607308101
20280003,20284003,30,144,1846.13062069561,0.37873493025049,0.404550148590494,0.00157358998731512,0.000277622539402167,0.252132971309921,0.247118607308101
20280003,20284003,30,145,1845.22252189266,0.378548633174357,0.4052375299435,0.00156450232132717,0.000276019596094842,0.252132971309921,0.247118607308101
20280003,20284003,30,146,1844.32415401307,0.378364332403652,0.40592071172152,0.00155553635251019,0.000274438114071757,0.252132971309921,0.247118607308101
20280003,20284003,30,147,1843.43533971669,0.378181991556925,0.406599757418534,0.00154668949987523,0.000272877638255909,0.252132971309921,0.247118607308101
20280003,20284003,30,148,1842.5559062392,0.378001575191461,0.407274729004596,0.00153795923718311,0.000271337723220268,0.252132971309921,0.247118607308101
20280003,20284003,30,149,1841.68568526106,0.377823048776396,0.407945686967674,0.00152934309062684,0.000269817932779258,0.252132971309921,0.247118607308101
20280003,20284003,30,150,1840.82451278165,0.377646378666887,0.408612690353646,0.00152083863698278,0.000268317839662957,0.252132971309921,0.247118607308101
20280003,20284003,30,151,1839.97222899777,0.377471532079207,0.409275796804572,0.00151244350215476,0.000266837025260575,0.252132971309921,0.247118607308101
20280003,20284003,30,152,1839.12867818638,0.377298477066668,0.409935062595336,0.00150415536003604,0.000265375079420031,0.252132971309921,0.247118607308101
20280003,20284003,30,153,1838.29370859076,0.377127182496277,0.410590542668799,0.0014959719316182,0.000263931600291047,0.252132971309921,0.247118607308101
20280003,20284003,30,154,1837.46717231002,0.376957618026066,0.411242290669545,0.00148789098427999,0.000262506194200005,0.252132971309921,0.247118607308101
20280003,20284003,30,155,1836.6489251916,0.376789754083045,0.411890358976341,0.00147991033119563,0.000261098475545846,0.252132971309921,0.247118607308101
20280003,20284003,30,156,1835.83882672666,0.376623561841728,0.412534798733422,0.00147202783080873,0.000259708066707533,0.252132971309921,0.247118607308101
20280003,20284003,30,157,1835.03673994813,0.376459013203234,0.413175659880671,0.0014642413863256,0.00025833459795493,0.252132971309921,0.247118607308101
20280003,20284003,30,158,1834.24253133147,0.376296080774908,0.413812991182818,0.00145654894518967,0.00025697770735632,0.252132971309921,0.247118607308101
20280003,20284003,30,159,1833.45607069795,0.376134737850501,0.414446840257721,0.001448948498507,0.00025563704067728,0.252132971309921,0.247118607308101
20280003,20284003,30,160,1832.67723112064,0.375974958390866,0.415077253603816,0.00144143808040061,0.000254312251266997,0.252132971309921,0.247118607308101
20280003,20284003,30,161,1831.90588883293,0.375816717005202,0.415704276626806,0.00143401576727991,0.000253002999929573,0.252132971309921,0.247118607308101
20280003,20284003,30,162,1831.14192313974,0.375659988932834,0.416327953665654,0.00142667967701803,0.000251708954779075,0.252132971309921,0.247118607308101
20280003,20284003,30,163,1830.38521633139,0.375504750025539,0.416948328017944,0.0014194279680372,0.000250429791078358,0.252132971309921,0.247118607308101
20280003,20284003,30,164,1829.63565360014,0.375350976730434,0.417565441964649,0.00141225883830864,0.000249165191062773,0.252132971309921,0.247118607308101
20280003,20284003,30,165,1828.89312295945,0.375198646073405,0.418179336794365,0.00140517052427765,0.000247914843750685,0.252132971309921,0.247118607308101
20280003,20284003,30,166,1828.15751516594,0.375047735643101,0.418790052827046,0.00139816129973,0.000246678444743619,0.252132971309921,0.247118607308101
20280003,20284003,30,167,1827.42872364407,0.374898223575477,0.419397629437271,0.0013912294746187,0.0002454556960194,0.252132971309921,0.247118607308101
20280003,20284003,30,168,1826.70664441341,0.374750088538881,0.420002105077077,0.00138437339387208,0.000244246305721991,0.252132971309921,0.247118607308101
20280003,20284003,30,169,1825.9911760186,0.374603309719675,0.420603517298383,0.00137759143620644,0.000243049987952138,0.252132971309921,0.247118607308101
20280003,20284003,30,170,1825.28221946171,0.37445786680837,0.421201902775022,0.00137088201296618,0.000241866462562838,0.252132971309921,0.247118607308101
20280003,20284003,30,171,1824.57967813716,0.374313739986265,0.421797297324407,0.00136424356701452,0.000240695454963739,0.252132971309921,0.247118607308101
20280003,20284003,30,172,1823.88345776882,0.37417090991255,0.422389735928834,0.0013576745716959,0.000239536695938187,0.252132971309921,0.247118607308101
20280003,20284003,30,173,1823.19346634937,0.37402935771186,0.422979252756447,0.00135117352989029,0.000238389921476465,0.252132971309921,0.247118607308101
20280003,20284003,30,174,1822.50961408162,0.373889064962245,0.42356588118186,0.00134473897317595,0.000237254872628183,0.252132971309921,0.247118607308101
20280003,20284003,30,175,1821.83181332176,0.373750013683515,0.424149653806458,0.00133836946111481,0.000236131295376278,0.252132971309921,0.247118607308101
20280003,20284003,30,176,1821.15997852423,0.373612186325943,0.424730602478379,0.00133206358067109,0.000235018940534543,0.252132971309921,0.247118607308101
20280003,20284003,30,177,1820.49402618817,0.373475565759272,0.42530875831217,0.00132581994577005,0.000233917563669851,0.252132971309921,0.247118607308101
20280003,20284003,30,178,1819.83387480521,0.373340135262007,0.425884151708145,0.00131963719700005,0.000232826925049684,0.252132971309921,0.247118607308101
20280003,20284003,30,179,1819.17944480846,0.373205878510942,0.426456812371425,0.00131351400145762,0.000231746789614882,0.252132971309921,0.247118607308101
20280003,20284003,30,180,1818.53065852243,0.373072779570905,0.427026769330679,0.00130744905273139,0.000230676926976882,0.252132971309921,0.247118607308101
20280003,20284003,30,181,1817.88744011399,0.372940822884674,0.427594050956558,0.00130144107101755,0.000229617111438188,0.252132971309921,0.247118607308101
20280003,20284003,30,182,1817.24971554389,0.372809993263049,0.428158684979832,0.0012954888033569,0.000228567122034259,0.252132971309921,0.247118607308101
20280003,20284003,30,183,1816.61741251896,0.372680275875038,0.428720698509226,0.00128959102398041,0.000227526742594575,0.252132971309921,0.247118607308101
20280003,20284003,30,184,1815.99046044481,0.372551656238155,0.429280118048962,0.00128374653474855,0.000226495761820219,0.252132971309921,0.247118607308101
20280003,20284003,30,185,1815.36879037888,0.372424120208786,0.429836969516002,0.00127795416566802,0.000225473973375129,0.252132971309921,0.247118607308101
20280003,20284003,30,186,1814.75233498382,0.372297653972631,0.430391278257004,0.00127221277546838,0.00022446117598792,0.252132971309921,0.247118607308101
20280003,20284003,30,187,1814.14102848118,0.372172244035194,0.43094306906498,0.00126652125222034,0.00022345717356105,0.252132971309921,0.247118607308101
20280003,20284003,30,188,1813.53480660522,0.372047877212319,0.431492366195668,0.00126087851397744,0.000222461775284115,0.252132971309921,0.247118607308101
20280003,20284003,30,189,1812.93360655701,0.371924540620763,0.432039193383614,0.00125528350942335,0.000221474795748128,0.252132971309921,0.247118607308101
20280003,20284003,30,190,1812.33736695869,0.371802221668816,0.432583573857969,0.00124973521850732,0.000220496055057723,0.252132971309921,0.247118607308101
20280003,20284003,30,191,1811.74602780792,0.371680908046956,0.433125530357995,0.00124423265305123,0.00021952537893834,0.252132971309921,0.247118607308101
20280003,20284003,30,192,1811.15953043251,0.371560587718547,0.433665085148296,0.00123877485731387,0.00021856259883585,0.252132971309921,0.247118607308101
20280003,20284003,30,193,1810.57781744545,0.371441248910603,0.434202260033757,0.0012333609084978,0.000217607552006077,0.252132971309921,0.247118607308101
20280003,20284003,30,194,1810.00083270005,0.371322880104597,0.434737076374209,0.00122798991718782,0.000216660081592223,0.252132971309921,0.247118607308101
20280003,20284003,30,195,1809.42852124564,0.371205470027359,0.435269555098804,0.00122266102770977,0.000215720036688263,0.252132971309921,0.247118607308101
20280003,20284003,30,196,1808.86082928353,0.371089007642053,0.435799716720117,0.00121737341840159,0.000214787272386836,0.252132971309921,0.247118607308101
20280003,20284003,30,197,1808.29770412358,0.370973482139261,0.436327581347967,0.00121212630178962,0.00021386164981043,0.252132971309921,0.247118607308101
20280003,20284003,30,198,1807.73909414128,0.37085888292818,0.436853168702952,0.00120691892466453,0.000212943036124856,0.252132971309921,0.247118607308101
20280003,20284003,30,199,1807.18494873546,0.370745199627948,0.437376498129714,0.00120175056805354,0.000212031304534417,0.252132971309921,0.247118607308101
20280003,20284003,30,200,1806.63521828681,0.370632422059126,0.437897588609913,0.0011966205470867,0.000211126334258384,0.252132971309921,0.247118607308101
20280003,20284003,30,201,1806.08985411706,0.370520540235341,0.438416458774931,0.00119152821075637,0.000210228010488646,0.252132971309921,0.247118607308101
20280003,20284003,30,202,1805.54880844918,0.370409544355099,0.438933126918281,0.00118647294157032,0.000209336224328554,0.252132971309921,0.247118607308101
20280003,20284003,30,203,1805.01203436842,0.370299424793807,0.439447611007749,0.00118145415510025,0.000208450872713351,0.252132971309921,0.247118607308101
20280003,20284003,30,204,1804.4794857844,0.370190172095994,0.439959928697234,0.00117647129942841,0.000207571858312593,0.252132971309921,0.247118607308101
20280003,20284003,30,205,1803.9511173943,0.370081776967759,0.440470097338318,0.00117152385449584,0.000206699089415226,0.252132971309921,0.247118607308101
20280003,20284003,30,206,1803.42688464719,0.369974230269446,0.440978133991534,0.00116661133135666,0.000205832479798079,0.252132971309921,0.247118607308101
20280003,20284003,30,207,1802.90674370957,0.369867523008583,0.441484055437353,0.00116173327134355,0.000204971948578691,0.252132971309921,0.247118607308101
20280003,20284003,30,208,1802.39065143211,0.369761646333056,0.441987878186875,0.00115688924515025,0.000204117420053492,0.252132971309921,0.247118607308101
20280003,20284003,30,209,1801.87856531776,0.369656591524568,0.442489618492224,0.00115207885183692,0.000203268823522368,0.252132971309921,0.247118607308101
20280003,20284003,30,210,1801.37044349117,0.369552349992363,0.442989292356647,0.00114730171776554,0.000202426093100894,0.252132971309921,0.247118607308101
20280003,20284003,30,211,1800.86624466949,0.369448913267236,0.443486915544312,0.00114255749547196,0.000201589167521376,0.252132971309921,0.247118607308101
20280003,20284003,30,212,1800.36592813452,0.369346272995822,0.443982503589805,0.00113784586248173,0.00020075798992398,0.252132971309921,0.247118607308101
20280003,20284003,30,213,1799.86945370637,0.369244420935188,0.444476071807319,0.00113316652007774,0.000199932507639348,0.252132971309921,0.247118607308101
20280003,20284003,30,214,1799.37678171844,0.369143348947706,0.444967635299543,0.00112851919202645,0.000199112671963919,0.252132971309921,0.247118607308101
20280003,20284003,30,215,1798.88787299394,0.36904304899623,0.445457208966232,0.001123903623271,0.000198298437929388,0.252132971309921,0.247118607308101
20280003,20284003,30,216,1798.40268882375,0.368943513139561,0.445944807512476,0.00111931957859855,0.000197489764067634,0.252132971309921,0.247118607308101
20280003,20284003,30,217,1797.9211909458,0.368844733528207,0.446430445456652,0.00111476684128929,0.000196686612172406,0.252132971309921,0.247118607308101
20280003,20284003,30,218,1797.44334152579,0.368746702400438,0.446914137138062,0.00111024521175499,0.000195888947059151,0.252132971309921,0.247118607308101
20280003,20284003,30,219,1796.96910313937,0.368649412078621,0.447395896724265,0.0011057545061741,0.000195096736324248,0.252132971309921,0.247118607308101
20280003,20284003,30,220,1796.49843875563,0.368552854965842,0.447875738218085,0.00110129455513059,0.000194309950104893,0.252132971309921,0.247118607308101
20280003,20284003,30,221,1796.031311722,0.368457023542801,0.448353675464315,0.00109686520226341,0.000193528560840855,0.252132971309921,0.247118607308101
20280003,20284003,30,222,1795.56768575041,0.368361910364978,0.448829722156103,0.00109246630293316,0.00019275254303927,0.252132971309921,0.247118607308101
20280003,20284003,30,223,1795.10752490478,0.368267508060058,0.449303891841033,0.00108809772291209,0.000191981873043543,0.252132971309921,0.247118607308101
20280003,20284003,30,224,1794.65079358962,0.368173809325608,0.449776197926894,0.00108375933710331,0.000191216528807417,0.252132971309921,0.247118607308101
20280003,20284003,30,225,1794.19745654,0.368080806926999,0.450246653687146,0.00107945102829471,0.00019045648967514,0.252132971309921,0.247118607308101
20280003,20284003,30,226,1793.74747881244,0.367988493695557,0.450715272266082,0.00107517268595229,0.000189701736168619,0.252132971309921,0.247118607308101
20280003,20284003,30,227,1793.30082577705,0.367896862526935,0.451182066683695,0.00107092420505785,0.000188952249782356,0.252132971309921,0.247118607308101
20280003,20284003,30,228,1792.8574631106,0.367805906379699,0.451647049840253,0.00106670548499466,0.000188208012786894,0.252132971309921,0.247118607308101
20280003,20284003,30,229,1792.41735679057,0.367715618274105,0.45211023452058,0.00106251642848502,0.000187469008041371,0.252132971309921,0.247118607308101
20280003,20284003,30,230,1791.9804730901,0.367625991291069,0.452571633398069,0.00105835694058226,0.00018673521881572,0.252132971309921,0.247118607308101
20280003,20284003,30,231,1791.54677857386,0.367537018571307,0.453031259038403,0.00105422692772034,0.000186006628622992,0.252132971309921,0.247118607308101
20280003,20284003,30,232,1791.11624009456,0.367448693314633,0.453489123903024,0.00105012629682254,0.000185283221062143,0.252132971309921,0.247118607308101
20280003,20284003,30,233,1790.68882479035,0.367361008779413,0.453945240352332,0.00104605495447101,0.000184564979671518,0.252132971309921,0.247118607308101
20280003,20284003,30,234,1790.26450008271,0.367273958282148,0.454399620648635,0.00104201280613837,0.000183851887793306,0.252132971309921,0.247118607308101
20280003,20284003,30,235,1789.84323367514,0.367187535197183,0.45485227695886,0.00103799975548158,0.000183143928448981,0.252132971309921,0.247118607308101
20280003,20284003,30,236,1789.42499355219,0.36710173295653,0.455303221357021,0.00103401570369853,0.000182441084225791,0.252132971309921,0.247118607308101
20280003,20284003,30,237,1789.00974797912,0.367016545049786,0.45575246582647,0.00103006054894717,0.000181743337174298,0.252132971309921,0.247118607308101
20280003,20284003,30,238,1788.59746550195,0.366931965024144,0.456200022261927,0.00102613418582605,0.000181050668716738,0.252132971309921,0.247118607308101
20280003,20284003,30,239,1788.18811494783,0.366847986484476,0.456645902471311,0.00102223650491578,0.000180363059566139,0.252132971309921,0.247118607308101
20280003,20284003,30,240,1787.78166542581,0.366764603093482,0.457090118177362,0.00101836739237963,0.000179680489655867,0.252132971309921,0.247118607308101
20280003,20284003,30,241,1787.37808632785,0.3666818085719,0.457532681019096,0.00101452672962199,0.000179002938079376,0.252132971309921,0.247118607308101
20280003,20284003,30,242,1786.97734733,0.366599596698755,0.457973602553069,0.00101071439300243,0.000178330383039777,0.252132971309921,0.247118607308101
20280003,20284003,30,243,1786.57941839386,0.366517961311647,0.458412894254485,0.00100693025360344,0.000177662801808866,0.252132971309921,0.247118607308101
20280003,20284003,30,244,1786.18426976809,0.366436896307068,0.458850567518142,0.00100317417704927,0.00017700017069518,0.252132971309921,0.247118607308101
20280003,20284003,30,245,1785.79187199003,0.366356395640735,0.459286633659246,0.000999446023373713,0.000176342465020666,0.252132971309921,0.247118607308101
20280003,20284003,30,246,1785.4021958874,0.366276453327934,0.459721103914072,0.000995745646933731,0.000175689659105465,0.252132971309921,0.247118607308101
20280003,20284003,30,247,1785.01521257999,0.366197063443872,0.460153989440521,0.000992072896366554,0.000175041726260344,0.252132971309921,0.247118607308101
20280003,20284003,30,248,1784.63089348137,0.366118220124025,0.460585301318546,0.000988427614587126,0.000174398638786254,0.252132971309921,0.247118607308101
20280003,20284003,30,249,1784.24921030056,0.366039917564475,0.461015050550484,0.000984809638823162,0.000173760367980526,0.252132971309921,0.247118607308101
20280003,20284003,30,250,1783.87013504355,0.365962150022236,0.461443248061284,0.00098121880068507,0.00017312688414921,0.252132971309921,0.247118607308101
20280003,20284003,30,251,1783.49364001487,0.365884911815563,0.461869904698659,0.000977654926267293,0.000172498156624964,0.252132971309921,0.247118607308101
20280003,20284003,30,252,1783.11969781894,0.365808197324235,0.462295031233151,0.000974117836278942,0.000171874153790107,0.252132971309921,0.247118607308101
20280003,20284003,30,253,1782.74828136133,0.36573200098981,0.46271863835813,0.000970607346200228,0.000171254843104224,0.252132971309921,0.247118607308101
20280003,20284003,30,254,1782.37936384986,0.365656317315855,0.463140736689735,0.000967123266462358,0.000170640191135912,0.252132971309921,0.247118607308101
20280003,20284003,30,255,1782.01291879556,0.36558114086814,0.463561336766759,0.000963665402647817,0.000170030163598118,0.252132971309921,0.247118607308101
20280003,20284003,30,256,1781.64892001345,0.365506466274799,0.463980449050492,0.000960233555708898,0.0001694247253867,0.252132971309921,0.247118607308101
20280003,20284003,30,257,1781.28734162311,0.365432288226449,0.464398083924519,0.000956827522201347,0.000168823840621654,0.252132971309921,0.247118607308101
20280003,20284003,30,258,1780.92815804914,0.365358601476275,0.464814251694496,0.000953447094531301,0.000168227472690688,0.252132971309921,0.247118607308101
20280003,20284003,30,259,1780.57134402132,0.365285400840076,0.465228962587889,0.000950092061212852,0.00016763558429466,0.252132971309921,0.247118607308101
20280003,20284003,30,260,1780.21687457465,0.365212681196268,0.46564222675371,0.00094676220713422,0.000167048137494552,0.252132971309921,0.247118607308101
20280003,20284003,30,261,1779.86472504917,0.365140437485842,0.466054054262219,0.000943457313830243,0.00016646509375954,0.252132971309921,0.247118607308101
20280003,20284003,30,262,1779.51487108958,0.365068664712293,0.46646445510464,0.000940177159759798,0.000165886414015951,0.252132971309921,0.247118607308101
20280003,20284003,30,263,1779.16728864466,0.364997357941495,0.46687343919285,0.000936921520585579,0.000165312058696617,0.252132971309921,0.247118607308101
20280003,20284003,30,264,1778.82195396646,0.364926512301541,0.467281016359093,0.000933690169455295,0.000164741987790501,0.252132971309921,0.247118607308101
20280003,20284003,30,265,1778.47884360936,0.364856122982546,0.467687196355678,0.000930482877282154,0.000164176160892173,0.252132971309921,0.247118607308101
20280003,20284003,30,266,1778.13793442888,0.364786185236406,0.468091988854698,0.000927299413023799,0.000163614537251036,0.252132971309921,0.247118607308101
20280003,20284003,30,267,1777.79920358034,0.36471669437652,0.468495403447761,0.000924139543957764,0.000163057075819919,0.252132971309921,0.247118607308101
20280003,20284003,30,268,1777.46262851734,0.364647645777476,0.46889744964573,0.000921003035952743,0.000162503735302943,0.252132971309921,0.247118607308101
20280003,20284003,30,269,1777.12818699,0.364579034874701,0.469298136878486,0.000917889653734468,0.000161954474202427,0.252132971309921,0.247118607308101
20280003,20284003,30,270,1776.79585704317,0.364510857164075,0.46969747449471,0.000914799161145262,0.00016140925086469,0.252132971309921,0.247118607308101
20280003,20284003,30,271,1776.4656170143,0.364443108201517,0.470095471761689,0.000911731321396183,0.000160868023524531,0.252132971309921,0.247118607308101
20280003,20284003,30,272,1776.13744553133,0.364375783602532,0.470492137865145,0.000908685897311693,0.000160330750348401,0.252132971309921,0.247118607308101
20280003,20284003,30,273,1775.81132151032,0.364308879041736,0.470887481909093,0.00090566265156537,0.000159797389475989,0.252132971309921,0.247118607308101
20280003,20284003,30,274,1775.487224153,0.364242390252349,0.471281512915721,0.000902661346906718,0.00015926789906024,0.252132971309921,0.247118607308101
20280003,20284003,30,275,1775.16513294416,0.364176313025664,0.471674239825307,0.000899681746378476,0.000158742237305698,0.252132971309921,0.247118607308101
20280003,20284003,30,276,1774.84502764896,0.364110643210488,0.472065671496159,0.000896723613523912,0.000158220362505075,0.252132971309921,0.247118607308101
20280003,20284003,30,277,1774.52688831008,0.364045376712567,0.472455816704589,0.000893786712584074,0.000157702233074055,0.252132971309921,0.247118607308101
20280003,20284003,30,278,1774.21069524485,0.363980509493983,0.472844684144916,0.000890870808684487,0.000157187807584236,0.252132971309921,0.247118607308101
20280003,20284003,30,279,1773.89642904216,0.363916037572538,0.473232282429502,0.00088797566801147,0.000156677044794235,0.252132971309921,0.247118607308101
20280003,20284003,30,280,1773.58407055943,0.363851957021116,0.473618620088818,0.000885101057977771,0.000156169903678911,0.252132971309921,0.247118607308101
20280003,20284003,30,281,1773.27360091939,0.363788263967035,0.474003705571546,0.000882246747377554,0.000155666343456714,0.252132971309921,0.247118607308101
20280003,20284003,30,282,1772.96500150687,0.363724954591379,0.474387547244701,0.000879412506530813,0.000155166323615159,0.252132971309921,0.247118607308101
20280003,20284003,30,283,1772.6582539655,0.363662025128325,0.474770153393803,0.000876598107417365,0.000154669803934471,0.252132971309921,0.247118607308101
20280003,20284003,30,284,1772.35334019432,0.363599471864452,0.475151532223058,0.000873803323800312,0.000154176744509366,0.252132971309921,0.247118607308101
20280003,20284003,30,285,1772.05024234444,0.363537291138047,0.475531691855588,0.000871027931339562,0.000153687105769079,0.252132971309921,0.247118607308101
20280003,20284003,30,286,1771.74894281558,0.363475479338402,0.47591064033368,0.000868271707695018,0.00015320084849557,0.252132971309921,0.247118607308101
20280003,20284003,30,287,1771.44942425263,0.363414032905102,0.476288385619066,0.000865534432620509,0.000152717933840098,0.252132971309921,0.247118607308101
20280003,20284003,30,288,1771.15166954215,0.363352948327315,0.476664935593236,0.000862815888047947,0.000152238323338067,0.252132971309921,0.247118607308101
20280003,20284003,30,289,1770.8556618089,0.363292222143074,0.477040298057773,0.00086011585816242,0.000151761978922276,0.252132971309921,0.247118607308101
20280003,20284003,30,290,1770.56138441233,0.363231850938557,0.477414480734717,0.000857434129468621,0.000151288862934638,0.252132971309921,0.247118607308101
20280003,20284003,30,291,1770.26882094304,0.363171831347369,0.477787491266957,0.000854770490848689,0.000150818938136385,0.252132971309921,0.247118607308101
20280003,20284003,30,292,1769.97795521934,0.363112160049821,0.478159337218645,0.000852124733612052,0.000150352167716865,0.252132971309921,0.247118607308101
20280003,20284003,30,293,1769.68877128369,0.363052833772217,0.478530026075634,0.000849496651537611,0.000149888515300978,0.252132971309921,0.247118607308101
20280003,20284003,30,294,1769.40125339926,0.362993849286134,0.478899565245942,0.000846886040908518,0.00014942794495532,0.252132971309921,0.247118607308101
20280003,20284003,30,295,1769.11538604645,0.362935203407715,0.479267962060238,0.000844292700540181,0.000148970421193115,0.252132971309921,0.247118607308101
20280003,20284003,30,296,1768.83115391943,0.362876892996958,0.479635223772342,0.000841716431801703,0.000148515908978005,0.252132971309921,0.247118607308101
20280003,20284003,30,297,1768.54854192272,0.362818914957019,0.480001357559757,0.000839157038631321,0.000148064373726772,0.252132971309921,0.247118607308101
20280003,20284003,30,298,1768.26753516783,0.362761266233509,0.480366370524209,0.000836614327545974,0.000147615781311023,0.252132971309921,0.247118607308101
20280003,20284003,30,299,1767.98811896984,0.362703943813812,0.480730269692211,0.000834088107646039,0.000147170098058028,0.252132971309921,0.247118607308101
20280003,20284003,30,300,1767.71027884413,0.362646944726395,0.481093062015644,0.00083157819061463,0.000146727290750597,0.252132971309921,0.247118607308101
20280003,20284003,30,301,1767.43400050306,0.36259026604014,0.48145475437235,0.00082908439071299,0.000146287326626266,0.252132971309921,0.247118607308101
20280003,20284003,30,302,1767.1592698527,0.36253390486367,0.481815353566743,0.000826606524771458,0.000145850173375705,0.252132971309921,0.247118607308101
20280003,20284003,30,303,1766.88607298968,0.362477858344695,0.482174866330436,0.000824144412176881,0.000145415799140494,0.252132971309921,0.247118607308101
20280003,20284003,30,304,1766.61439619794,0.362422123669362,0.482533299322875,0.000821697874856735,0.000144984172510325,0.252132971309921,0.247118607308101
20280003,20284003,30,305,1766.3442259457,0.362366698061611,0.482890659131991,0.000819266737260191,0.000144555262519659,0.252132971309921,0.247118607308101
20280003,20284003,30,306,1766.0755488823,0.36231157878255,0.483246952274861,0.000816850826336686,0.00014412903864395,0.252132971309921,0.247118607308101
20280003,20284003,30,307,1765.80835183522,0.362256763129825,0.483602185198376,0.000814449971512096,0.000143705470795435,0.252132971309921,0.247118607308101
20280003,20284003,30,308,1765.54262180708,0.362202248437014,0.483956364279926,0.000812064004662956,0.000143284529318593,0.252132971309921,0.247118607308101
20280003,20284003,30,309,1765.27834597269,0.362148032073025,0.484309495828086,0.000809692760089156,0.00014286618498532,0.252132971309921,0.247118607308101
20280003,20284003,30,310,1765.01551167621,0.3620941114415,0.484661586083313,0.000807336074484898,0.000142450408989816,0.252132971309921,0.247118607308101
20280003,20284003,30,311,1764.75410642825,0.362040483980234,0.485012641218652,0.000804993786908928,0.000142037172943324,0.252132971309921,0.247118607308101
20280003,20284003,30,312,1764.49411790313,0.361987147160606,0.485362667340443,0.000802665738753509,0.00014162644886866,0.252132971309921,0.247118607308101
20280003,20284003,30,313,1764.23553393612,0.361934098487011,0.485711670489039,0.00080035177371306,0.000141218209194684,0.252132971309921,0.247118607308101
20280003,20284003,30,314,1763.97834252074,0.361881335496314,0.486059656639526,0.00079805173775196,0.000140812426750615,0.252132971309921,0.247118607308101
20280003,20284003,30,315,1763.72253180613,0.361828855757303,0.486406631702447,0.000795765479072435,0.000140409074760369,0.252132971309921,0.247118607308101
20280003,20284003,30,316,1763.46809009445,0.361776656870157,0.486752601524527,0.000793492848082156,0.000140008126836841,0.252132971309921,0.247118607308101
20280003,20284003,30,317,1763.21500583831,0.361724736465923,0.487097571889411,0.000791233697361877,0.000139609556976201,0.252132971309921,0.247118607308101
20280003,20284003,30,318,1762.9632676383,0.361673092206003,0.48744154851839,0.000788987881633306,0.000139213339552222,0.252132971309921,0.247118607308101
20280003,20284003,30,319,1762.71286424051,0.36162172178165,0.487784537071139,0.000786755257727408,0.000138819449310688,0.252132971309921,0.247118607308101
20280003,20284003,30,320,1762.46378453412,0.361570622913471,0.488126543146453,0.000784535684552846,0.000138427861363831,0.252132971309921,0.247118607308101
20280004,20284004,25,10,4771.38336916747,1,0.267906345168137,NaN,NaN,0.252100231578049,0.247125718200091
20280004,20284004,25,11,3935.7273457784,0.824860850882564,0.246250612098034,0.0604663479032923,0.0107242182202392,0.252100231578049,0.247125718200091
20280004,20284004,25,12,3598.66976166654,0.754219370617131,0.236922467974,0.0384401714040184,0.0067981587658616,0.252100231578049,0.247125718200091
20280004,20284004,25,13,3395.37969867194,0.711613265161793,0.232838986534883,0.0299523983005077,0.00529061011419727,0.252100231578049,0.247125718200091
20280004,20284004,25,14,3253.02597474883,0.681778369721826,0.231700026650503,0.0249627406414002,0.00440621256439033,0.252100231578049,0.247125718200091
20280004,20284004,25,15,3145.23707506525,0.659187667750546,0.232355487762397,0.0214754496410278,0.00378905722892455,0.252100231578049,0.247125718200091
20280004,20284004,25,16,3059.8478356515,0.641291549831048,0.234138947583029,0.0188243942737729,0.00332041781959675,0.252100231578049,0.247125718200091
20280004,20284004,25,17,2990.28011503039,0.626711350497108,0.236634603015128,0.0167167952830935,0.00294814660560704,0.252100231578049,0.247125718200091
20280004,20284004,25,18,2932.46264760068,0.614593802407528,0.239572099244294,0.0150057695795534,0.0026460963471392,0.252100231578049,0.247125718200091
20280004,20284004,25,19,2883.62368009803,0.604357993686258,0.242772773910853,0.0136020302543422,0.00239839380366743,0.252100231578049,0.247125718200091
20280004,20284004,25,20,2841.78365087886,0.595589042214126,0.246118244872263,0.0124374601328694,0.00219295600614342,0.252100231578049,0.247125718200091
20280004,20284004,25,21,2805.49646632749,0.587983871607659,0.249530070343513,0.0114589148579578,0.00202037153772177,0.252100231578049,0.247125718200091
20280004,20284004,25,22,2773.67931835672,0.5813155438903,0.252956339155259,0.010629267944939,0.00187407103706001,0.252100231578049,0.247125718200091
20280004,20284004,25,23,2745.50636035108,0.575410975796339,0.256363015010721,0.0099201257740791,0.00174903483792477,0.252100231578049,0.247125718200091
20280004,20284004,25,24,2720.33940961726,0.570136415194807,0.259728165079933,0.0093087812905135,0.00164125153040389,0.252100231578049,0.247125718200091
20280004,20284004,25,25,2697.67842301744,0.565387061632849,0.263038051179236,0.00877760605047464,0.00154760837654831,0.252100231578049,0.247125718200091
20280004,20284004,25,26,2677.12601868173,0.561079630696045,0.266284502243716,0.00831300215068724,0.00146570517573333,0.252100231578049,0.247125718200091
20280004,20284004,25,27,2658.36249336768,0.557147118076057,0.26946314290459,0.00790425014772646,0.00139365036186876,0.252100231578049,0.247125718200091
20280004,20284004,25,28,2641.12818391778,0.553535102835096,0.272572180315854,0.00754265235204198,0.00132990949755451,0.252100231578049,0.247125718200091
20280004,20284004,25,29,2625.21070146164,0.550199071913959,0.275611558396309,0.00722099602432398,0.00127321035867456,0.252100231578049,0.247125718200091
20280004,20284004,25,30,2610.43536321988,0.547102414802473,0.278582361363925,0.00693323326452198,0.00122248633718006,0.252100231578049,0.247125718200091
20280004,20284004,25,31,2596.65778665417,0.544214871400544,0.281486392005731,0.00667428050191767,0.00117684099674388,0.252100231578049,0.247125718200091
20280004,20284004,25,32,2583.75803047089,0.541511304073165,0.284325875323642,0.00643987500576734,0.0011355227185172,0.252100231578049,0.247125718200091
20280004,20284004,25,33,2571.63590912777,0.538970715651482,0.287103253193262,0.0062264560986234,0.00109790372233572,0.252100231578049,0.247125718200091
20280004,20284004,25,34,2560.20723578758,0.53657546202042,0.289821045168483,0.00603105832512017,0.00106346120735203,0.252100231578049,0.247125718200091
20280004,20284004,25,35,2549.40081464138,0.534310621761295,0.292481757003866,0.00585121394130961,0.0010317601434305,0.252100231578049,0.247125718200091
20280004,20284004,25,36,2539.15603943282,0.532163492843767,0.295087823107388,0.00568486612551587,0.00100243795822075,0.252100231578049,0.247125718200091
20280004,20284004,25,37,2529.42097812325,0.530123191204524,0.297641572647215,0.00553029492230835,0.000975191473243212,0.252100231578049,0.247125718200091
20280004,20284004,25,38,2520.15084225938,0.528180329953053,0.300145211772447,0.00538605676102191,0.000949766236286353,0.252100231578049,0.247125718200091
20280004,20284004,25,39,2511.30675712014,0.526326761615535,0.302600816547537,0.00525093665189155,0.000925948091082115,0.252100231578049,0.247125718200091
20280004,20284004,25,40,2502.85476579215,0.524555369406181,0.305010332834667,0.00512391076505984,0.000903556578933848,0.252100231578049,0.247125718200091
20280004,20284004,25,41,2494.7650162404,0.522859896851192,0.307375580554225,0.00500411651545866,0.000882439664480252,0.252100231578049,0.247125718200091
20280004,20284004,25,42,2487.01109405029,0.521234807942971,0.309698260584475,0.00489082753236698,0.000862469323046128,0.252100231578049,0.247125718200091
20280004,20284004,25,43,2479.56947393963,0.519675172186443,0.311979963113186,0.00478343168908876,0.000843537667636592,0.252100231578049,0.247125718200091
20280004,20284004,25,44,2472.41907017623,0.518176570374311,0.314222176613788,0.00468141129479087,0.000825553457118878,0.252100231578049,0.247125718200091
20280004,20284004,25,45,2465.54087020654,0.51673501780192,0.316426296860893,0.00458432527751328,0.000808438955391043,0.252100231578049,0.247125718200091
20280004,20284004,25,46,2458.91763803818,0.515346902101313,0.318593635577018,0.00449179356999441,0.000792127178846777,0.252100231578049,0.247125718200091
20280004,20284004,25,47,2452.5336751898,0.514008933140438,0.320725428443433,0.00440348397499314,0.000776559580934429,0.252100231578049,0.247125718200091
20280004,20284004,25,48,2446.37462804482,0.512718102647801,0.322822842325062,0.00431910165066744,0.000761684198614236,0.252100231578049,0.247125718200091
20280004,20284004,25,49,2440.4273316026,0.511471651465394,0.324886981654752,0.00423838114450021,0.000747454248124715,0.252100231578049,0.247125718200091
20280004,20284004,25,50,2434.67968101337,0.510267042624618,0.32691889399498,0.00416108070654426,0.000733827122603077,0.252100231578049,0.247125718200091
20280004,20284004,25,51,2429.12052384331,0.509101938766902,0.328919574844847,0.00408697847641513,0.000720763720059165,0.252100231578049,0.247125718200091
20280004,20284004,25,52,2423.73956760597,0.50797418276387,0.33088997178861,0.00401587007682641,0.000708228019330042,0.252100231578049,0.247125718200091
20280004,20284004,25,53,2418.5272985792,0.506881780702772,0.332830988092362,0.00394756715242099,0.000696186822689058,0.252100231578049,0.247125718200091
20280004,20284004,25,54,2413.47490920091,0.505822886669872,0.334743485852239,0.00388189644915982,0.000684609593744132,0.252100231578049,0.247125718200091
20280004,20284004,25,55,2408.57423234525,0.504795788975873,0.336628288785287,0.00381869911647104,0.00067346833458852,0.252100231578049,0.247125718200091
20280004,20284004,25,56,2403.8176815107,0.503798897620363,0.33848618473725,0.00375783001272572,0.00066273746351101,0.252100231578049,0.247125718200091
20280004,20284004,25,57,2399.19819642262,0.502830732891043,0.340317927963365,0.00369915688892996,0.000652393671204917,0.252100231578049,0.247125718200091
20280004,20284004,25,58,2394.70919380845,0.501889915047066,0.342124241221391,0.00364255940512424,0.000642415747452212,0.252100231578049,0.247125718200091
20280004,20284004,25,59,2390.3445231978,0.500975155055477,0.343905817702038,0.00358792799315131,0.000632784380693775,0.252100231578049,0.247125718200091
20280004,20284004,25,60,2386.09842758598,0.500085246346975,0.345663322811435,0.00353516261685333,0.000623481939492482,0.252100231578049,0.247125718200091
20280004,20284004,25,61,2381.96550872875,0.499219057542292,0.347397395813376,0.00348417149831342,0.000614492247991809,0.252100231578049,0.247125718200091
20280004,20284004,25,62,2377.9406967455,0.498375526081529,0.349108651335423,0.003434869880385,0.000605800367760098,0.252100231578049,0.247125718200091
20280004,20284004,25,63,2374.01922362584,0.497553652671608,0.350797680741835,0.0033871788862156,0.000597392396728799,0.252100231578049,0.247125718200091
20280004,20284004,25,64,2370.1966001772,0.496752496454872,0.352465053377134,0.00334102452046509,0.000589255293110075,0.252100231578049,0.247125718200091
20280004,20284004,25,65,2366.46859592395,0.495971170796294,0.354111317685946,0.00329633683847287,0.000581376728925932,0.252100231578049,0.247125718200091
20280004,20284004,25,66,2362.83122147348,0.495208839587701,0.355737002217148,0.00325304929181769,0.000573744974639642,0.252100231578049,0.247125718200091
20280004,20284004,25,67,2359.28071289502,0.494464713973858,0.357342616522605,0.00321109824357275,0.000566348813709644,0.252100231578049,0.247125718200091
20280004,20284004,25,68,2355.81351770749,0.49373804941575,0.358928651962606,0.0031704226351834,0.000559177483879559,0.252100231578049,0.247125718200091
20280004,20284004,25,69,2352.42628213404,0.493028143019349,0.360495582431244,0.00313096377962848,0.000552220640736218,0.252100231578049,0.247125718200091
20280004,20284004,25,70,2349.11583934711,0.492334331071995,0.362043865015386,0.0030926652521621,0.000545468338474011,0.252100231578049,0.247125718200091
20280004,20284004,25,71,2345.87919849253,0.491655986742027,0.363573940600477,0.00305547284991512,0.000538911022800574,0.252100231578049,0.247125718200091
20280004,20284004,25,72,2342.71353433916,0.490992517909524,0.365086234435467,0.00301933459421342,0.000532539531373397,0.252100231578049,0.247125718200091
20280004,20284004,25,73,2339.61617744995,0.49034336510633,0.366581156667625,0.00298420075380781,0.000526345097921822,0.252100231578049,0.247125718200091
20280004,20284004,25,74,2336.584604809,0.489707999551647,0.36805910285629,0.00295002387248008,0.000520319357138358,0.252100231578049,0.247125718200091
20280004,20284004,25,75,2333.61643086718,0.489085921275355,0.369520454472696,0.00291675878992375,0.000514454348381544,0.252100231578049,0.247125718200091
20280004,20284004,25,76,2330.70939898732,0.488476657325062,0.370965579391182,0.00288436264975651,0.000508742517107124,0.252100231578049,0.247125718200091
20280004,20284004,25,77,2327.86137328022,0.487879760055079,0.372394832375461,0.00285279489251696,0.000503176713649062,0.252100231578049,0.247125718200091
20280004,20284004,25,78,2325.07033082709,0.487294805496373,0.373808555562161,0.0028220172342639,0.000497750189459635,0.252100231578049,0.247125718200091
20280004,20284004,25,79,2322.3343542847,0.486721391806736,0.375207078942731,0.00279199363286246,0.000492456591176479,0.252100231578049,0.247125718200091
20280004,20284004,25,80,2319.65162486812,0.486159137800085,0.376590720843909,0.0027626902443626,0.000487289952941056,0.252100231578049,0.247125718200091
20280004,20284004,25,81,2317.02041570444,0.485607681553521,0.377959788406289,0.00273407537135671,0.000482244687301507,0.252100231578049,0.247125718200091
20280004,20284004,25,82,2314.43908554997,0.485066679090555,0.37931457806009,0.0027061194042471,0.000477315574864241,0.252100231578049,0.247125718200091
20280004,20284004,25,83,2311.90607286335,0.484535803138942,0.380655375996864,0.00267879475536754,0.000472497752684527,0.252100231578049,0.247125718200091
20280004,20284004,25,84,2309.41989022821,0.484014741961757,0.381982458635664,0.00265207578520935,0.000467786701264025,0.252100231578049,0.247125718200091
20280004,20284004,25,85,2306.97911912012,0.483503198260644,0.383296093082024,0.00262593871979245,0.000463178229986027,0.252100231578049,0.247125718200091
20280004,20284004,25,86,2304.58240501402,0.483000888150418,0.384596537577966,0.00260036155851693,0.000458668460871325,0.252100231578049,0.247125718200091
20280004,20284004,25,87,2302.22845282886,0.482507540204333,0.385884041941192,0.00257532397251687,0.00045425381065851,0.252100231578049,0.247125718200091
20280004,20284004,25,88,2299.91602270559,0.482022894569231,0.387158847991626,0.00255080719440554,0.00044993097136555,0.252100231578049,0.247125718200091
20280004,20284004,25,89,2297.64392611366,0.481546702149519,0.388421189963502,0.00252679390111839,0.000445696889633621,0.252100231578049,0.247125718200091
20280004,20284004,25,90,2295.41102227853,0.481078723858452,0.389671294901368,0.00250326809213516,0.000441548745255539,0.252100231578049,0.247125718200091
20280004,20284004,25,91,2293.21621492076,0.480618729934689,0.390909383038564,0.00248021496558826,0.000437483929331033,0.252100231578049,0.247125718200091
20280004,20284004,25,92,2291.0584492943,0.48016649932157,0.392135668157,0.00245762079462991,0.000433500022467258,0.252100231578049,0.247125718200091
20280004,20284004,25,93,2288.93670950974,0.479721819106128,0.393350357927379,0.00243547280601051,0.000429594773368945,0.252100231578049,0.247125718200091
20280004,20284004,25,94,2286.85001612708,0.479284484014558,0.394553654229322,0.0024137590622438,0.000425766078060805,0.252100231578049,0.247125718200091
20280004,20284004,25,95,2284.79742400153,0.478854295960752,0.395745753451147,0.00239246834814833,0.000422011959881431,0.252100231578049,0.247125718200091
20280004,20284004,25,96,2282.77802036631,0.478431063644467,0.396926846769384,0.0023715900620809,0.000418330550304368,0.252100231578049,0.247125718200091
20280004,20284004,25,97,2280.79092313639,0.478014602195831,0.398097120408296,0.00235111411190579,0.000414720070594107,0.252100231578049,0.247125718200091
20280004,20284004,25,98,2278.83527941808,0.477604732862976,0.399256755879893,0.00233103081570116,0.000411178814297236,0.252100231578049,0.247125718200091
20280004,20284004,25,99,2276.91026420964,0.477201282739712,0.400405930205089,0.00231133080737595,0.000407705130599333,0.252100231578049,0.247125718200091
20280004,20284004,25,100,2275.01507927851,0.476804084530198,0.401544816116721,0.00229200494769836,0.000404297408636019,0.252100231578049,0.247125718200091
20280004,20284004,25,101,2273.14895220006,0.476412976347505,0.402673582245256,0.00227304424163986,0.00040095406291762,0.252100231578049,0.247125718200091
20280004,20284004,25,102,2271.31113554273,0.476027801542813,0.403792393288057,0.00225443976332979,0.000397673520095909,0.252100231578049,0.247125718200091
20280004,20284004,25,103,2269.50090618257,0.475648408561763,0.404901410163133,0.00223618259021058,0.000394454207353411,0.252100231578049,0.247125718200091
20280004,20284004,25,104,2267.71756472949,0.475274650824205,0.406000790148354,0.00221826374812152,0.000391294542720101,0.252100231578049,0.247125718200091
20280004,20284004,25,105,2265.96043504566,0.474906386623265,0.407090687007154,0.00220067416897616,0.000388192927611224,0.252100231578049,0.247125718200091
20280004,20284004,25,106,2264.22886383579,0.474543479039467,0.408171251101822,0.00218340466242486,0.000385147741831738,0.252100231578049,0.247125718200091
20280004,20284004,25,107,2262.52222028774,0.474185795865427,0.409242629495533,0.00216644590242558,0.000382157341210231,0.252100231578049,0.247125718200091
20280004,20284004,25,108,2260.83989574251,0.47383320953667,0.410304966044321,0.00214978842901881,0.000379220057914534,0.252100231578049,0.247125718200091
20280004,20284004,25,109,2259.18130337268,0.473485597064247,0.411358401480245,0.00213342266488412,0.00037633420337456,0.252100231578049,0.247125718200091
20280004,20284004,25,110,2257.54587785023,0.473142839965117,0.412403073487029,0.00211733894551079,0.000373498073606428,0.252100231578049,0.247125718200091
20280004,20284004,25,111,2255.93307498701,0.472804824186792,0.413439116769428,0.00210152756112524,0.000370709956610287,0.252100231578049,0.247125718200091
20280004,20284004,25,112,2254.3423713338,0.472471440023303,0.414466663117571,0.00208597880794689,0.000367968141413516,0.252100231578049,0.247125718200091
20280004,20284004,25,113,2252.7732637276,0.472142582020332,0.415485841467445,0.0020706830459513,0.000365270928261681,0.252100231578049,0.247125718200091
20280004,20284004,25,114,2251.22526878065,0.471818148868103,0.416496777958599,0.00205563076013086,0.000362616639426331,0.252100231578049,0.247125718200091
20280004,20284004,25,115,2249.69792230807,0.471498043281441,0.417499595990019,0.002040812622271,0.000360003630103663,0.252100231578049,0.247125718200091
20280004,20284004,25,116,2248.1907786952,0.471182171867166,0.418494416275009,0.00202621955048349,0.000357430298917423,0.252100231578049,0.247125718200091
20280004,20284004,25,117,2246.70341020836,0.470870444979645,0.419481356895748,0.00201184276412067,0.000354895097606961,0.252100231578049,0.247125718200091
20280004,20284004,25,118,2245.23540625581,0.470562776565902,0.420460533358038,0.00199767383218747,0.0003523965395682,0.252100231578049,0.247125718200091
20280004,20284004,25,119,2243.78637260756,0.470259084002102,0.421432058646637,0.00198370471391142,0.000349933207011211,0.252100231578049,0.247125718200091
20280004,20284004,25,120,2242.35593058399,0.469959287923504,0.422396043281408,0.00196992779067717,0.000347503756594433,0.252100231578049,0.247125718200091
20280004,20284004,25,121,2240.94371622406,0.469663312050121,0.423352595374411,0.00195633588903571,0.000345106923484378,0.252100231578049,0.247125718200091
20280004,20284004,25,122,2239.54937944382,0.469371083010373,0.424301820687947,0.00194292229492582,0.000342741523865133,0.252100231578049,0.247125718200091
20280004,20284004,25,123,2238.17258319583,0.469082530164907,0.425243822693499,0.00192968075958749,0.000340406455982249,0.252100231578049,0.247125718200091
20280004,20284004,25,124,2236.81300263913,0.468797585432632,0.426178702631404,0.00191660549788979,0.000338100699848487,0.252100231578049,0.247125718200091
20280004,20284004,25,125,2235.47032432841,0.468516183120801,0.4271065595711,0.00190369117995407,0.000335823315766814,0.252100231578049,0.247125718200091
20280004,20284004,25,126,2234.14424543018,0.468238259760712,0.428027490471682,0.00189093291703277,0.000333573441840038,0.252100231578049,0.247125718200091
20280004,20284004,25,127,2232.83447297195,0.467963753950366,0.428941590242535,0.00187832624262406,0.00033135029064001,0.252100231578049,0.247125718200091
20280004,20284004,25,128,2231.54072312978,0.467692606205137,0.429848951803773,0.00186586708977715,0.000329153145204832,0.252100231578049,0.247125718200091
20280004,20284004,25,129,2230.26272055789,0.467424758817282,0.430749666146195,0.00185355176548828,0.000326981354522834,0.252100231578049,0.247125718200091
20280004,20284004,25,130,2229.00019776318,0.467160155724837,0.431643822390494,0.00184137692301353,0.00032483432864907,0.252100231578049,0.247125718200091
20280004,20284004,25,131,2227.75289452629,0.466898742390301,0.432531507845458,0.00182933953284316,0.000322711533585677,0.252100231578049,0.247125718200091
20280004,20284004,25,132,2226.52055737016,0.466640465689231,0.433412808064903,0.00181743685299785,0.000320612486042633,0.252100231578049,0.247125718200091
20280004,20284004,25,133,2225.3029390758,0.466385273808774,0.434287806903104,0.00180566639922578,0.000318536748180993,0.252100231578049,0.247125718200091
20280004,20284004,25,134,2224.09979824484,0.466133116155977,0.435156586568527,0.00179402591560174,0.000316483922427057,0.252100231578049,0.247125718200091
20280004,20284004,25,135,2222.91089890722,0.465883943275571,0.43601922767566,0.00178251334595779,0.000314453646433214,0.252100231578049,0.247125718200091
20280004,20284004,25,136,2221.73601017245,0.465637706776873,0.436875809294806,0.00177112680650839,0.000312445588249475,0.252100231578049,0.247125718200091
20280004,20284004,25,137,2220.5749059219,0.465394359269303,0.437726408999699,0.00175986455997162,0.000310459441758924,0.252100231578049,0.247125718200091
20280004,20284004,25,138,2219.42736453974,0.465153854305987,0.438571102912864,0.00174872499143071,0.000308494922420149,0.252100231578049,0.247125718200091
20280004,20284004,25,139,2218.29316867941,0.464916146334824,0.439409965748659,0.00173770658612618,0.000306551763350219,0.252100231578049,0.247125718200091
20280004,20284004,25,140,2217.17210506287,0.464681190656397,0.440243070853978,0.00172680790931839,0.000304629711772869,0.252100231578049,0.247125718200091
20280004,20284004,25,141,2216.06396430913,0.464448943388046,0.44107049024662,0.00171602758831006,0.00030272852584769,0.252100231578049,0.247125718200091
20280004,20284004,25,142,2214.96854078911,0.464219361433451,0.441892294651377,0.00170536429667289,0.000300847971888103,0.252100231578049,0.247125718200091
20280004,20284004,25,143,2213.88563250351,0.463992402457026,0.442708553533894,0.0016948167406767,0.000298987821967843,0.252100231578049,0.247125718200091
20280004,20284004,25,144,2212.81504098056,0.463768024862497,0.443519335132415,0.00168438364787793,0.000297147851908326,0.252100231578049,0.247125718200091
20280004,20284004,25,145,2211.75657119066,0.463546187775009,0.444324706487513,0.00167406375778504,0.000295327839632355,0.252100231578049,0.247125718200091
20280004,20284004,25,146,2210.71003147508,0.463326851026187,0.445124733469963,0.00166385581448381,0.000293527563863535,0.252100231578049,0.247125718200091
20280004,20284004,25,147,2209.67523348606,0.463109975141572,0.445919480806878,0.00165375856107578,0.00029174680314549,0.252100231578049,0.247125718200091
20280004,20284004,25,148,2208.65199213585,0.462895521329954,0.446709012106299,0.00164377073575816,0.000289985335150619,0.252100231578049,0.247125718200091
20280004,20284004,25,149,2207.64012555264,0.462683451474124,0.447493389880375,0.00163389106935705,0.000288242936245182,0.252100231578049,0.247125718200091
20280004,20284004,25,150,2206.63945504133,0.462473728122658,0.448272675567311,0.00162411828411318,0.000286519381275299,0.252100231578049,0.247125718200091
20280004,20284004,25,151,2205.64980504761,0.462266314482388,0.449046929552242,0.00161445109351674,0.000284814443538,0.252100231578049,0.247125718200091
20280004,20284004,25,152,2204.67100312395,0.462061174411276,0.44981621118718,0.00160488820298956,0.000283127894901704,0.252100231578049,0.247125718200091
20280004,20284004,25,153,2203.7028798964,0.461858272411448,0.450580578810186,0.00159542831122201,0.000281459506042183,0.252100231578049,0.247125718200091
20280004,20284004,25,154,2202.74526903124,0.461657573622215,0.451340089763893,0.00158607011198577,0.000279809046762439,0.252100231578049,0.247125718200091
20280004,20284004,25,155,2201.79800720096,0.461459043812935,0.4520948004135,0.00157681229626208,0.000278176286368227,0.252100231578049,0.247125718200091
20280004,20284004,25,156,2200.86093404898,0.461262649375625,0.452844766164334,0.00156765355454608,0.000276560994074608,0.252100231578049,0.247125718200091
20280004,20284004,25,157,2199.93389215288,0.461068357317248,0.45359004147908,0.00155859257921111,0.000274962939423089,0.252100231578049,0.247125718200091
20280004,20284004,25,158,2199.01672698592,0.460876135251655,0.45433067989474,0.00154962806684025,0.000273381892692951,0.252100231578049,0.247125718200091
20280004,20284004,25,159,2198.1092868769,0.460685951391166,0.455066734039385,0.00154075872045515,0.000271817625294472,0.252100231578049,0.247125718200091
20280004,20284004,25,160,2197.21142296827,0.460497774537796,0.45579825564875,0.00153198325159416,0.000270269910135559,0.252100231578049,0.247125718200091
20280004,20284004,25,161,2196.32298917268,0.460311574074145,0.456525295582696,0.00152330038220929,0.000268738521956412,0.252100231578049,0.247125718200091
20280004,20284004,25,162,2195.44384212808,0.460127319953993,0.457247903841574,0.00151470884637002,0.00026722323763013,0.252100231578049,0.247125718200091
20280004,20284004,25,163,2194.57384115157,0.459944982692617,0.457966129582498,0.00150620739177225,0.000265723836428938,0.252100231578049,0.247125718200091
20280004,20284004,25,164,2193.7128481921,0.459764533356888,0.458680021135539,0.0014977947810628,0.000264240100257888,0.252100231578049,0.247125718200091
20280004,20284004,25,165,2192.86072778227,0.459585943555169,0.459389626019839,0.001489469792995,0.000262771813858767,0.252100231578049,0.247125718200091
20280004,20284004,25,166,2192.01734698943,0.459409185427056,0.460094990959648,0.00148123122343542,0.000261318764987753,0.252100231578049,0.247125718200091
20280004,20284004,25,167,2191.1825753661,0.459234231633001,0.460796161900271,0.00147307788624283,0.000259880744570546,0.252100231578049,0.247125718200091
20280004,20284004,25,168,2190.35628490003,0.459061055343833,0.461493184023926,0.00146500861404044,0.000258457546838677,0.252100231578049,0.247125718200091
20280004,20284004,25,169,2189.5383499639,0.458889630230225,0.4621861017655,0.00145702225889938,0.000257048969450157,0.252100231578049,0.247125718200091
20280004,20284004,25,170,2188.72864726484,0.458719930452107,0.462874958828193,0.00144911769294881,0.000255654813597216,0.252100231578049,0.247125718200091
20280004,20284004,25,171,2187.92705579386,0.458551930648076,0.463559798199037,0.0014412938089242,0.000254274884103115,0.252100231578049,0.247125718200091
20280004,20284004,25,172,2187.13345677529,0.458385605924788,0.464240662164295,0.00143354952066082,0.000252908989509312,0.252100231578049,0.247125718200091
20280004,20284004,25,173,2186.34773361629,0.45822093184639,0.46491759232471,0.00142588376353552,0.00025155694215351,0.252100231578049,0.247125718200091
20280004,20284004,25,174,2185.56977185659,0.458057884423975,0.465590629610607,0.00141829549485684,0.000250218558238587,0.252100231578049,0.247125718200091
20280004,20284004,25,175,2184.79945911845,0.457896440105096,0.46625981429684,0.00141078369419938,0.000248893657891706,0.252100231578049,0.247125718200091
20280004,20284004,25,176,2184.03668505697,0.457736575763363,0.466925186017569,0.00140334736367657,0.000247582065212552,0.252100231578049,0.247125718200091
20280004,20284004,25,177,2183.28134131091,0.457578268688113,0.467586783780852,0.00139598552814365,0.000246283608309249,0.252100231578049,0.247125718200091
20280004,20284004,25,178,2182.53332145388,0.457421496574209,0.468244645983058,0.00138869723532214,0.000244998119320446,0.252100231578049,0.247125718200091
20280004,20284004,25,179,2181.79252094633,0.457266237511956,0.468898810423083,0.00138148155583545,0.000243725434421715,0.252100231578049,0.247125718200091
20280004,20284004,25,180,2181.05883708815,0.457112469977174,0.469549314316345,0.00137433758314701,0.000242465393814743,0.252100231578049,0.247125718200091
20280004,20284004,25,181,2180.3321689721,0.456960172821437,0.47019619430857,0.00136726443339105,0.000241217841697592,0.252100231578049,0.247125718200091
20280004,20284004,25,182,2179.61241743816,0.456809325262511,0.470839486489345,0.0013602612450884,0.000239982626214671,0.252100231578049,0.247125718200091
20280004,20284004,25,183,2178.89948502893,0.456659906874998,0.471479226405416,0.00135332717874055,0.000238759599385228,0.252100231578049,0.247125718200091
20280004,20284004,25,184,2178.19327594615,0.456511897581226,0.472115449073736,0.00134646141629624,0.000237548617009335,0.252100231578049,0.247125718200091
20280004,20284004,25,185,2177.4936960084,0.45636527764239,0.472748188994242,0.00133966316048706,0.000236349538550788,0.252100231578049,0.247125718200091
20280004,20284004,25,186,2176.80065261021,0.456220027649974,0.473377480162335,0.00133293163402924,0.000235162226996371,0.252100231578049,0.247125718200091
20280004,20284004,25,187,2176.11405468257,0.456076128517475,0.474003356081069,0.00132626607869124,0.000233986548691444,0.252100231578049,0.247125718200091
20280004,20284004,25,188,2175.43381265493,0.455933561472447,0.474625849773019,0.00131966575422751,0.000232822373151939,0.252100231578049,0.247125718200091
20280004,20284004,25,189,2174.75983841888,0.45579230804888,0.475244993791821,0.00131312993718027,0.000231669572853028,0.252100231578049,0.247125718200091
20280004,20284004,25,190,2174.09204529352,0.455652350079944,0.475860820233363,0.00130665791955275,0.000230528022995158,0.252100231578049,0.247125718200091
20280004,20284004,25,191,2173.43034799254,0.455513669691097,0.476473360746628,0.00130024900735816,0.000229397601248107,0.252100231578049,0.247125718200091
20280004,20284004,25,192,2172.77466259328,0.455376249293588,0.477082646544151,0.00129390251904977,0.000228278187474108,0.252100231578049,0.247125718200091
20280004,20284004,25,193,2172.12490650758,0.455240071578356,0.477688708412107,0.00128761778383895,0.000227169663431175,0.252100231578049,0.247125718200091
20280004,20284004,25,194,2171.48099845465,0.455105119510349,0.478291576719999,0.00128139413990906,0.000226071912458049,0.252100231578049,0.247125718200091
20280004,20284004,25,195,2170.84285843603,0.454971376323259,0.478891281429938,0.00127523093253382,0.000224984819142318,0.252100231578049,0.247125718200091
20280004,20284004,25,196,2170.21040771248,0.454838825514696,0.479487852105523,0.00126912751211126,0.000223908268973611,0.252100231578049,0.247125718200091
20280004,20284004,25,197,2169.58356878305,0.454707450841789,0.480081317920288,0.00126308323212468,0.000222842147983919,0.252100231578049,0.247125718200091
20280004,20284004,25,198,2168.9622653662,0.454577236317242,0.48067170766574,0.0012570974470451,0.000221786342377603,0.252100231578049,0.247125718200091
20280004,20284004,25,199,2168.3464223831,0.454448166205819,0.481259049758959,0.00125116951019077,0.000220740738153811,0.252100231578049,0.247125718200091
20280004,20284004,25,200,2167.73596594296,0.45432022502128,0.481843372249779,0.00124529877156236,0.00021970522072461,0.252100231578049,0.247125718200091
20280004,20284004,25,201,2167.13082333048,0.454193397523748,0.482424702827543,0.00123948457567469,0.000218679674532499,0.252100231578049,0.247125718200091
20280004,20284004,25,202,2166.53092299536,0.454067668717507,0.48300306882743,0.00123372625940914,0.000217663982671572,0.252100231578049,0.247125718200091
20280004,20284004,25,203,2165.93619454374,0.453943023849216,0.483578497236375,0.00122802314991286,0.00021665802651694,0.252100231578049,0.247125718200091
20280004,20284004,25,204,2165.34656873163,0.453819448406522,0.484151014698578,0.00122237456257586,0.000215661685367876,0.252100231578049,0.247125718200091
20280004,20284004,25,205,2164.76197746011,0.453696928117061,0.484720647520617,0.00121677979911779,0.000214674836110338,0.252100231578049,0.247125718200091
20280004,20284004,25,206,2164.18235377222,0.453575448947804,0.48528742167618,0.00121123814582086,0.000213697352905231,0.252100231578049,0.247125718200091
20280004,20284004,25,207,2163.60763185141,0.453454997104733,0.485851362810438,0.00120574887194682,0.000212729106909184,0.252100231578049,0.247125718200091
20280004,20284004,25,208,2163.03774702134,0.453335559032801,0.486412496244065,0.00120031122837772,0.000211769966034777,0.252100231578049,0.247125718200091
20280004,20284004,25,209,2162.47263574691,0.453217121416137,0.486970846976943,0.00119492444652159,0.000210819794757508,0.252100231578049,0.247125718200091
20280004,20284004,25,210,2161.91223563612,0.453099671178453,0.487526439691563,0.00118958773752333,0.000209878453976613,0.252100231578049,0.247125718200091
20280004,20284004,25,211,2161.35648544269,0.45298319548358,0.488079298756169,0.00118430029182039,0.000208945800936708,0.252100231578049,0.247125718200091
20280004,20284004,25,212,2160.80532506905,0.452867681736099,0.488629448227649,0.00117906127907981,0.000208021689216707,0.252100231578049,0.247125718200091
20280004,20284004,25,213,2160.2586955694,0.452753117581983,0.489176911854234,0.00117386984854869,0.00020710596879168,0.252100231578049,0.247125718200091
20280004,20284004,25,214,2159.71653915255,0.452639490909193,0.489721713078021,0.00116872512984381,0.000206198486172192,0.252100231578049,0.247125718200091
20280004,20284004,25,215,2159.17879918418,0.452526789848144,0.490263875037363,0.0011636262341996,0.000205299084624485,0.252100231578049,0.247125718200091
20280004,20284004,25,216,2158.64542018811,0.452415002771987,0.49080342056917,0.00115857225618295,0.000204407604473037,0.252100231578049,0.247125718200091
20280004,20284004,25,217,2158.11634784642,0.452304118296614,0.491340372211144,0.00115356227587372,0.00020352388348528,0.252100231578049,0.247125718200091
20280004,20284004,25,218,2157.59152899776,0.452194125280322,0.491874752204018,0.0011485953614982,0.000202647757336207,0.252100231578049,0.247125718200091
20280004,20284004,25,219,2157.0709116339,0.452085012823078,0.492406582493795,0.00114367057248926,0.000201779060148277,0.252100231578049,0.247125718200091
20280004,20284004,25,220,2156.55444489385,0.451976770265295,0.492935884734074,0.00113878696293614,0.000200917625100053,0.252100231578049,0.247125718200091
20280004,20284004,25,221,2156.04207905562,0.451869387186093,0.493462680288461,0.00113394358537277,0.000200063285094552,0.252100231578049,0.247125718200091
20280004,20284004,25,222,2155.53376552506,0.451762853400977,0.49398699023312,0.00112913949484305,0.000199215873476475,0.252100231578049,0.247125718200091
20280004,20284004,25,223,2155.02945682193,0.4516571589589,0.4945088353595,0.00112437375317134,0.000198375224785619,0.252100231578049,0.247125718200091
20280004,20284004,25,224,2154.52910656277,0.451552294138691,0.495028236177241,0.00111964543335789,0.000197541175532349,0.252100231578049,0.247125718200091
20280004,20284004,25,225,2154.0326694408,0.451448249444825,0.495545212917323,0.00111495362401352,0.000196713564979973,0.252100231578049,0.247125718200091
20280004,20284004,25,226,2153.54010120264,0.451345015602551,0.496059785535439,0.0011102974337449,0.000195892235918428,0.252100231578049,0.247125718200091
20280004,20284004,25,227,2153.05135862199,0.451242583552381,0.496571973715638,0.00110567599540144,0.000195077035413511,0.252100231578049,0.247125718200091
20280004,20284004,25,228,2152.56639947047,0.451140944443971,0.49708179687422,0.00110108847009767,0.000194267815516542,0.252100231578049,0.247125718200091
20280004,20284004,25,229,2152.08518248572,0.451040089629441,0.497589274163918,0.00109653405093147,0.000193464433920343,0.252100231578049,0.247125718200091
20280004,20284004,25,230,2151.60766733713,0.450940010656186,0.498094424478335,0.00109201196632628,0.000192666754548876,0.252100231578049,0.247125718200091
20280004,20284004,25,231,2151.13381458936,0.450840699259239,0.498597266456653,0.00108752148293653,0.000191874648069847,0.252100231578049,0.247125718200091
20280004,20284004,25,232,2150.66358566417,0.450742147353258,0.499097818488589,0.00108306190806855,0.000191087992321798,0.252100231578049,0.247125718200091
20280004,20284004,25,233,2150.19694280074,0.450644347024229,0.499596098719584,0.00107863259158224,0.000190306672649619,0.252100231578049,0.247125718200091
20280004,20284004,25,234,2149.73384901512,0.450547290520948,0.500092125056208,0.00107423292725375,0.000189530582144964,0.252100231578049,0.247125718200091
20280004,20284004,25,235,2149.27426805897,0.450450970246389,0.500585915171755,0.00106986235359417,0.00018875962179068,0.252100231578049,0.247125718200091
20280004,20284004,25,236,2148.81816437823,0.450355378749027,0.501077486511993,0.00106552035413197,0.000187993700510666,0.252100231578049,0.247125718200091
20280004,20284004,25,237,2148.3655030719,0.450260508714217,0.501566856301047,0.00106120645718073,0.000187232735128887,0.252100231578049,0.247125718200091
20280004,20284004,25,238,2147.91624985153,0.450166352955684,0.502054041547387,0.0010569202351241,0.000186476650243246,0.252100231578049,0.247125718200091
20280004,20284004,25,239,2147.47037100155,0.450072904407229,0.502539059049873,0.00105266130325968,0.00018572537802163,0.252100231578049,0.247125718200091
20280004,20284004,25,240,2147.027833341,0.449980156114688,0.503021925403838,0.00104842931825028,0.000184978857928697,0.252100231578049,0.247125718200091
20280004,20284004,25,241,2146.58860418669,0.449888101228225,0.503502657007168,0.00104422397623675,0.000184237036392949,0.252100231578049,0.247125718200091
20280004,20284004,25,242,2146.15265131819,0.449796732994997,0.503981270066361,0.00104004501066876,0.000183499866424056,0.252100231578049,0.247125718200091
20280004,20284004,25,243,2145.71994294486,0.449706044752228,0.504457780602505,0.00103589218991151,0.000182767307190648,0.252100231578049,0.247125718200091
20280004,20284004,25,244,2145.29044767492,0.44961602992074,0.504932204457191,0.00103176531468536,0.000182039323568634,0.252100231578049,0.247125718200091
20280004,20284004,25,245,2144.8641344868,0.449526681998944,0.505404557298286,0.00102766421539296,0.000181315885669663,0.252100231578049,0.247125718200091
20280004,20284004,25,246,2144.44097270276,0.449437994557316,0.505874854625588,0.0010235887493848,0.000180596968358746,0.252100231578049,0.247125718200091
20280004,20284004,25,247,2144.02093196489,0.449349961233357,0.506343111776307,0.00101953879820996,0.000179882550769241,0.252100231578049,0.247125718200091
20280004,20284004,25,248,2143.60398221335,0.449262575727042,0.506809343930375,0.00101551426489286,0.000179172615822452,0.252100231578049,0.247125718200091
20280004,20284004,25,249,2143.19009366694,0.449175831796743,0.507273566115562,0.00101151507127191,0.000178467149758125,0.252100231578049,0.247125718200091
20280004,20284004,25,250,2142.77923680585,0.449089723255613,0.507735793212393,0.00100754115542978,0.000177766141681124,0.252100231578049,0.247125718200091
20280004,20284004,25,251,2142.37138235651,0.449004243968415,0.508196039958839,0.00100359246923938,0.000177069583128521,0.252100231578049,0.247125718200091
20280004,20284004,25,252,2141.9665012785,0.448919387848778,0.508654320954799,0.000999668976044179,0.000176377467660376,0.252100231578049,0.247125718200091
20280004,20284004,25,253,2141.56456475333,0.44883514885684,0.509110650666353,0.000995770648486388,0.00017568979047661,0.252100231578049,0.247125718200091
20280004,20284004,25,254,2141.16554417496,0.448751520997267,0.509565043429786,0.00099189746649206,0.000175006548061563,0.252100231578049,0.247125718200091
20280004,20284004,25,255,2140.76941114201,0.448668498317614,0.510017513455389,0.000988049415417604,0.000174327737857023,0.252100231578049,0.247125718200091
20280004,20284004,25,256,2140.37613745137,0.448586074906999,0.510468074831027,0.000984226484359288,0.000173653357964013,0.252100231578049,0.247125718200091
20280004,20284004,25,257,2139.9856950933,0.448504244895059,0.510916741525497,0.000980428664623838,0.000172983406872996,0.252100231578049,0.247125718200091
20280004,20284004,25,258,2139.59805624762,0.448423002451163,0.511363527391651,0.000976655948356162,0.000172317883221798,0.252100231578049,0.247125718200091
20280004,20284004,25,259,2139.21319328108,0.448342341783855,0.511808446169327,0.000972908327317785,0.000171656785580124,0.252100231578049,0.247125718200091
20280004,20284004,25,260,2138.83107874565,0.448262257140498,0.512251511488056,0.000969185791808986,0.000171000112259419,0.252100231578049,0.247125718200091
20280004,20284004,25,261,2138.45168537766,0.4481827428071,0.512692736869582,0.000965488329725877,0.000170347861146535,0.252100231578049,0.247125718200091
20280004,20284004,25,262,2138.07498609773,0.448103793108284,0.51313213573019,0.000961815925742966,0.000169700029559539,0.252100231578049,0.247125718200091
20280004,20284004,25,263,2137.70095401125,0.448025402407404,0.513569721382848,0.00095816856061237,0.000169056614124096,0.252100231578049,0.247125718200091
20280004,20284004,25,264,2137.32956240947,0.447947565106763,0.514005507039181,0.000954546210569497,0.000168417610668632,0.252100231578049,0.247125718200091
20280004,20284004,25,265,2136.96078477098,0.44787027564793,0.514439505811281,0.000950948846835958,0.000167783014136659,0.252100231578049,0.247125718200091
20280004,20284004,25,266,2136.59459476362,0.447793528512135,0.514871730713352,0.000947376435210492,0.00016715281851461,0.252100231578049,0.247125718200091
20280004,20284004,25,267,2136.23096624662,0.447717318220723,0.515302194663223,0.000943828935739355,0.00016652701677371,0.252100231578049,0.247125718200091
20280004,20284004,25,268,2135.86987327304,0.447641639335661,0.515730910483712,0.000940306302457581,0.000165905600824334,0.252100231578049,0.247125718200091
20280004,20284004,25,269,2135.51129009234,0.447566486460079,0.516157890903864,0.000936808483193582,0.000165288561481548,0.252100231578049,0.247125718200091
20280004,20284004,25,270,2135.15519115311,0.447491854238839,0.516583148560074,0.000933335419430289,0.000164675888440619,0.252100231578049,0.247125718200091
20280004,20284004,25,271,2134.80155110585,0.447417737359122,0.517006695997083,0.000929887046215595,0.000164067570261228,0.252100231578049,0.247125718200091
20280004,20284004,25,272,2134.4503448058,0.447344130551016,0.517428545668887,0.000926463292117182,0.000163463594359502,0.252100231578049,0.247125718200091
20280004,20284004,25,273,2134.10154731579,0.44727102858812,0.517848709939537,0.000923064079215445,0.000162863947006777,0.252100231578049,0.247125718200091
20280004,20284004,25,274,2133.75513390903,0.447198426288126,0.518267201083852,0.000919689323130549,0.000162268613334378,0.252100231578049,0.247125718200091
20280004,20284004,25,275,2133.41108007193,0.447126318513403,0.51868403128805,0.000916338933078678,0.000161677577343546,0.252100231578049,0.247125718200091
20280004,20284004,25,276,2133.06936150673,0.447054700171559,0.519099212650301,0.000913012811954302,0.000161090821919958,0.252100231578049,0.247125718200091
20280004,20284004,25,277,2132.72995413414,0.446983566215989,0.519512757181216,0.000909710856434792,0.000160508328852188,0.252100231578049,0.247125718200091
20280004,20284004,25,278,2132.39283409582,0.446912911646396,0.519924676804263,0.000906432957104204,0.000159930078853549,0.252100231578049,0.247125718200091
20280004,20284004,25,279,2132.05797775678,0.446842731509288,0.520334983356132,0.000903178998594312,0.00015935605158698,0.252100231578049,0.247125718200091
20280004,20284004,25,280,2131.72536170758,0.446773020898451,0.520743688587046,0.00089994885973985,0.000158786225692433,0.252100231578049,0.247125718200091
20280004,20284004,25,281,2131.39496276646,0.446703774955386,0.521150804161024,0.000896742413746613,0.000158220578816541,0.252100231578049,0.247125718200091
20280004,20284004,25,282,2131.06675798128,0.446634988869719,0.5215563416561,0.000893559528369978,0.000157659087644106,0.252100231578049,0.247125718200091
20280004,20284004,25,283,2130.74072463131,0.446566657879577,0.521960312564507,0.000890400066103106,0.000157101727931313,0.252100231578049,0.247125718200091
20280004,20284004,25,284,2130.41684022891,0.446498777271933,0.522362728292826,0.000887263884372487,0.000156548474540227,0.252100231578049,0.247125718200091
20280004,20284004,25,285,2130.09508252094,0.446431342382913,0.522763600162107,0.000884150835740603,0.000155999301474552,0.252100231578049,0.247125718200091
20280004,20284004,25,286,2129.7754294901,0.44636434859807,0.523162939407964,0.000881060768113734,0.000155454181916291,0.252100231578049,0.247125718200091
20280004,20284004,25,287,2129.45785935609,0.446297791352624,0.523560757180646,0.000877993524954644,0.000154913088263278,0.252100231578049,0.247125718200091
20280004,20284004,25,288,2129.14235057653,0.446231666131667,0.523957064545093,0.000874948945498671,0.000154375992167295,0.252100231578049,0.247125718200091
20280004,20284004,25,289,2128.82888184782,0.446165968470328,0.524351872480979,0.000871926864972978,0.000153842864572763,0.252100231578049,0.247125718200091
20280004,20284004,25,290,2128.51743210576,0.44610069395391,0.524745191882733,0.00086892711481778,0.000153313675755769,0.252100231578049,0.247125718200091
20280004,20284004,25,291,2128.20798052599,0.446035838217989,0.525137033559567,0.000865949522909104,0.000152788395363366,0.252100231578049,0.247125718200091
20280004,20284004,25,292,2127.90050652434,0.445971396948476,0.525527408235481,0.000862993913782479,0.000152266992453049,0.252100231578049,0.247125718200091
20280004,20284004,25,293,2127.59498975698,0.445907365881649,0.525916326549278,0.000860060108856677,0.000151749435532218,0.252100231578049,0.247125718200091
20280004,20284004,25,294,2127.29141012034,0.44584374080415,0.526303799054566,0.000857147926657564,0.000151235692597682,0.252100231578049,0.247125718200091
20280004,20284004,25,295,2126.98974775101,0.445780517552949,0.526689836219775,0.000854257183040814,0.00015072573117495,0.252100231578049,0.247125718200091
20280004,20284004,25,296,2126.68998302539,0.445717692015275,0.527074448428159,0.000851387691413554,0.000150219518357337,0.252100231578049,0.247125718200091
20280004,20284004,25,297,2126.39209655922,0.445655260128518,0.527457645977819,0.000848539262954114,0.000149717020844734,0.252100231578049,0.247125718200091
20280004,20284004,25,298,2126.09606920692,0.445593217880098,0.527839439081724,0.000845711706829856,0.000149218204982042,0.252100231578049,0.247125718200091
20280004,20284004,25,299,2125.80188206088,0.445531561307303,0.528219837867743,0.000842904830412046,0.000148723036797085,0.252100231578049,0.247125718200091
20280004,20284004,25,300,2125.50951645055,0.445470286497104,0.528598852378685,0.000840118439488179,0.000148231482038069,0.252100231578049,0.247125718200091
20280004,20284004,25,301,2125.21895394137,0.445409389585936,0.528976492572352,0.000837352338470549,0.00014774350621038,0.252100231578049,0.247125718200091
20280004,20284004,25,302,2124.93017633362,0.44534886675945,0.529352768321607,0.000834606330601371,0.000147259074612781,0.252100231578049,0.247125718200091
20280004,20284004,25,303,2124.64316566116,0.445288714252251,0.529727689414444,0.000831880218153678,0.00014677815237285,0.252100231578049,0.247125718200091
20280004,20284004,25,304,2124.35790418997,0.445228928347595,0.530101265554092,0.000829173802627979,0.000146300704481686,0.252100231578049,0.247125718200091
20280004,20284004,25,305,2124.07437441667,0.445169505377073,0.530473506359116,0.000826486884944239,0.000145826695827773,0.252100231578049,0.247125718200091
20280004,20284004,25,306,2123.79255906687,0.445110441720267,0.530844421363544,0.000823819265628891,0.000145356091229983,0.252100231578049,0.247125718200091
20280004,20284004,25,307,2123.51244109341,0.445051733804389,0.531214020017013,0.000821170744996722,0.000144888855469668,0.252100231578049,0.247125718200091
20280004,20284004,25,308,2123.23400367456,0.444993378103892,0.531582311684923,0.000818541123327317,0.000144424953321784,0.252100231578049,0.247125718200091
20280004,20284004,25,309,2122.95723021206,0.444935371140065,0.531949305648622,0.000815930201035855,0.000143964349585037,0.252100231578049,0.247125718200091
20280004,20284004,25,310,2122.68210432912,0.444877709480613,0.532315011105597,0.000813337778838319,0.000143507009111026,0.252100231578049,0.247125718200091
20280004,20284004,25,311,2122.40860986826,0.444820389739211,0.532679437169698,0.000810763657910435,0.000143052896832286,0.252100231578049,0.247125718200091
20280004,20284004,25,312,2122.13673088922,0.444763408575048,0.533042592871366,0.000808207640040736,0.000142601977789301,0.252100231578049,0.247125718200091
20280004,20284004,25,313,2121.86645166662,0.444706762692357,0.533404487157896,0.00080566952777732,0.000142154217156394,0.252100231578049,0.247125718200091
20280004,20284004,25,314,2121.59775668765,0.444650448839921,0.533765128893707,0.000803149124568457,0.000141709580266537,0.252100231578049,0.247125718200091
20280004,20284004,25,315,2121.33063064972,0.444594463810578,0.534124526860642,0.000800646234896363,0.000141268032634954,0.252100231578049,0.247125718200091
20280004,20284004,25,316,2121.06505845796,0.444538804440703,0.534482689758279,0.000798160664405128,0.000140829539981697,0.252100231578049,0.247125718200091
20280004,20284004,25,317,2120.80102522276,0.44448346760969,0.53483962620427,0.00079569222002166,0.000140394068252983,0.252100231578049,0.247125718200091
20280004,20284004,25,318,2120.53851625719,0.444428450239409,0.535195344734693,0.000793240710070423,0.000139961583641441,0.252100231578049,0.247125718200091
20280004,20284004,25,319,2120.27751707443,0.444373749293674,0.535549853804428,0.000790805944381554,0.000139532052605187,0.252100231578049,0.247125718200091
20280004,20284004,25,320,2120.01801338512,0.444319361777679,0.535903161787552,0.00078838773439254,0.000139105441885769,0.252100231578049,0.247125718200091
20280004,20284004,30,10,5175.7194957215,1,0.306043082496688,NaN,NaN,0.252249412166262,0.247125718200091
20280004,20284004,30,11,3994.26732707435,0.771731800839711,0.27162048146224,0.0686549604184082,0.0122256827921228,0.252249412166262,0.247125718200091
20280004,20284004,30,12,3519.12227372816,0.679929095198694,0.252769129671813,0.042939551624051,0.00761272601689109,0.252249412166262,0.247125718200091
20280004,20284004,30,13,3245.84146482007,0.627128550436947,0.241211480806069,0.0327041113468335,0.00578681256793597,0.252249412166262,0.247125718200091
20280004,20284004,30,14,3065.98849593794,0.592379184859696,0.234063703011274,0.0267283475933954,0.00472420112948954,0.252249412166262,0.247125718200091
20280004,20284004,30,15,2936.31305843766,0.567324612716156,0.22979188158264,0.0228070899265602,0.00402837154713075,0.252249412166262,0.247125718200091
20280004,20284004,30,16,2836.18078871713,0.547978071659728,0.227481772444396,0.0200540086084843,0.003540515779564,0.252249412166262,0.247125718200091
20280004,20284004,30,17,2754.95005717059,0.532283494004643,0.226555061312594,0.0180032126736921,0.00317747073810897,0.252249412166262,0.247125718200091
20280004,20284004,30,18,2686.78948141347,0.5191141992209,0.226627765215561,0.0163930595779371,0.00289265064192701,0.252249412166262,0.247125718200091
20280004,20284004,30,19,2628.29494615718,0.50781247869593,0.227433582666771,0.0150741553774906,0.00265949468311921,0.252249412166262,0.247125718200091
20280004,20284004,30,20,2577.33651311072,0.497966807366836,0.228780991607534,0.0139572097324443,0.00246214235844664,0.252249412166262,0.247125718200091
20280004,20284004,30,21,2532.48451264727,0.489300958975993,0.230528448350653,0.0129869261091186,0.0022907758578615,0.252249412166262,0.247125718200091
20280004,20284004,30,22,2492.71133827509,0.481616389824774,0.232569414252833,0.0121303366757409,0.00213954050249278,0.252249412166262,0.247125718200091
20280004,20284004,30,23,2457.23164751335,0.474761364008351,0.234822872114761,0.0113680449098354,0.00200498979755821,0.252249412166262,0.247125718200091
20280004,20284004,30,24,2425.41832234871,0.468614716147906,0.23722694963654,0.0106869160511595,0.00188479042081203,0.252249412166262,0.247125718200091
20280004,20284004,30,25,2396.75935079186,0.463077520482541,0.239734327380544,0.0100758920864342,0.0017769807553888,0.252249412166262,0.247125718200091
20280004,20284004,30,26,2370.83266055364,0.458068228487554,0.242308764618248,0.00952496403873337,0.00167978776993621,0.252249412166262,0.247125718200091
20280004,20284004,30,27,2347.28733844633,0.453519040277727,0.244922446487859,0.00902558534569158,0.00159169878054761,0.252249412166262,0.247125718200091
20280004,20284004,30,28,2325.82805805819,0.449372895880628,0.247553991719966,0.00857104627599058,0.00151152668579818,0.252249412166262,0.247125718200091
20280004,20284004,30,29,2306.20285351142,0.445581113006189,0.250186982645643,0.00815628844070188,0.0014383766995714,0.252249412166262,0.247125718200091
20280004,20284004,30,30,2288.1943925506,0.442101700921415,0.252808881872623,0.00777736028189615,0.00137154997087441,0.252249412166262,0.247125718200091
20280004,20284004,30,31,2271.61405264445,0.438898215894868,0.255410217641638,0.00743090765651537,0.00131045353496587,0.252249412166262,0.247125718200091
20280004,20284004,30,32,2256.29775226234,0.43593895575823,0.257983951638183,0.00711389030579329,0.00125455017777551,0.252249412166262,0.247125718200091
20280004,20284004,30,33,2242.10272974833,0.433196337553022,0.260524974900417,0.00682348227754047,0.00120334077786902,0.252249412166262,0.247125718200091
20280004,20284004,30,34,2228.90484511858,0.430646376211289,0.263029699524357,0.0065570521186734,0.00115636073652873,0.252249412166262,0.247125718200091
20280004,20284004,30,35,2216.59622264584,0.428268229079684,0.2654957260686,0.00631216356313723,0.00111318003823793,0.252249412166262,0.247125718200091
20280004,20284004,30,36,2205.08315164664,0.426043790330884,0.267921573058289,0.00608658067561422,0.0010734041115432,0.252249412166262,0.247125718200091
20280004,20284004,30,37,2194.2842002483,0.423957326524786,0.270306458726736,0.00587827465610453,0.00103667499552641,0.252249412166262,0.247125718200091
20280004,20284004,30,38,2184.12851814669,0.421995148684583,0.27265012726737,0.0056854289561774,0.00100267221850881,0.252249412166262,0.247125718200091
20280004,20284004,30,39,2174.55431985344,0.420145319245186,0.274952712918454,0.00550643832998512,0.00097111261420764,0.252249412166262,0.247125718200091
20280004,20284004,30,40,2165.5075482389,0.41839739383655,0.277214635638094,0.00533989918261249,0.000941748607844185,0.252249412166262,0.247125718200091
20280004,20284004,30,41,2156.94071818247,0.416742197865534,0.279436522393163,0.00518459181685846,0.000914365076608664,0.252249412166262,0.247125718200091
20280004,20284004,30,42,2148.81193412493,0.415171636697321,0.281619148496498,0.00503945768869536,0.000888775332060934,0.252249412166262,0.247125718200091
20280004,20284004,30,43,2141.08406766511,0.413678536759003,0.28376339409476,0.00490357535595703,0.000864816873744422,0.252249412166262,0.247125718200091
20280004,20284004,30,44,2133.72407575183,0.412256513807534,0.28587021177165,0.00477613785227202,0.000842347395494258,0.252249412166262,0.247125718200091
20280004,20284004,30,45,2126.70243785218,0.410899864185108,0.28794060214374,0.00465643287892028,0.000821241289780619,0.252249412166262,0.247125718200091
20280004,20284004,30,46,2119.99269113245,0.409603475011529,0.289975595158719,0.00454382624720732,0.000801386726129005,0.252249412166262,0.247125718200091
20280004,20284004,30,47,2113.57104491149,0.408362749692806,0.291976235487267,0.00443774851538817,0.000782683293517256,0.252249412166262,0.247125718200091
20280004,20284004,30,48,2107.41605845478,0.407173545667781,0.29394357091474,0.00433768452625494,0.000765040154723149,0.252249412166262,0.247125718200091
20280004,20284004,30,49,2101.50836904707,0.406032121869101,0.295878643004808,0.00424316540305653,0.000748374634458612,0.252249412166262,0.247125718200091
20280004,20284004,30,50,2095.8304599664,0.4049350938935,0.297782479553836,0.00415376248026059,0.000732611148857455,0.252249412166262,0.247125718200091
20280004,20284004,30,51,2090.36646033834,0.403879395331672,0.299656088512403,0.00406908265348837,0.000717680385302497,0.252249412166262,0.247125718200091
20280004,20284004,30,52,2085.1019707906,0.402862244083019,0.301500453146014,0.00398876471901731,0.000703518656788492,0.252249412166262,0.247125718200091
20280004,20284004,30,53,2080.02391033113,0.401881112771002,0.303316528262499,0.00391247639385129,0.000690067376310218,0.252249412166262,0.247125718200091
20280004,20284004,30,54,2075.1203809802,0.400933702588712,0.3051052373651,0.00383991181851158,0.000677272616382305,0.252249412166262,0.247125718200091
20280004,20284004,30,55,2070.38054747778,0.400017920057155,0.30686747060904,0.00377078942353543,0.000665084732707221,0.252249412166262,0.247125718200091
20280004,20284004,30,56,2065.7945299509,0.399131856287534,0.308604083452052,0.00370485008562718,0.000653458038938101,0.252249412166262,0.247125718200091
20280004,20284004,30,57,2061.35330783459,0.398273768417821,0.310315895899696,0.00364185552002229,0.000642350523117082,0.252249412166262,0.247125718200091
20280004,20284004,30,58,2057.04863364852,0.397442062953561,0.312003692255799,0.00358158686304631,0.000631723597675778,0.252249412166262,0.247125718200091
20280004,20284004,30,59,2052.87295547361,0.396635280789581,0.313668221297497,0.00352384340130185,0.000621541875313805,0.252249412166262,0.247125718200091
20280004,20284004,30,60,2048.81934716829,0.395852083727092,0.315310196803163,0.00346844140609753,0.000611772963453671,0.252249412166262,0.247125718200091
20280004,20284004,30,61,2044.88144552435,0.395091242331574,0.31693029836951,0.00341521303583179,0.000602387270692098,0.252249412166262,0.247125718200091
20280004,20284004,30,62,2041.05339369136,0.394351625001818,0.318529172461459,0.00336400527577616,0.000593357819854708,0.252249412166262,0.247125718200091
20280004,20284004,30,63,2037.32979030039,0.393632188140131,0.320107433644597,0.00331467889384,0.000584660063872924,0.252249412166262,0.247125718200091
20280004,20284004,30,64,2033.70564379304,0.392931967328253,0.321665665955485,0.0032671074014982,0.000576271702572084,0.252249412166262,0.247125718200091
20280004,20284004,30,65,2030.17633151406,0.392250069423642,0.323204424369828,0.00322117601964864,0.000568172500327598,0.252249412166262,0.247125718200091
20280004,20284004,30,66,2026.73756315896,0.391585665497205,0.324724236332852,0.00317678065807455,0.000560344106117917,0.252249412166262,0.247125718200091
20280004,20284004,30,67,2023.38534818839,0.390937984537418,0.326225603320343,0.00313382692304035,0.000552769878536231,0.252249412166262,0.247125718200091
20280004,20284004,30,68,2020.11596683382,0.390306307848356,0.327709002402948,0.00309222916964793,0.000545434718693294,0.252249412166262,0.247125718200091
20280004,20284004,30,69,2016.92594433182,0.38968996407149,0.32917488779047,0.00305190961408501,0.000538324913680435,0.252249412166262,0.247125718200091
20280004,20284004,30,70,2013.81202803917,0.3890883247641,0.330623692337001,0.0030127975167196,0.000531427992525067,0.252249412166262,0.247125718200091
20280004,20284004,30,71,2010.77116710217,0.388500800471194,0.332055828991808,0.00297482844146329,0.000524732595595481,0.252249412166262,0.247125718200091
20280004,20284004,30,72,2007.80049438009,0.387926837232936,0.333471692184604,0.00293794359129669,0.00051822835743647,0.252249412166262,0.247125718200091
20280004,20284004,30,73,2004.8973103532,0.387365913475517,0.33487165913725,0.00290208921537228,0.000511905802227414,0.252249412166262,0.247125718200091
20280004,20284004,30,74,2002.0590687782,0.386817537239644,0.336256091096836,0.00286721608025893,0.000505756250551546,0.252249412166262,0.247125718200091
20280004,20284004,30,75,1999.28336388551,0.386281243706932,0.337625334487509,0.00283327899675939,0.000499771735965286,0.252249412166262,0.247125718200091
20280004,20284004,30,76,1996.56791894176,0.385756592990061,0.338979721980317,0.00280023639404386,0.000493944929911422,0.252249412166262,0.247125718200091
20280004,20284004,30,77,1993.91057602541,0.385243168157329,0.340319573481859,0.0027680499341151,0.000488269073744317,0.252249412166262,0.247125718200091
20280004,20284004,30,78,1991.30928688373,0.384740573466133,0.341645197043602,0.00273668416133121,0.000482737916937076,0.252249412166262,0.247125718200091
20280004,20284004,30,79,1988.76210475524,0.384248432782969,0.34295688969462,0.00270610618341593,0.000477345660840984,0.252249412166262,0.247125718200091
20280004,20284004,30,80,1986.26717705383,0.383766388169949,0.344254938201087,0.00267628538177434,0.00047208690761244,0.252249412166262,0.247125718200091
20280004,20284004,30,81,1983.82273882072,0.383294098619649,0.345539619756358,0.00264719314985636,0.000466956614085588,0.252249412166262,0.247125718200091
20280004,20284004,30,82,1981.42710685815,0.38283123892168,0.346811202605771,0.00261880265875495,0.000461950050447286,0.252249412166262,0.247125718200091
20280004,20284004,30,83,1979.07867446581,0.382377498645708,0.348069946610607,0.00259108864926687,0.000457062763578233,0.252249412166262,0.247125718200091
20280004,20284004,30,84,1976.77590670749,0.381932581226937,0.349316103755734,0.00256402724940842,0.0004522905448826,0.252249412166262,0.247125718200091
20280004,20284004,30,85,1974.51733614238,0.381496203141342,0.350549918605591,0.00253759581600528,0.000447629402362584,0.252249412166262,0.247125718200091
20280004,20284004,30,86,1972.30155896158,0.381068093159218,0.351771628713124,0.00251177279858148,0.000443075536624889,0.252249412166262,0.247125718200091
20280004,20284004,30,87,1970.12723147754,0.380647991666887,0.352981464986204,0.00248653762344975,0.000438625320449132,0.252249412166262,0.247125718200091
20280004,20284004,30,88,1967.99306692001,0.38023565004766,0.354179652015921,0.00246187059570198,0.000434275281512315,0.252249412166262,0.247125718200091
20280004,20284004,30,89,1965.89783249884,0.379830830114334,0.355366408370894,0.0024377528167353,0.000430022087852381,0.252249412166262,0.247125718200091
20280004,20284004,30,90,1963.84034669911,0.379433303586587,0.356541946861485,0.00241416611501765,0.000425862535665863,0.252249412166262,0.247125718200091
20280004,20284004,30,91,1961.81947677954,0.379042851607641,0.357706474777499,0.00239109298797133,0.000421793539065542,0.252249412166262,0.247125718200091
20280004,20284004,30,92,1959.83413644918,0.378659264295383,0.358860194102609,0.00236851655310362,0.000417812121468148,0.252249412166262,0.247125718200091
20280004,20284004,30,93,1957.88328370144,0.378282340323877,0.360003301708428,0.00234642050680208,0.000413915408333085,0.252249412166262,0.247125718200091
20280004,20284004,30,94,1955.96591878734,0.377911886531764,0.361135989530823,0.00232478908951025,0.00041010062102573,0.252249412166262,0.247125718200091
20280004,20284004,30,95,1954.08108231238,0.377547717554577,0.362258444730741,0.00230360705627946,0.00040636507162823,0.252249412166262,0.247125718200091
20280004,20284004,30,96,1952.22785344359,0.377189655478316,0.363370849841564,0.0022828596519366,0.000402706158563827,0.252249412166262,0.247125718200091
20280004,20284004,30,97,1950.40534821481,0.376837529512005,0.364473382904746,0.00226253259030509,0.000399121362935503,0.252249412166262,0.247125718200091
20280004,20284004,30,98,1948.61271791935,0.376491175677152,0.365566217595254,0.00224261203706085,0.000395608245505259,0.252249412166262,0.247125718200091
20280004,20284004,30,99,1946.84914758075,0.376150436512279,0.36664952333819,0.00222308459589834,0.000392164444256805,0.252249412166262,0.247125718200091
20280004,20284004,30,100,1945.11385449292,0.375815160790851,0.367723465417765,0.00220393729772905,0.00038878767249274,0.252249412166262,0.247125718200091
20280004,20284004,30,101,1943.40608682188,0.375485203251141,0.368788205079718,0.00218515759264272,0.000385475717418721,0.252249412166262,0.247125718200091
20280004,20284004,30,102,1941.72512226258,0.375160424336695,0.369843899628133,0.00216673334434085,0.000382226439163453,0.252249412166262,0.247125718200091
20280004,20284004,30,103,1940.07026674466,0.374840689946279,0.370890702517529,0.00214865282671459,0.000379037770176687,0.252249412166262,0.247125718200091
20280004,20284004,30,104,1938.44085318222,0.374525871192329,0.371928763441032,0.00213090472219161,0.000375907714939088,0.252249412166262,0.247125718200091
20280004,20284004,30,105,1936.83624026358,0.374215844167107,0.37295822841534,0.00211347812143242,0.000372834349909972,0.252249412166262,0.247125718200091
20280004,20284004,30,106,1935.25581127771,0.373910489715969,0.373979239863175,0.00209636252392116,0.000369815823632716,0.252249412166262,0.247125718200091
20280004,20284004,30,107,1933.69897297514,0.373609693217268,0.374991936693797,0.00207954783897463,0.000366850356913853,0.252249412166262,0.247125718200091
20280004,20284004,30,108,1932.16515446172,0.373313344368632,0.375996454382145,0.00206302438669171,0.000363936242991579,0.252249412166262,0.247125718200091
20280004,20284004,30,109,1930.65380612464,0.373021336979451,0.376992925047056,0.00204678289838239,0.000361071847612416,0.252249412166262,0.247125718200091
20280004,20284004,30,110,1929.16439859056,0.372733568769578,0.377981477528993,0.0020308145160524,0.000358255608941249,0.252249412166262,0.247125718200091
20280004,20284004,30,111,1927.69642171624,0.372449941174318,0.378962237467603,0.00201511079057402,0.000355486037239574,0.252249412166262,0.247125718200091
20280004,20284004,30,112,1926.24938361281,0.37217035915589,0.379935327379378,0.00199966367824146,0.000352761714258767,0.252249412166262,0.247125718200091
20280004,20284004,30,113,1924.82280970451,0.371894731021583,0.380900866735616,0.00198446553548735,0.000350081292308958,0.252249412166262,0.247125718200091
20280004,20284004,30,114,1923.41624182359,0.371622968248874,0.381858972040808,0.0019695091116215,0.000347443492979024,0.252249412166262,0.247125718200091
20280004,20284004,30,115,1922.02923734252,0.371354985317764,0.382809756911512,0.00195478753953898,0.000344847105498347,0.252249412166262,0.247125718200091
20280004,20284004,30,116,1920.66136834499,0.371090699550604,0.383753332155704,0.00194029432442744,0.000342290984745631,0.252249412166262,0.247125718200091
20280004,20284004,30,117,1919.31222083671,0.370830030959619,0.384689805852559,0.00192602333058138,0.000339774048923778,0.252249412166262,0.247125718200091
20280004,20284004,30,118,1917.98139399701,0.370572902102307,0.385619283432535,0.00191196876649931,0.00033729527693183,0.252249412166262,0.247125718200091
20280004,20284004,30,119,1916.66849947182,0.370319237944837,0.386541867757625,0.00189812516849649,0.000334853705475059,0.252249412166262,0.247125718200091
20280004,20284004,30,120,1915.37316070819,0.370068965733467,0.387457659201569,0.00188448738311019,0.000332448425962034,0.252249412166262,0.247125718200091
20280004,20284004,30,121,1914.09501233029,0.369822014873985,0.388366755729833,0.00187105054860384,0.000330078581242716,0.252249412166262,0.247125718200091
20280004,20284004,30,122,1912.83369955626,0.369578316819044,0.389269252979098,0.00185781007589273,0.000327743362244483,0.252249412166262,0.247125718200091
20280004,20284004,30,123,1911.5888776552,0.369337804963236,0.390165244336047,0.00184476162921521,0.000325442004563263,0.252249412166262,0.247125718200091
20280004,20284004,30,124,1910.36021144281,0.369100414545651,0.391054821015185,0.00183190110686244,0.000323173785064954,0.252249412166262,0.247125718200091
20280004,20284004,30,125,1909.14737481434,0.368866082559639,0.391938072135461,0.0018192246222576,0.000320938018548486,0.252249412166262,0.247125718200091
20280004,20284004,30,126,1907.95005031294,0.36863474766941,0.39281508479547,0.00180672848564239,0.00031873405451599,0.252249412166262,0.247125718200091
20280004,20284004,30,127,1906.76792873147,0.368406350133096,0.393685944147025,0.00179440918659062,0.000316561274088837,0.252249412166262,0.247125718200091
20280004,20284004,30,128,1905.60070874552,0.368180831731856,0.394550733466907,0.00178226337752294,0.000314419087100272,0.252249412166262,0.247125718200091
20280004,20284004,30,129,1904.44809657555,0.367958135704584,0.395409534226625,0.00177028785835101,0.000312306929387264,0.252249412166262,0.247125718200091
20280004,20284004,30,130,1903.30980567569,0.367738206687796,0.396262426160055,0.00175847956233148,0.000310224260295738,0.252249412166262,0.247125718200091
20280004,20284004,30,131,1902.1855564471,0.367520990660243,0.39710948732883,0.00174683554316558,0.000308170560405535,0.252249412166262,0.247125718200091
20280004,20284004,30,132,1901.0750759736,0.367306434891829,0.397950794185407,0.00173535296333905,0.00030614532947413,0.252249412166262,0.247125718200091
20280004,20284004,30,133,1899.97809777754,0.367094487896447,0.398786421633732,0.00172402908366106,0.000304148084591846,0.252249412166262,0.247125718200091
20280004,20284004,30,134,1898.89436159388,0.366885099388326,0.399616443087466,0.00171286125393171,0.000302178358536121,0.252249412166262,0.247125718200091
20280004,20284004,30,135,1897.82361316071,0.366678220241561,0.400440930525757,0.00170184690464561,0.000300235698308521,0.252249412166262,0.247125718200091
20280004,20284004,30,136,1896.76560402462,0.366473802452505,0.401259954546544,0.00169098353962356,0.000298319663835451,0.252249412166262,0.247125718200091
20280004,20284004,30,137,1895.72009135932,0.366271799104726,0.402073584417425,0.00168026872945694,0.000296429826812192,0.252249412166262,0.247125718200091
20280004,20284004,30,138,1894.68683779637,0.366072164336304,0.402881888124093,0.0016697001056474,0.000294565769669582,0.252249412166262,0.247125718200091
20280004,20284004,30,139,1893.66561126676,0.365874853309218,0.403684932416397,0.00165927535532852,0.000292727084643317,0.252249412166262,0.247125718200091
20280004,20284004,30,140,1892.65618485243,0.365679822180663,0.404482782852071,0.00164899221646451,0.000290913372927376,0.252249412166262,0.247125718200091
20280004,20284004,30,141,1891.65833664687,0.365487028076118,0.405275503838182,0.00163884847343305,0.000289124243895194,0.252249412166262,0.247125718200091
20280004,20284004,30,142,1890.6718496241,0.365296429064021,0.406063158670353,0.00162884195291318,0.000287359314374607,0.252249412166262,0.247125718200091
20280004,20284004,30,143,1889.69651151535,0.365107984131957,0.406845809569835,0.00161897052001495,0.000285618207965427,0.252249412166262,0.247125718200091
20280004,20284004,30,144,1888.73211469295,0.364921653164215,0.407623517718481,0.00160923207460252,0.000283900554391123,0.252249412166262,0.247125718200091
20280004,20284004,30,145,1887.77845606099,0.364737396920663,0.408396343291694,0.00159962454777797,0.000282205988878806,0.252249412166262,0.247125718200091
20280004,20284004,30,146,1886.83533695221,0.36455517701683,0.409164345489413,0.00159014589850595,0.000280534151564077,0.252249412166262,0.247125718200091
20280004,20284004,30,147,1885.90256303085,0.364374955905131,0.409927582565214,0.00158079411037278,0.000278884686919536,0.252249412166262,0.247125718200091
20280004,20284004,30,148,1884.97994420101,0.364196696857167,0.410686111853573,0.00157156718848181,0.000277257243207327,0.252249412166262,0.247125718200091
20280004,20284004,30,149,1884.06729452022,0.364020363947019,0.411439989795387,0.0015624631564962,0.000275651471957687,0.252249412166262,0.247125718200091
20280004,20284004,30,150,1883.1644321178,0.363845922035479,0.412189271961799,0.00155348005384545,0.00027406702747634,0.252249412166262,0.247125718200091
20280004,20284004,30,151,1882.27117911771,0.363673336755147,0.412934013076407,0.00154461593311573,0.000272503566384331,0.252249412166262,0.247125718200091
20280004,20284004,30,152,1881.38736156554,0.363502574496315,0.413674267035924,0.00153586885764605,0.000270960747194143,0.252249412166262,0.247125718200091
20280004,20284004,30,153,1880.51280935922,0.363333602393589,0.414410086929367,0.00152723689935244,0.000269438229926037,0.252249412166262,0.247125718200091
20280004,20284004,30,154,1879.64735618315,0.363166388313154,0.415141525055833,0.00151871813680101,0.000267935675768295,0.252249412166262,0.247125718200091
20280004,20284004,30,155,1878.79083944531,0.363000900840629,0.41586863294095,0.00151031065354883,0.000266452746784692,0.252249412166262,0.247125718200091
20280004,20284004,30,156,1877.94310021704,0.362837109269434,0.416591461352074,0.00150201253676791,0.000264989105671917,0.252249412166262,0.247125718200091
20280004,20284004,30,157,1877.10398317514,0.362674983589595,0.417310060312296,0.00149382187616432,0.000263544415569043,0.252249412166262,0.247125718200091
20280004,20284004,30,158,1876.27333654579,0.362514494476914,0.41802447911336,0.00148573676319998,0.000262118339920395,0.252249412166262,0.247125718200091
20280004,20284004,30,159,1875.45101205013,0.362355613282456,0.418734766327544,0.00147775529062053,0.000260710542392427,0.252249412166262,0.247125718200091
20280004,20284004,30,160,1874.636864851,0.362198312022254,0.419440969818598,0.00146987555228821,0.000259320686844366,0.252249412166262,0.247125718200091
20280004,20284004,30,161,1873.83075350059,0.362042563367198,0.420143136751819,0.00146209564331504,0.000257948437351868,0.252249412166262,0.247125718200091
20280004,20284004,30,162,1873.03253988868,0.361888340633032,0.420841313603333,0.00145441366048639,0.00025659345828188,0.252249412166262,0.247125718200091
20280004,20284004,30,163,1872.24208919116,0.361735617770409,0.421535546168663,0.00144682770296305,0.000255255414416635,0.252249412166262,0.247125718200091
20280004,20284004,30,164,1871.45926981859,0.361584369354953,0.422225879570675,0.00143933587324493,0.000253933971123804,0.252249412166262,0.247125718200091
20280004,20284004,30,165,1870.68395336457,0.361434570577282,0.422912358266952,0.0014319362783784,0.000252628794569622,0.252249412166262,0.247125718200091
20280004,20284004,30,166,1869.91601455364,0.361286197232946,0.423595026056699,0.00142462703138513,0.000251339551971087,0.252249412166262,0.247125718200091
20280004,20284004,30,167,1869.1553311887,0.361139225712258,0.424273926087234,0.00141740625288988,0.000250065911883258,0.252249412166262,0.247125718200091
20280004,20284004,30,168,1868.4017840975,0.360993632989967,0.424949100860129,0.00141027207292208,0.000248807544517211,0.252249412166262,0.247125718200091
20280004,20284004,30,169,1867.65525707842,0.360849396614774,0.425620592237092,0.00140322263286587,0.000247564122084169,0.252249412166262,0.247125718200091
20280004,20284004,30,170,1866.91563684515,0.360706494698648,0.426288441445626,0.00139625608753152,0.000246335319161066,0.252249412166262,0.247125718200091
20280004,20284004,30,171,1866.18281297039,0.360564905905945,0.426952689084544,0.00138937060732248,0.000245120813072954,0.252249412166262,0.247125718200091
20280004,20284004,30,172,1865.45667782839,0.360424609442314,0.427613375129383,0.00138256438047042,0.000243920284287415,0.252249412166262,0.247125718200091
20280004,20284004,30,173,1864.73712653649,0.360285585043387,0.428270538937778,0.00137583561531294,0.000242733416816502,0.252249412166262,0.247125718200091
20280004,20284004,30,174,1864.02405689538,0.360147812963256,0.428924219254837,0.00136918254258799,0.000241559898621602,0.252249412166262,0.247125718200091
20280004,20284004,30,175,1863.31736932849,0.36001127396274,0.429574454218564,0.0013626034177206,0.000240399422016967,0.252249412166262,0.247125718200091
20280004,20284004,30,176,1862.61696682013,0.359875949297457,0.430221281365364,0.00135609652307833,0.000239251684067703,0.252249412166262,0.247125718200091
20280004,20284004,30,177,1861.92275485286,0.359741820705704,0.430864737635666,0.00134966017017375,0.00023811638697842,0.252249412166262,0.247125718200091
20280004,20284004,30,178,1861.23464134386,0.359608870396173,0.431504859379696,0.00134329270179271,0.000236993238468783,0.252249412166262,0.247125718200091
20280004,20284004,30,179,1860.55253658055,0.359477081035511,0.432141682363421,0.00133699249403001,0.000235881952132722,0.252249412166262,0.247125718200091
20280004,20284004,30,180,1859.8763531556,0.359346435735759,0.432775241774688,0.00133075795821471,0.000234782247778177,0.252249412166262,0.247125718200091
20280004,20284004,30,181,1859.20600590133,0.359216918041683,0.433405572229565,0.00132458754270931,0.000233693851744578,0.252249412166262,0.247125718200091
20280004,20284004,30,182,1858.54141182375,0.359088511918026,0.434032707778913,0.00131847973456952,0.000232616497195726,0.252249412166262,0.247125718200091
20280004,20284004,30,183,1857.88249003631,0.35896120173671,0.434656681915182,0.00131243306105186,0.000231549924385842,0.252249412166262,0.247125718200091
20280004,20284004,30,184,1857.22916169358,0.358834972264021,0.435277527579441,0.00130644609095958,0.000230493880897065,0.252249412166262,0.247125718200091
20280004,20284004,30,185,1856.58134992494,0.358709808647798,0.435895277168646,0.00130051743581785,0.000229448121846849,0.252249412166262,0.247125718200091
20280004,20284004,30,186,1855.93897976847,0.35858569640466,0.436509962543141,0.00129464575087241,0.000228412410064197,0.252249412166262,0.247125718200091
20280004,20284004,30,187,1855.3019781052,0.358462621407301,0.437121615034384,0.00128882973590607,0.000227386516233763,0.252249412166262,0.247125718200091
20280004,20284004,30,188,1854.67027359387,0.358340569871886,0.437730265452901,0.00128306813587074,0.000226370219007406,0.252249412166262,0.247125718200091
20280004,20284004,30,189,1854.04379660634,0.358219528345572,0.438335944096438,0.00127735974133346,0.000225363305082931,0.252249412166262,0.247125718200091
20280004,20284004,30,190,1853.4224791638,0.358099483694185,0.438938680758324,0.00127170338873669,0.00022436556925005,0.252249412166262,0.247125718200091
20280004,20284004,30,191,1852.806254874,0.357980423090088,0.439538504736007,0.00126609796047503,0.000223376814403963,0.252249412166262,0.247125718200091
20280004,20284004,30,192,1852.1950588695,0.357862334000251,0.440135444839764,0.0012605423847918,0.000222396851527161,0.252249412166262,0.247125718200091
20280004,20284004,30,193,1851.58882774718,0.357745204174569,0.440729529401554,0.00125503563550051,0.000221425499640312,0.252249412166262,0.247125718200091
20280004,20284004,30,194,1850.98749950912,0.357629021634429,0.441320786284007,0.00124957673153748,0.000220462585723386,0.252249412166262,0.247125718200091
20280004,20284004,30,195,1850.3910135049,0.357513774661576,0.441909242889521,0.00124416473635318,0.000219507944608299,0.252249412166262,0.247125718200091
20280004,20284004,30,196,1849.79931037554,0.357399451787268,0.442494926169446,0.00123879875715105,0.000218561418844667,0.252249412166262,0.247125718200091
20280004,20284004,30,197,1849.21233199905,0.357286041781765,0.443077862633349,0.00123347794398361,0.000217622858540363,0.252249412166262,0.247125718200091
20280004,20284004,30,198,1848.63002143774,0.357173533644145,0.443658078358308,0.00122820148871618,0.000216692121178731,0.252249412166262,0.247125718200091
20280004,20284004,30,199,1848.05232288742,0.357061916592487,0.444235598998254,0.00122296862387,0.000215769071414521,0.252249412166262,0.247125718200091
20280004,20284004,30,200,1847.4791816284,0.356951180054409,0.444810449793298,0.00121777862135635,0.000214853580850578,0.252249412166262,0.247125718200091
20280004,20284004,30,201,1846.91054397848,0.35684131365798,0.445382655579059,0.00121263079111424,0.000213945527797534,0.252249412166262,0.247125718200091
20280004,20284004,30,202,1846.3463572479,0.35673230722302,0.445952240795949,0.00120752447966466,0.000213044797018773,0.252249412166262,0.247125718200091
20280004,20284004,30,203,1845.78656969631,0.356624150752785,0.446519229498396,0.00120245906859372,0.000212151279462839,0.252249412166262,0.247125718200091
20280004,20284004,30,204,1845.23113049176,0.356516834426039,0.447083645364007,0.0011974339729782,0.000211264871985706,0.252249412166262,0.247125718200091
20280004,20284004,30,205,1844.67998967167,0.356410348589518,0.447645511702623,0.00119244863976614,0.000210385477065088,0.252249412166262,0.247125718200091
20280004,20284004,30,206,1844.13309810584,0.356304683750789,0.448204851465275,0.00118750254612475,0.000209513002509008,0.252249412166262,0.247125718200091
20280004,20284004,30,207,1843.59040746155,0.356199830571488,0.448761687253006,0.00118259519776834,0.000208647361160818,0.252249412166262,0.247125718200091
20280004,20284004,30,208,1843.05187017043,0.356095779860943,0.449316041325554,0.0011777261272775,0.000207788470602693,0.252249412166262,0.247125718200091
20280004,20284004,30,209,1842.51743939752,0.355992522570173,0.449867935609884,0.00117289489242107,0.00020693625285961,0.252249412166262,0.247125718200091
20280004,20284004,30,210,1841.987069012,0.355890049786253,0.450417391708546,0.00116810107449072,0.00020609063410555,0.252249412166262,0.247125718200091
20280004,20284004,30,211,1841.46071355993,0.355788352727031,0.450964430907855,0.00116334427665886,0.000205251544373809,0.252249412166262,0.247125718200091
20280004,20284004,30,212,1840.93832823868,0.355687422736199,0.451509074185888,0.00115862412236744,0.000204418917272777,0.252249412166262,0.247125718200091
20280004,20284004,30,213,1840.41986887316,0.355587251278695,0.452051342220276,0.00115394025375668,0.000203592689708744,0.252249412166262,0.247125718200091
20280004,20284004,30,214,1839.90529189364,0.355487829936416,0.452591255395795,0.00114929233014052,0.000202772801616948,0.252249412166262,0.247125718200091
20280004,20284004,30,215,1839.39455431521,0.355389150404256,0.453128833811746,0.00114468002653467,0.000201959195701924,0.252249412166262,0.247125718200091
20280004,20284004,30,216,1838.88761371875,0.355291204486423,0.45366409728912,0.00114010303224317,0.000201151817188142,0.252249412166262,0.247125718200091
20280004,20284004,30,217,1838.38442823332,0.355193984093036,0.45419706537754,0.00113556104950724,0.000200350613581658,0.252249412166262,0.247125718200091
20280004,20284004,30,218,1837.88495651988,0.355097481236987,0.454727757361982,0.0011310537922204,0.000199555534443456,0.252249412166262,0.247125718200091
20280004,20284004,30,219,1837.38915775636,0.355001688031053,0.455256192269278,0.00112658098471224,0.000198766531174882,0.252249412166262,0.247125718200091
20280004,20284004,30,220,1836.89699162391,0.354906596685229,0.455782388874391,0.0011221423606028,0.000197983556815564,0.252249412166262,0.247125718200091
20280004,20284004,30,221,1836.40841829419,0.354812199504292,0.456306365706463,0.00111773766172863,0.000197206565853943,0.252249412166262,0.247125718200091
20280004,20284004,30,222,1835.92339841782,0.354718488885553,0.456828141054654,0.00111336663714081,0.000196435514050535,0.252249412166262,0.247125718200091
20280004,20284004,30,223,1835.44189311373,0.354625457316804,0.457347732973746,0.00110902904217487,0.000195670358273844,0.252249412166262,0.247125718200091
20280004,20284004,30,224,1834.9638639594,0.354533097374436,0.457865159289548,0.0011047246375915,0.000194911056348792,0.252249412166262,0.247125718200091
20280004,20284004,30,225,1834.48927298191,0.354441401721709,0.458380437604073,0.00110045318878674,0.000194157566917392,0.252249412166262,0.247125718200091
20280004,20284004,30,226,1834.01808264981,0.354350363107178,0.45889358530052,0.00109621446506998,0.000193409849311382,0.252249412166262,0.247125718200091
20280004,20284004,30,227,1833.5502558656,0.354259974363237,0.459404619548047,0.00109200823900727,0.000192667863436385,0.252249412166262,0.247125718200091
20280004,20284004,30,228,1833.08575595884,0.354170228404795,0.459913557306348,0.00108783428582737,0.000191931569667144,0.252249412166262,0.247125718200091
20280004,20284004,30,229,1832.62454667981,0.354081118228054,0.46042041533004,0.0010836923828881,0.000191200928753387,0.252249412166262,0.247125718200091
20280004,20284004,30,230,1832.16659219375,0.353992636909382,0.460925210172862,0.00107958230919936,0.000190475901735682,0.252249412166262,0.247125718200091
20280004,20284004,30,231,1831.71185707544,0.353904777604278,0.461427958191701,0.001075503845,0.000189756449870814,0.252249412166262,0.247125718200091
20280004,20284004,30,232,1831.26030630426,0.353817533546413,0.461928675550437,0.00107145677138525,0.000189042534566062,0.252249412166262,0.247125718200091
20280004,20284004,30,233,1830.81190525957,0.353730898046737,0.462427378223633,0.00106744086998113,0.000188334117321774,0.252249412166262,0.247125718200091
20280004,20284004,30,234,1830.36661971638,0.353644864492647,0.462924082000059,0.00106345592266249,0.000187631159681635,0.252249412166262,0.247125718200091
20280004,20284004,30,235,1829.92441584137,0.353559426347211,0.463418802486066,0.00105950171131164,0.000186933623190094,0.252249412166262,0.247125718200091
20280004,20284004,30,236,1829.48526018907,0.353474577148436,0.463911555108819,0.00105557801761399,0.000186241469356327,0.252249412166262,0.247125718200091
20280004,20284004,30,237,1829.04911969828,0.353390310508569,0.464402355119386,0.00105168462288735,0.000185554659624135,0.252249412166262,0.247125718200091
20280004,20284004,30,238,1828.61596168865,0.353306620113449,0.464891217595705,0.00104782130794235,0.000184873155347323,0.252249412166262,0.247125718200091
20280004,20284004,30,239,1828.18575385746,0.35322349972187,0.465378157445419,0.00104398785297044,0.000184196917769965,0.252249412166262,0.247125718200091
20280004,20284004,30,240,1827.75846427644,0.353140943164974,0.465863189408595,0.0010401840374571,0.000183525908011088,0.252249412166262,0.247125718200091
20280004,20284004,30,241,1827.33406138877,0.353058944345677,0.466346328060337,0.00103640964011717,0.000182860087053291,0.252249412166262,0.247125718200091
20280004,20284004,30,242,1826.91251400616,0.35297749723809,0.466827587813288,0.0010326644388503,0.000182199415734885,0.252249412166262,0.247125718200091
20280004,20284004,30,243,1826.49379130594,0.352896595886969,0.467306982920038,0.00102894821071374,0.000181543854745103,0.252249412166262,0.247125718200091
20280004,20284004,30,244,1826.07786282827,0.352816234407176,0.467784527475436,0.00102526073191067,0.00018089336462206,0.252249412166262,0.247125718200091
20280004,20284004,30,245,1825.66469847337,0.352736406983136,0.468260235418819,0.00102160177779184,0.000180247905753045,0.252249412166262,0.247125718200091
20280004,20284004,30,246,1825.25426849881,0.352657107868318,0.468734120536155,0.00101797112286899,0.000179607438376901,0.252249412166262,0.247125718200091
20280004,20284004,30,247,1824.84654351675,0.352578331384701,0.469206196462114,0.00101436854083805,0.000178971922588126,0.252249412166262,0.247125718200091
20280004,20284004,30,248,1824.4414944913,0.352500071922265,0.469676476682066,0.00101079380461115,0.000178341318342537,0.252249412166262,0.247125718200091
20280004,20284004,30,249,1824.03909273578,0.352422323938463,0.470144974534013,0.00100724668635535,0.000177715585464104,0.252249412166262,0.247125718200091
20280004,20284004,30,250,1823.63930991009,0.352345081957707,0.47061170321046,0.00100372695753798,0.000177094683652957,0.252249412166262,0.247125718200091
20280004,20284004,30,251,1823.24211801802,0.352268340570852,0.471076675760228,0.00100023438897635,0.000176478572494172,0.252249412166262,0.247125718200091
20280004,20284004,30,252,1822.84748940452,0.352192094434673,0.471539905090216,0.00099676875089192,0.000175867211467337,0.252249412166262,0.247125718200091
20280004,20284004,30,253,1822.45539675308,0.352116338271348,0.472001403967113,0.000993329812967485,0.000175260559956637,0.252249412166262,0.247125718200091
20280004,20284004,30,254,1822.06581308298,0.352041066867937,0.472461185019063,0.000989917344406956,0.000174658577261426,0.252249412166262,0.247125718200091
20280004,20284004,30,255,1821.67871174656,0.351966275075851,0.472919260737293,0.000986531113997136,0.000174061222607119,0.252249412166262,0.247125718200091
20280004,20284004,30,256,1821.29406642657,0.351891957810337,0.473375643477698,0.000983170890170765,0.000173468455156333,0.252249412166262,0.247125718200091
20280004,20284004,30,257,1820.91185113336,0.351818110049939,0.473830345462395,0.000979836441070795,0.000172880234020228,0.252249412166262,0.247125718200091
20280004,20284004,30,258,1820.53204020216,0.351744726835969,0.474283378781244,0.000976527534614922,0.000172296518269904,0.252249412166262,0.247125718200091
20280004,20284004,30,259,1820.1546082903,0.351671803271977,0.474734755393337,0.000973243938560877,0.000171717266947924,0.252249412166262,0.247125718200091
20280004,20284004,30,260,1819.77953037446,0.351599334523206,0.475184487128464,0.000969985420571451,0.000171142439079794,0.252249412166262,0.247125718200091
20280004,20284004,30,261,1819.40678174782,0.351527315816058,0.475632585688555,0.000966751748279352,0.000170571993685415,0.252249412166262,0.247125718200091
20280004,20284004,30,262,1819.0363380173,0.35145574243755,0.476079062649099,0.000963542689352067,0.000170005889790529,0.252249412166262,0.247125718200091
20280004,20284004,30,263,1818.66817510072,0.351384609734767,0.476523929460543,0.000960358011555964,0.000169444086438037,0.252249412166262,0.247125718200091
20280004,20284004,30,264,1818.30226922397,0.351313913114314,0.476967197449675,0.000957197482819945,0.000168886542699237,0.252249412166262,0.247125718200091
20280004,20284004,30,265,1817.93859691813,0.35124364804177,0.47740887782099,0.000954060871298537,0.000168333217684959,0.252249412166262,0.247125718200091
20280004,20284004,30,266,1817.57713501668,0.35117381004113,0.477848981658047,0.000950947945434198,0.000167784070556565,0.252249412166262,0.247125718200091
20280004,20284004,30,267,1817.21786065255,0.351104394694254,0.478287519924804,0.000947858474018908,0.000167239060536819,0.252249412166262,0.247125718200091
20280004,20284004,30,268,1816.86075125529,0.351035397640308,0.478724503466955,0.000944792226255116,0.00016669814692065,0.252249412166262,0.247125718200091
20280004,20284004,30,269,1816.50578454817,0.350966814575208,0.479159943013243,0.000941748971815685,0.000166161289085729,0.252249412166262,0.247125718200091
20280004,20284004,30,270,1816.15293854528,0.350898641251057,0.479593849176783,0.000938728480903301,0.000165628446502958,0.252249412166262,0.247125718200091
20280004,20284004,30,271,1815.80219154859,0.350830873475586,0.480026232456357,0.000935730524308851,0.000165099578746776,0.252249412166262,0.247125718200091
20280004,20284004,30,272,1815.4535221451,0.350763507111589,0.480457103237725,0.000932754873469249,0.000164574645505363,0.252249412166262,0.247125718200091
20280004,20284004,30,273,1815.10690920385,0.350696538076359,0.48088647179491,0.000929801300524287,0.000164053606590679,0.252249412166262,0.247125718200091
20280004,20284004,30,274,1814.76233187303,0.35062996234112,0.481314348291498,0.000926869578372914,0.000163536421948396,0.252249412166262,0.247125718200091
20280004,20284004,30,275,1814.41976957704,0.350563775930463,0.481740742781919,0.000923959480728527,0.000163023051667656,0.252249412166262,0.247125718200091
20280004,20284004,30,276,1814.07920201356,0.350497974921779,0.482165665212736,0.000921070782173867,0.000162513455990766,0.252249412166262,0.247125718200091
20280004,20284004,30,277,1813.74060915056,0.350432555444685,0.482589125423925,0.000918203258214844,0.000162007595322692,0.252249412166262,0.247125718200091
20280004,20284004,30,278,1813.40397122343,0.350367513680461,0.48301113315016,0.000915356685333992,0.000161505430240502,0.252249412166262,0.247125718200091
20280004,20284004,30,279,1813.06926873197,0.350302845861477,0.483431698022088,0.000912530841043117,0.000161006921502649,0.252249412166262,0.247125718200091
20280004,20284004,30,280,1812.73648243744,0.35023854827062,0.483850829567609,0.000909725503935229,0.000160512030058147,0.252249412166262,0.247125718200091
20280004,20284004,30,281,1812.40559335966,0.350174617240729,0.484268537213158,0.00090694045373605,0.000160020717055658,0.252249412166262,0.247125718200091
20280004,20284004,30,282,1812.07658277398,0.350111049154022,0.484684830284974,0.000904175471354756,0.000159532943852446,0.252249412166262,0.247125718200091
20280004,20284004,30,283,1811.74943220838,0.35004784044152,0.485099718010386,0.000901430338934274,0.000159048672023259,0.252249412166262,0.247125718200091
20280004,20284004,30,284,1811.4241234405,0.349984987582482,0.485513209519084,0.000898704839900821,0.000158567863369069,0.252249412166262,0.247125718200091
20280004,20284004,30,285,1811.10063849465,0.349922487103831,0.485925313844394,0.000895998759013109,0.000158090479925758,0.252249412166262,0.247125718200091
20280004,20284004,30,286,1810.77895963891,0.349860335579582,0.486336039924555,0.000893311882410852,0.00015761648397268,0.252249412166262,0.247125718200091
20280004,20284004,30,287,1810.45906938212,0.349798529630274,0.486745396603994,0.000890643997662758,0.00015714583804113,0.252249412166262,0.247125718200091
20280004,20284004,30,288,1810.14095047096,0.349737065922393,0.487153392634598,0.000887994893814021,0.000156678504922728,0.252249412166262,0.247125718200091
20280004,20284004,30,289,1809.82458588699,0.349675941167808,0.487560036676985,0.000885364361433066,0.000156214447677665,0.252249412166262,0.247125718200091
20280004,20284004,30,290,1809.50995884367,0.349615152123197,0.487965337301775,0.000882752192658118,0.000155753629642927,0.252249412166262,0.247125718200091
20280004,20284004,30,291,1809.19705278346,0.34955469558948,0.488369302990862,0.000880158181242581,0.000155296014440301,0.252249412166262,0.247125718200091
20280004,20284004,30,292,1808.88585137484,0.349494568411243,0.488771942138672,0.000877582122600292,0.000154841565984361,0.252249412166262,0.247125718200091
20280004,20284004,30,293,1808.57633850937,0.34943476747618,0.489173263053434,0.000875023813849795,0.000154390248490286,0.252249412166262,0.247125718200091
20280004,20284004,30,294,1808.26849829876,0.349375289714514,0.489573273958437,0.000872483053857926,0.000153942026481547,0.252249412166262,0.247125718200091
20280004,20284004,30,295,1807.96231507191,0.349316132098438,0.489971982993285,0.00086995964328269,0.000153496864797479,0.252249412166262,0.247125718200091
20280004,20284004,30,296,1807.65777337202,0.349257291641543,0.490369398215149,0.000867453384614997,0.000153054728600641,0.252249412166262,0.247125718200091
20280004,20284004,30,297,1807.35485795362,0.349198765398254,0.490765527600015,0.000864964082219868,0.000152615583384097,0.252249412166262,0.247125718200091
20280004,20284004,30,298,1807.05355377967,0.349140550463268,0.491160379043926,0.000862491542375989,0.000152179394978386,0.252249412166262,0.247125718200091
20280004,20284004,30,299,1806.75384601865,0.349082643970987,0.491553960364212,0.000860035573314751,0.000151746129558423,0.252249412166262,0.247125718200091
20280004,20284004,30,300,1806.45572004161,0.349025043094957,0.491946279300724,0.000857595985257399,0.000151315753650045,0.252249412166262,0.247125718200091
20280004,20284004,30,301,1806.15916141932,0.348967745047307,0.49233734351705,0.000855172590451232,0.00015088823413641,0.252249412166262,0.247125718200091
20280004,20284004,30,302,1805.86415591935,0.348910747078191,0.492727160601728,0.000852765203204066,0.00015046353826407,0.252249412166262,0.247125718200091
20280004,20284004,30,303,1805.57068950317,0.348854046475228,0.493115738069453,0.000850373639917094,0.000150041633648778,0.252249412166262,0.247125718200091
20280004,20284004,30,304,1805.27874832331,0.348797640562947,0.493503083362263,0.000847997719115957,0.000149622488280967,0.252249412166262,0.247125718200091
20280004,20284004,30,305,1804.98831872044,0.348741526702235,0.493889203850728,0.000845637261479943,0.000149206070530909,0.252249412166262,0.247125718200091
20280004,20284004,30,306,1804.69938722058,0.348685702289784,0.494274106835118,0.000843292089869044,0.000148792349153482,0.252249412166262,0.247125718200091
20280004,20284004,30,307,1804.41194053219,0.348630164757538,0.494657799546566,0.000840962029348885,0.000148381293292581,0.252249412166262,0.247125718200091
20280004,20284004,30,308,1804.12596554339,0.348574911572154,0.495040289148214,0.000838646907213271,0.000147972872485088,0.252249412166262,0.247125718200091
20280004,20284004,30,309,1803.84144931915,0.348519940234453,0.495421582736341,0.00083634655300428,0.000147567056664426,0.252249412166262,0.247125718200091
20280004,20284004,30,310,1803.55837909843,0.348465248278879,0.495801687341494,0.000834060798529862,0.000147163816163664,0.252249412166262,0.247125718200091
20280004,20284004,30,311,1803.27674229147,0.348410833272967,0.496180609929582,0.000831789477878627,0.000146763121718127,0.252249412166262,0.247125718200091
20280004,20284004,30,312,1802.99652647699,0.348356692816802,0.496558357402969,0.000829532427431785,0.000146364944467502,0.252249412166262,0.247125718200091
20280004,20284004,30,313,1802.71771939946,0.348302824542496,0.49693493660155,0.000827289485872431,0.000145969255957487,0.252249412166262,0.247125718200091
20280004,20284004,30,314,1802.44030896638,0.348249226113657,0.497310354303803,0.000825060494191521,0.000145576028140836,0.252249412166262,0.247125718200091
20280004,20284004,30,315,1802.16428324558,0.348195895224873,0.497684617227828,0.000822845295691032,0.000145185233377927,0.252249412166262,0.247125718200091
20280004,20284004,30,316,1801.88963046254,0.348142829601192,0.498057732032369,0.000820643735983929,0.000144796844436754,0.252249412166262,0.247125718200091
20280004,20284004,30,317,1801.61633899776,0.348090026997612,0.498429705317813,0.000818455662990999,0.000144410834492372,0.252249412166262,0.247125718200091
20280004,20284004,30,318,1801.34439738415,0.348037485198575,0.498800543627179,0.000816280926934513,0.000144027177125779,0.252249412166262,0.247125718200091
20280004,20284004,30,319,1801.07379430441,0.34798520201747,0.499170253447071,0.000814119380328634,0.000143645846322227,0.252249412166262,0.247125718200091
20280004,20284004,30,320,1800.80451858849,0.347933175296134,0.499538841208627,0.000811970877966846,0.000143266816469005,0.252249412166262,0.247125718200091
20280005,20284005,25,10,4559.74406219698,1,0.261828541182683,NaN,NaN,0.2520506034777,0.24709016374014
20280005,20284005,25,11,3882.95986751432,0.851574082788198,0.244005987187918,0.0543605508057145,0.00963142344380495,0.2520506034777,0.24709016374014
20280005,20284005,25,12,3591.9590335707,0.787754528450445,0.236252857723816,0.0356836462791504,0.0063081056031092,0.2520506034777,0.24709016374014
20280005,20284005,25,13,3411.52009546839,0.748182364828752,0.232934383306357,0.0281206494734449,0.00496599332006569,0.2520506034777,0.24709016374014
20280005,20284005,25,14,3283.68649067954,0.720147106041165,0.232138059775269,0.0235263359590573,0.00415217471291063,0.2520506034777,0.24709016374014
20280005,20284005,25,15,3186.3378330304,0.698797517923661,0.232886124394704,0.0202898937988771,0.0035796642074523,0.2520506034777,0.24709016374014
20280005,20284005,25,16,3108.94980414983,0.681825506375434,0.234607656105916,0.0178246099348554,0.00314399541582845,0.2520506034777,0.24709016374014
20280005,20284005,25,17,3045.7432491102,0.667963641723061,0.236945384955499,0.0158624853051164,0.00279748770973996,0.2520506034777,0.24709016374014
20280005,20284005,25,18,2993.1148012961,0.656421667634994,0.239666636139597,0.0142663583247261,0.0025157554922806,0.2520506034777,0.24709016374014
20280005,20284005,25,19,2948.60196140644,0.646659532023328,0.242616919027767,0.012952439943868,0.00228391992429037,0.2520506034777,0.24709016374014
20280005,20284005,25,20,2910.43177756851,0.638288407829234,0.24569297560808,0.0118611799410131,0.00209142244025056,0.2520506034777,0.24709016374014
20280005,20284005,25,21,2877.2983006999,0.631021886634917,0.24882582564976,0.010945054585934,0.00192985012005425,0.2520506034777,0.24709016374014
20280005,20284005,25,22,2848.22637711119,0.624646106943743,0.251969542021222,0.0101664587873234,0.00179255313407962,0.2520506034777,0.24709016374014
20280005,20284005,25,23,2822.47638547712,0.618998861992528,0.255093745268736,0.00949712320877929,0.00167453582203141,0.2520506034777,0.24709016374014
20280005,20284005,25,24,2799.47751692638,0.613954967371027,0.258178607504689,0.0089161460056567,0.00157210616052872,0.2520506034777,0.24709016374014
20280005,20284005,25,25,2778.78204994884,0.609416233026457,0.261211511883587,0.00840776456036454,0.00148248093155367,0.2520506034777,0.24709016374014
20280005,20284005,25,26,2760.03386822312,0.605304558890808,0.264184791434914,0.00795975263280587,0.00140350202644897,0.2520506034777,0.24709016374014
20280005,20284005,25,27,2742.94625378259,0.601557064687746,0.267094180928297,0.0075624415688112,0.00133346324740375,0.2520506034777,0.24709016374014
20280005,20284005,25,28,2727.28587388962,0.598122578085131,0.269937749180895,0.007208078649889,0.00127099680448362,0.2520506034777,0.24709016374014
20280005,20284005,25,29,2712.86108072738,0.594959068693929,0.272715157996323,0.0068903490471108,0.00121498880184688,0.2520506034777,0.24709016374014
20280005,20284005,25,30,2699.51324754754,0.592031747993956,0.275427143273058,0.00660402201719397,0.0011645167155242,0.2520506034777,0.24709016374014
20280005,20284005,25,31,2687.11021602665,0.58931163226998,0.278075148192528,0.00634471246748151,0.0011188072653061,0.2520506034777,0.24709016374014
20280005,20284005,25,32,2675.54120956984,0.586774427045518,0.280661062635671,0.00610872965562974,0.00107720968255874,0.2520506034777,0.24709016374014
20280005,20284005,25,33,2664.71279752165,0.584399641991691,0.283187038845744,0.00589297457570462,0.00103917758259011,0.2520506034777,0.24709016374014
20280005,20284005,25,34,2654.54565717013,0.582169880800529,0.285655362906519,0.00569485639168441,0.00100425420821537,0.2520506034777,0.24709016374014
20280005,20284005,25,35,2644.97197465747,0.580070271177254,0.288068367186888,0.00551221368610645,0.000972058530527704,0.2520506034777,0.24709016374014
20280005,20284005,25,36,2635.9333711882,0.578088010035843,0.290428372402023,0.00534323840025179,0.000942271829544931,0.2520506034777,0.24709016374014
20280005,20284005,25,37,2627.37925969676,0.576212003098882,0.292737650497744,0.00518640611686545,0.000914625396596015,0.2520506034777,0.24709016374014
20280005,20284005,25,38,2619.26554658331,0.574432580174533,0.29499840169313,0.00504041684951001,0.000888890091431386,0.2520506034777,0.24709016374014
20280005,20284005,25,39,2611.55360247391,0.572741269433358,0.297212740850829,0.00490414834559808,0.000864868107134785,0.2520506034777,0.24709016374014
20280005,20284005,25,40,2604.20943779829,0.571130616603847,0.299382689862252,0.00477662141052929,0.000842386855458575,0.2520506034777,0.24709016374014
20280005,20284005,25,41,2597.2030322774,0.569594037921948,0.301510173900788,0.00465697513725173,0.000821294599200328,0.2520506034777,0.24709016374014
20280005,20284005,25,42,2590.50778021258,0.568125698477125,0.303597020219602,0.00454444937592303,0.000801457361445474,0.2520506034777,0.24709016374014
20280005,20284005,25,43,2584.10002432648,0.566720409978759,0.305644958704271,0.00443837198320383,0.000782756677701988,0.2520506034777,0.24709016374014
20280005,20284005,25,44,2577.95865924253,0.565373543795003,0.307655623707267,0.00433814894740132,0.000765087855162301,0.2520506034777,0.24709016374014
20280005,20284005,25,45,2572.06479158939,0.564080956410109,0.309630556862301,0.00424325610514849,0.000748358512588807,0.2520506034777,0.24709016374014
20280005,20284005,25,46,2566.40144760692,0.562838925299324,0.31157121065967,0.00415323169743052,0.000732487268168346,0.2520506034777,0.24709016374014
20280005,20284005,25,47,2560.95332153797,0.561644093748554,0.313478952600377,0.0040676694045357,0.000717402511773265,0.2520506034777,0.24709016374014
20280005,20284005,25,48,2555.70655950784,0.560493423456853,0.315355069763279,0.00398621175035418,0.000703041242305946,0.2520506034777,0.24709016374014
20280005,20284005,25,49,2550.64857441326,0.55938415393962,0.317200773630817,0.00390854390003281,0.000689347974363266,0.2520506034777,0.24709016374014
20280005,20284005,25,50,2545.76788784681,0.558313767860955,0.319017205032015,0.00383438792408837,0.000676273727116522,0.2520506034777,0.24709016374014
20280005,20284005,25,51,2541.0539954467,0.557279961503447,0.320805439078339,0.00376349759958429,0.000663775107862656,0.2520506034777,0.24709016374014
20280005,20284005,25,52,2536.49725238168,0.556280619653802,0.322566489988232,0.00369565379205207,0.000651813497954813,0.2520506034777,0.24709016374014
20280005,20284005,25,53,2532.08877599562,0.555313794251779,0.324301315717999,0.00363066042898712,0.000640354343026558,0.2520506034777,0.24709016374014
20280005,20284005,25,54,2527.8203629562,0.554377686220011,0.326010822338575,0.00356834104692182,0.000629366544339785,0.2520506034777,0.24709016374014
20280005,20284005,25,55,2523.68441857138,0.55347062996238,0.327695868118076,0.00350853587287149,0.000618821944345708,0.2520506034777,0.24709016374014
20280005,20284005,25,56,2519.67389624919,0.552591080086886,0.329357267288071,0.0034510993874037,0.000608694897158822,0.2520506034777,0.24709016374014
20280005,20284005,25,57,2515.78224537128,0.551737599973785,0.330995793486591,0.00339589830942042,0.000598961913380292,0.2520506034777,0.24709016374014
20280005,20284005,25,58,2512.0033661252,0.550908851869827,0.332612182882824,0.003342809940582,0.000589601368325716,0.2520506034777,0.24709016374014
20280005,20284005,25,59,2508.33157008824,0.550103588243871,0.334207136997268,0.00329172080901771,0.000580593263014563,0.2520506034777,0.24709016374014
20280005,20284005,25,60,2504.76154557511,0.549320644187266,0.335781325237125,0.00324252555662898,0.000571919028100515,0.2520506034777,0.24709016374014
20280005,20284005,25,61,2501.28832695109,0.548558930683912,0.33733538717018,0.0031951260209834,0.000563561362102058,0.2520506034777,0.24709016374014
20280005,20284005,25,62,2497.90726727154,0.547817428609798,0.338869934561924,0.00314943047059062,0.000555504096667087,0.2520506034777,0.24709016374014
20280005,20284005,25,63,2494.61401373827,0.547095183350339,0.340385553200601,0.00310535296034798,0.000547732083015609,0.2520506034777,0.24709016374014
20280005,20284005,25,64,2491.40448556768,0.546391299946619,0.341882804533802,0.00306281278140802,0.000540231095021046,0.2520506034777,0.24709016374014
20280005,20284005,25,65,2488.27485394596,0.545704938699357,0.343362227138401,0.00302173398616131,0.000532987745526627,0.2520506034777,0.24709016374014
20280005,20284005,25,66,2485.22152380897,0.545035311173044,0.344824338043599,0.00298204497422399,0.000525989413409696,0.2520506034777,0.24709016374014
20280005,20284005,25,67,2482.24111723097,0.544381676552911,0.346269633924621,0.00294367812928155,0.00051922417960542,0.2520506034777,0.24709016374014
20280005,20284005,25,68,2479.3304582415,0.543743338315113,0.347698592182541,0.00290656949951954,0.000512680770809116,0.2520506034777,0.24709016374014
20280005,20284005,25,69,2476.48655891619,0.5431196411763,0.349111671923794,0.00287065851638988,0.000506348509932186,0.2520506034777,0.24709016374014
20280005,20284005,25,70,2473.70660660733,0.542509968293144,0.350509314851213,0.00283588774783153,0.000500217272628114,0.2520506034777,0.24709016374014
20280005,20284005,25,71,2470.98795219571,0.541913738685838,0.351891946077015,0.00280220268295254,0.000494277449361623,0.2520506034777,0.24709016374014
20280005,20284005,25,72,2468.32809925766,0.541330404862323,0.353259974866921,0.00276955154571108,0.000488519912587438,0.2520506034777,0.24709016374014
20280005,20284005,25,73,2465.72469405201,0.540759450622318,0.354613795323583,0.00273788513537031,0.000482935988646906,0.2520506034777,0.24709016374014
20280005,20284005,25,74,2463.17551624085,0.540200389022282,0.355953787016681,0.00270715669149957,0.000477517433990155,0.2520506034777,0.24709016374014
20280005,20284005,25,75,2460.67847026652,0.539652760484305,0.357280315566353,0.00267732178108876,0.000472256415295155,0.2520506034777,0.24709016374014
20280005,20284005,25,76,2458.2315773159,0.539116131033784,0.358593733186053,0.0026483382049943,0.000467145492993405,0.2520506034777,0.24709016374014
20280005,20284005,25,77,2455.832967811,0.538590090652529,0.359894379190443,0.00262016592050853,0.000462177607636803,0.2520506034777,0.24709016374014
20280005,20284005,25,78,2453.48087437346,0.538074251735814,0.361182580473425,0.00259276697643719,0.0004573460684682,0.2520506034777,0.24709016374014
20280005,20284005,25,79,2451.17362521874,0.537568247643643,0.362458651961021,0.00256610545676696,0.000452644543504842,0.2520506034777,0.24709016374014
20280005,20284005,25,80,2448.90963794386,0.537071731338344,0.363722897043269,0.002540147428901,0.000448067050425451,0.2520506034777,0.24709016374014
20280005,20284005,25,81,2446.68741368013,0.536584374102188,0.364975607988864,0.00251486089258637,0.000443607947577399,0.2520506034777,0.24709016374014
20280005,20284005,25,82,2444.505531589,0.536105864330287,0.366217066345706,0.00249021572607902,0.000439261924494854,0.2520506034777,0.24709016374014
20280005,20284005,25,83,2442.3626436852,0.535635906395241,0.367447543329958,0.00246618362676615,0.000435023991437661,0.2520506034777,0.24709016374014
20280005,20284005,25,84,2440.25746997526,0.535174219580977,0.36866730020567,0.00244273804432914,0.000430889467612983,0.2520506034777,0.24709016374014
20280005,20284005,25,85,2438.18879390319,0.534720537083921,0.369876588656416,0.00241985410549881,0.000426853967912604,0.2520506034777,0.24709016374014
20280005,20284005,25,86,2436.15545809604,0.534274605079972,0.371075651149895,0.00239750853041942,0.000422913388168946,0.2520506034777,0.24709016374014
20280005,20284005,25,87,2434.15636040313,0.533836181855853,0.372264721295923,0.00237567954151086,0.000419063889086811,0.2520506034777,0.24709016374014
20280005,20284005,25,88,2432.19045022162,0.533405037003269,0.373444024197849,0.00235434676641746,0.000415301879131208,0.2520506034777,0.24709016374014
20280005,20284005,25,89,2430.25672509987,0.532980950673999,0.374613776797076,0.00233349113711142,0.000411623996736146,0.2520506034777,0.24709016374014
20280005,20284005,25,90,2428.35422760825,0.532563712893618,0.375774188210119,0.00231309478746436,0.000408027092242628,0.2520506034777,0.24709016374014
20280005,20284005,25,91,2426.48204246491,0.532153122931154,0.376925460057506,0.00229314095162156,0.00040450820997773,0.2520506034777,0.24709016374014
20280005,20284005,25,92,2424.63929390215,0.531748988721509,0.378067786783701,0.00227361386534818,0.000401064570857526,0.2520506034777,0.24709016374014
20280005,20284005,25,93,2422.82514325763,0.531351126337179,0.379201355967291,0.00225449867221039,0.000397693555842535,0.2520506034777,0.24709016374014
20280005,20284005,25,94,2421.03878677323,0.530959359505524,0.380326348620699,0.0022357813360618,0.000394392690505125,0.2520506034777,0.24709016374014
20280005,20284005,25,95,2419.27945358389,0.530573519167704,0.381442939478809,0.00221744856087438,0.000391159630892233,0.2520506034777,0.24709016374014
20280005,20284005,25,96,2417.54640387868,0.530193443075369,0.382551297276041,0.00219948771852796,0.000387992150791751,0.2520506034777,0.24709016374014
20280005,20284005,25,97,2415.83892721637,0.529818975421258,0.38365158501154,0.00218188678478255,0.000384888130442168,0.2520506034777,0.24709016374014
20280005,20284005,25,98,2414.15634097893,0.529449966500037,0.384743960202346,0.00216463428332626,0.000381845546666562,0.2520506034777,0.24709016374014
20280005,20284005,25,99,2412.49798894718,0.52908627239591,0.385828575124522,0.00214771923752718,0.000378862464365415,0.2520506034777,0.24709016374014
20280005,20284005,25,100,2410.86323998396,0.528727754693837,0.386905577042399,0.00213113112932466,0.000375937029268646,0.2520506034777,0.24709016374014
20280005,20284005,25,101,2409.25148681202,0.528374280211507,0.387975108426202,0.00211485986456685,0.000373067461824618,0.2520506034777,0.24709016374014
20280005,20284005,25,102,2407.66214487482,0.528025720749501,0.389037307158438,0.00209889574403257,0.000370252052091713,0.2520506034777,0.24709016374014
20280005,20284005,25,103,2406.09465127027,0.527681952857452,0.390092306729484,0.00208322943935395,0.00036748915549424,0.2520506034777,0.24709016374014
20280005,20284005,25,104,2404.54846374861,0.527342857614259,0.391140236422925,0.0020678519730712,0.000364777189307134,0.2520506034777,0.24709016374014
20280005,20284005,25,105,2403.02305976695,0.527008320420757,0.392181221491186,0.00205275470209334,0.000362114629741284,0.2520506034777,0.24709016374014
20280005,20284005,25,106,2401.51793559444,0.52667823080345,0.393215383322039,0.00203792930389754,0.000359500009511843,0.2520506034777,0.24709016374014
20280005,20284005,25,107,2400.0326054627,0.526352482228206,0.394242839596605,0.00202336776487012,0.000356931915784156,0.2520506034777,0.24709016374014
20280005,20284005,25,108,2398.56660075738,0.526030971922952,0.395263704439403,0.0020090623702637,0.000354408988404664,0.2520506034777,0.24709016374014
20280005,20284005,25,109,2397.11946924744,0.525713600708645,0.396278088561049,0.0019950056953198,0.000351929918337236,0.2520506034777,0.24709016374014
20280005,20284005,25,110,2395.69077434932,0.525400272837908,0.397286099394121,0.00198119059717518,0.000349493446237623,0.2520506034777,0.24709016374014
20280005,20284005,25,111,2394.28009442397,0.525090895840841,0.398287841222726,0.00196761020723444,0.000347098361110053,0.2520506034777,0.24709016374014
20280005,20284005,25,112,2392.88702210476,0.524785380377647,0.39928341530621,0.00195425792375251,0.000344743499000689,0.2520506034777,0.24709016374014
20280005,20284005,25,113,2391.51116365523,0.524483640097763,0.400272919997468,0.0019411274044219,0.000342427741691832,0.2520506034777,0.24709016374014
20280005,20284005,25,114,2390.1521383554,0.524185591505277,0.401256450856224,0.00192821255880928,0.000340150015369433,0.2520506034777,0.24709016374014
20280005,20284005,25,115,2388.80957791585,0.523891153830436,0.402234100757629,0.00191550754052691,0.000337909289243694,0.2520506034777,0.24709016374014
20280005,20284005,25,116,2387.48312591907,0.523600248907113,0.403205959996478,0.00190300673906324,0.000335704574109482,0.2520506034777,0.24709016374014
20280005,20284005,25,117,2386.17243728717,0.52331280105609,0.4041721163873,0.00189070477123006,0.000333534920838965,0.2520506034777,0.24709016374014
20280005,20284005,25,118,2384.87717777589,0.523028736974069,0.405132655360546,0.0018785964722127,0.000331399418804157,0.2520506034777,0.24709016374014
20280005,20284005,25,119,2383.59702349405,0.522747985628295,0.406087660055056,0.00186667688623649,0.000329297194231673,0.2520506034777,0.24709016374014
20280005,20284005,25,120,2382.3316604482,0.522470478156694,0.407037211406966,0.00185494125688462,0.000327227408495912,0.2520506034777,0.24709016374014
20280005,20284005,25,121,2381.08078411195,0.522196147773412,0.407981388235165,0.00184338501712166,0.000325189256360239,0.2520506034777,0.24709016374014
20280005,20284005,25,122,2379.84409901933,0.521924929679643,0.408920267323418,0.00183200377909327,0.000323181964178617,0.2520506034777,0.24709016374014
20280005,20284005,25,123,2378.62131838162,0.521656760979596,0.409853923499228,0.00182079332378511,0.000321204788072328,0.2520506034777,0.24709016374014
20280005,20284005,25,124,2377.41216372704,0.521391580601469,0.410782429709505,0.00180974959063289,0.000319257012098032,0.2520506034777,0.24709016374014
20280005,20284005,25,125,2376.21636456239,0.521129329223247,0.411705857093098,0.00179886866718235,0.000317337946424547,0.2520506034777,0.24709016374014
20280005,20284005,25,126,2375.03365805587,0.520869949203143,0.412624275050231,0.00178814677890027,0.000315446925536256,0.2520506034777,0.24709016374014
20280005,20284005,25,127,2373.86378874013,0.520613384514471,0.413537751308896,0.00177758027923774,0.000313583306480932,0.2520506034777,0.24709016374014
20280005,20284005,25,128,2372.70650823455,0.52035958068474,0.41444635198823,0.00176716564004388,0.00031174646717936,0.2520506034777,0.24709016374014
20280005,20284005,25,129,2371.56157498561,0.520108484738712,0.415350141658934,0.00175689944242172,0.000309935804812902,0.2520506034777,0.24709016374014
20280005,20284005,25,130,2370.42875402427,0.519860045145198,0.416249183400769,0.00174677836811127,0.000308150734304042,0.2520506034777,0.24709016374014
20280005,20284005,25,131,2369.30781673914,0.519614211767306,0.417143538857189,0.00173679919147238,0.000306390686902683,0.2520506034777,0.24709016374014
20280005,20284005,25,132,2368.1985406642,0.519370935815892,0.418033268287177,0.00172695877212991,0.000304655108889253,0.2520506034777,0.24709016374014
20280005,20284005,25,133,2367.1007092799,0.519130169805931,0.41891843061433,0.0017172540483289,0.000302943460403033,0.2520506034777,0.24709016374014
20280005,20284005,25,134,2366.01411182627,0.518891867515538,0.419799083473308,0.001707682031034,0.000301255214401749,0.2520506034777,0.24709016374014
20280005,20284005,25,135,2364.93854312695,0.518655983947369,0.420675283253695,0.00169823979879234,0.000299589855755809,0.2520506034777,0.24709016374014
20280005,20284005,25,136,2363.8738034228,0.518422475292141,0.421547085141397,0.00168892449336416,0.000297946880477951,0.2520506034777,0.24709016374014
20280005,20284005,25,137,2362.81969821414,0.518191298894018,0.422414543157666,0.00167973331611099,0.000296325795086517,0.2520506034777,0.24709016374014
20280005,20284005,25,138,2361.77603811021,0.51796241321761,0.42327771019587,0.00167066352511771,0.00029472611609816,0.2520506034777,0.24709016374014
20280005,20284005,25,139,2360.74263868516,0.517735777816377,0.424136638056113,0.00166171243301183,0.000293147369643521,0.2520506034777,0.24709016374014
20280005,20284005,25,140,2359.71932033931,0.517511353302219,0.424991377477853,0.00165287740543186,0.000291589091197407,0.2520506034777,0.24709016374014
20280005,20284005,25,141,2358.70590816512,0.517289101316061,0.425841978170614,0.00164415586008756,0.000290050825413347,0.2520506034777,0.24709016374014
20280005,20284005,25,142,2357.7022318168,0.517068984499277,0.426688488842947,0.00163554526634574,0.000288532126050853,0.2520506034777,0.24709016374014
20280005,20284005,25,143,2356.70812538312,0.516850966465783,0.427530957229756,0.00162704314527066,0.000287032555982855,0.2520506034777,0.24709016374014
20280005,20284005,25,144,2355.72342726279,0.516635011774708,0.428369430118118,0.00161864707004221,0.000285551687269769,0.2520506034777,0.24709016374014
20280005,20284005,25,145,2354.74798004185,0.516421085903511,0.429203953371731,0.00161035466667486,0.000284089101286611,0.2520506034777,0.24709016374014
20280005,20284005,25,146,2353.78163037284,0.516209155221475,0.430034571954106,0.00160216361495857,0.000282644388889242,0.2520506034777,0.24709016374014
20280005,20284005,25,147,2352.82422885541,0.515999186963527,0.430861329950631,0.00159407164954535,0.000281217150606305,0.2520506034777,0.24709016374014
20280005,20284005,25,148,2351.87562991818,0.515791149204326,0.431684270589601,0.00158607656110773,0.000279806996843829,0.2520506034777,0.24709016374014
20280005,20284005,25,149,2350.93569170178,0.515585010832614,0.432503436262345,0.00157817619750142,0.000278413548090569,0.2520506034777,0.24709016374014
20280005,20284005,25,150,2350.00427594301,0.515380741525816,0.433318868542532,0.00157036846486859,0.000277036435112845,0.2520506034777,0.24709016374014
20280005,20284005,25,151,2349.08124786026,0.515178311724896,0.434130608204747,0.00156265132862704,0.000275675299129251,0.2520506034777,0.24709016374014
20280005,20284005,25,152,2348.16647604007,0.5149776926095,0.434938695242434,0.00155502281429698,0.000274329791956705,0.2520506034777,0.24709016374014
20280005,20284005,25,153,2347.25983232526,0.514778856073405,0.435743168885257,0.00154748100812604,0.000272999576120885,0.2520506034777,0.24709016374014
20280005,20284005,25,154,2346.36119170458,0.514581774700324,0.436544067615972,0.00154002405748153,0.000271684324925612,0.2520506034777,0.24709016374014
20280005,20284005,25,155,2345.47043220419,0.514386421740103,0.437341429186842,0.0015326501709871,0.00027038372247712,0.2520506034777,0.24709016374014
20280005,20284005,25,156,2344.58743478111,0.514192771085367,0.438135290635662,0.00152535761838994,0.000269097463660782,0.2520506034777,0.24709016374014
20280005,20284005,25,157,2343.71208321905,0.51400079724865,0.438925688301427,0.00151814473015143,0.00026782525406905,0.2520506034777,0.24709016374014
20280005,20284005,25,158,2342.84426402656,0.513810475340085,0.439712657839681,0.00151100989676241,0.000266566809880793,0.2520506034777,0.24709016374014
20280005,20284005,25,159,2341.98386633801,0.513621781045667,0.440496234237572,0.00150395156779024,0.000265321857693329,0.2520506034777,0.24709016374014
20280005,20284005,25,160,2341.13078181741,0.513434690606168,0.44127645182864,0.00149696825067023,0.000264090134309339,0.2520506034777,0.24709016374014
20280005,20284005,25,161,2340.28490456532,0.513249180796722,0.442053344307346,0.00149005850926011,0.000262871386481976,0.2520506034777,0.24709016374014
20280005,20284005,25,162,2339.44613102902,0.513065228907129,0.442826944743365,0.00148322096217819,0.000261665370621806,0.2520506034777,0.24709016374014
20280005,20284005,25,163,2338.6143599161,0.512882812722894,0.443597285595639,0.00147645428095084,0.000260471852470113,0.2520506034777,0.24709016374014
20280005,20284005,25,164,2337.78949211153,0.512701910507042,0.444364398726204,0.00146975718799592,0.000259290606743244,0.2520506034777,0.24709016374014
20280005,20284005,25,165,2336.97143059826,0.51252250098271,0.445128315413788,0.00146312845447024,0.000258121416752969,0.2520506034777,0.24709016374014
20280005,20284005,25,166,2336.16008038152,0.512344563316545,0.445889066367182,0.00145656689801043,0.000256964074008033,0.2520506034777,0.24709016374014
20280005,20284005,25,167,2335.35534841672,0.512168077102885,0.446646681738375,0.00145007138039538,0.000255818377801868,0.2520506034777,0.24709016374014
20280005,20284005,25,168,2334.55714354101,0.511993022348752,0.447401191135462,0.00144364080515866,0.000254684134791462,0.2520506034777,0.24709016374014
20280005,20284005,25,169,2333.76537640838,0.511819379459629,0.448152623635314,0.00143727411517799,0.000253561158572196,0.2520506034777,0.24709016374014
20280005,20284005,25,170,2332.9799594284,0.511647129226004,0.448901007796,0.00143097029026627,0.00025244926925294,0.2520506034777,0.24709016374014
20280005,20284005,25,171,2332.2008067083,0.511476252810688,0.449646371668972,0.00142472834478856,0.000251348293035721,0.2520506034777,0.24709016374014
20280005,20284005,25,172,2331.42783399845,0.511306731736851,0.450388742810998,0.00141854732532515,0.000250258061803528,0.2520506034777,0.24709016374014
20280005,20284005,25,173,2330.66095864109,0.511138547876772,0.451128148295837,0.00141242630840047,0.000249178412719714,0.2520506034777,0.24709016374014
20280005,20284005,25,174,2329.90009952212,0.510971683441268,0.451864614725673,0.00140636439829368,0.000248109187841826,0.2520506034777,0.24709016374014
20280005,20284005,25,175,2329.14517702576,0.510806120969767,0.452598168242276,0.0014003607249453,0.000247050233752355,0.2520506034777,0.24709016374014
20280005,20284005,25,176,2328.39611299216,0.510641843320981,0.453328834537919,0.00139441444197144,0.00024600140120847,0.2520506034777,0.24709016374014
20280005,20284005,25,177,2327.65283067742,0.510478833664167,0.454056638866035,0.00138852472479482,0.00024496254481237,0.2520506034777,0.24709016374014
20280005,20284005,25,178,2326.91525471623,0.510317075470915,0.454781606051612,0.00138269076889988,0.000243933522703493,0.2520506034777,0.24709016374014
20280005,20284005,25,179,2326.18331108666,0.510156552507435,0.455503760501346,0.00137691178821645,0.000242914196273438,0.2520506034777,0.24709016374014
20280005,20284005,25,180,2325.45692707711,0.509997248827307,0.456223126213531,0.00137118701363575,0.000241904429904205,0.2520506034777,0.24709016374014
20280005,20284005,25,181,2324.73603125518,0.509839148764652,0.456939726787712,0.00136551569165898,0.000240904090729835,0.2520506034777,0.24709016374014
20280005,20284005,25,182,2324.02055343831,0.509682236927691,0.457653585434095,0.00135989708317877,0.00023991304842148,0.2520506034777,0.24709016374014
20280005,20284005,25,183,2323.31042466598,0.509526498192656,0.458364724982714,0.00135433046239106,0.000238931174995497,0.2520506034777,0.24709016374014
20280005,20284005,25,184,2322.60557717339,0.50937191769801,0.45907316789237,0.00134881511583479,0.000237958344644069,0.2520506034777,0.24709016374014
20280005,20284005,25,185,2321.90594436643,0.509218480838963,0.459778936259356,0.00134335034155425,0.00023699443358747,0.2520506034777,0.24709016374014
20280005,20284005,25,186,2321.21146079778,0.509066173262228,0.460482051825947,0.00133793544837948,0.000236039319947168,0.2520506034777,0.24709016374014
20280005,20284005,25,187,2320.52206214407,0.508914980861009,0.461182535988693,0.00133256975531827,0.000235092883638592,0.2520506034777,0.24709016374014
20280005,20284005,25,188,2319.83768518389,0.508764889770183,0.461880409806505,0.00132725259105287,0.000234155006282392,0.2520506034777,0.24709016374014
20280005,20284005,25,189,2319.15826777658,0.508615886361649,0.462575694008548,0.0013219832935344,0.000233225571132923,0.2520506034777,0.24709016374014
20280005,20284005,25,190,2318.48374884176,0.508467957239834,0.463268409001943,0.00131676120966674,0.000232304463022506,0.2520506034777,0.24709016374014
20280005,20284005,25,191,2317.81406833934,0.508321089237313,0.463958574879293,0.00131158569507261,0.00023139156832021,0.2520506034777,0.24709016374014
20280005,20284005,25,192,2317.14916725011,0.508175269410552,0.464646211426037,0.00130645611393258,0.00023048677490348,0.2520506034777,0.24709016374014
20280005,20284005,25,193,2316.48898755672,0.50803048503573,0.465331338127635,0.00130137183888976,0.000229589972141357,0.2520506034777,0.24709016374014
20280005,20284005,25,194,2315.83347222498,0.50788672360465,0.466013974176601,0.00129633225101164,0.000228701050887781,0.2520506034777,0.24709016374014
20280005,20284005,25,195,2315.1825651855,0.507743972820703,0.466694138479384,0.00129133673980021,0.000227819903483413,0.2520506034777,0.24709016374014
20280005,20284005,25,196,2314.53621131557,0.507602220594894,0.467371849663099,0.00128638470324375,0.000226946423764798,0.2520506034777,0.24709016374014
20280005,20284005,25,197,2313.89435642119,0.507461455041912,0.468047126082131,0.00128147554790127,0.0002260805070793,0.2520506034777,0.24709016374014
20280005,20284005,25,198,2313.25694721939,0.507321664476232,0.468719985824597,0.00127660868901315,0.000225222050304647,0.2520506034777,0.24709016374014
20280005,20284005,25,199,2312.62393132054,0.507182837408261,0.469390446718684,0.00127178355063032,0.000224370951871758,0.2520506034777,0.24709016374014
20280005,20284005,25,200,2311.99525721095,0.507044962540503,0.470058526338867,0.00126699956575608,0.000223527111789784,0.2520506034777,0.24709016374014
20280005,20284005,25,201,2311.37087423548,0.506908028763748,0.470724242012009,0.00126225617649341,0.000222690431672129,0.2520506034777,0.24709016374014
20280005,20284005,25,202,2310.7507325803,0.506772025153302,0.471387610823338,0.00125755283419306,0.000221860814762611,0.2520506034777,0.24709016374014
20280005,20284005,25,203,2310.1347832558,0.506636940965219,0.47204864962233,0.00125288899959677,0.000221038165960746,0.2520506034777,0.24709016374014
20280005,20284005,25,204,2309.52297807949,0.506502765632578,0.472707375028463,0.00124826414297087,0.000220222391845352,0.2520506034777,0.24709016374014
20280005,20284005,25,205,2308.91526965922,0.506369488761774,0.473363803436885,0.00124367774422649,0.000219413400695781,0.2520506034777,0.24709016374014
20280005,20284005,25,206,2308.31161137632,0.506237100128846,0.474017951023963,0.00123912929302243,0.000218611102510097,0.2520506034777,0.24709016374014
20280005,20284005,25,207,2307.71195736908,0.506105589675832,0.474669833752737,0.00123461828884802,0.000217815409019713,0.2520506034777,0.24709016374014
20280005,20284005,25,208,2307.11626251623,0.505974947507167,0.475319467378268,0.00123014424108295,0.000217026233699981,0.2520506034777,0.24709016374014
20280005,20284005,25,209,2306.52448242075,0.505845163886112,0.475966867452887,0.00122570666903261,0.000216243491776443,0.2520506034777,0.24709016374014
20280005,20284005,25,210,2305.93657339376,0.505716229231232,0.47661204933134,0.00122130510193694,0.000215467100226426,0.2520506034777,0.24709016374014
20280005,20284005,25,211,2305.35249243867,0.505588134112928,0.477255028175836,0.00121693907895216,0.000214696977775833,0.2520506034777,0.24709016374014
20280005,20284005,25,212,2304.77219723566,0.505460869250011,0.477895818960983,0.00121260814910444,0.000213933044891003,0.2520506034777,0.24709016374014
20280005,20284005,25,213,2304.19564612625,0.505334425506338,0.478534436478633,0.00120831187121539,0.000213175223765583,0.2520506034777,0.24709016374014
20280005,20284005,25,214,2303.62279809831,0.505208793887518,0.479170895342612,0.00120404981380014,0.000212423438302574,0.2520506034777,0.24709016374014
20280005,20284005,25,215,2303.05361277128,0.505083965537666,0.47980520999335,0.00119982155493759,0.000211677614091461,0.2520506034777,0.24709016374014
20280005,20284005,25,216,2302.48805038175,0.504959931736248,0.480437394702401,0.00119562668211474,0.000210937678380777,0.2520506034777,0.24709016374014
20280005,20284005,25,217,2301.92607176936,0.504836683894983,0.481067463576856,0.0011914647920455,0.000210203560046151,0.2520506034777,0.24709016374014
20280005,20284005,25,218,2301.36763836307,0.504714213554833,0.481695430563645,0.0011873354904662,0.000209475189554265,0.2520506034777,0.24709016374014
20280005,20284005,25,219,2300.81271216774,0.504592512383067,0.482321309453727,0.00118323839190864,0.000208752498922827,0.2520506034777,0.24709016374014
20280005,20284005,25,220,2300.2612557512,0.504471572170411,0.482945113886161,0.00117917311945312,0.000208035421677032,0.2520506034777,0.24709016374014
20280005,20284005,25,221,2299.71323223159,0.504351384828284,0.483566857352072,0.00117513930446334,0.000207323892802798,0.2520506034777,0.24709016374014
20280005,20284005,25,222,2299.16860526515,0.504231942386118,0.484186553198492,0.00117113658630508,0.000206617848697178,0.2520506034777,0.24709016374014
20280005,20284005,25,223,2298.62733903444,0.504113236988769,0.484804214632081,0.00116716461205089,0.000205917227116262,0.2520506034777,0.24709016374014
20280005,20284005,25,224,2298.08939823692,0.503995260894019,0.485419854722735,0.00116322303617341,0.000205221967121105,0.2520506034777,0.24709016374014
20280005,20284005,25,225,2297.55474807398,0.503878006470164,0.486033486407068,0.00115931152022886,0.000204532009021902,0.2520506034777,0.24709016374014
20280005,20284005,25,226,2297.02335424034,0.503761466193695,0.486645122491772,0.00115542973253381,0.000203847294320982,0.2520506034777,0.24709016374014
20280005,20284005,25,227,2296.49518291391,0.503645632647068,0.487254775656859,0.0011515773478365,0.000203167765654849,0.2520506034777,0.24709016374014
20280005,20284005,25,228,2295.97020074599,0.503530498516564,0.487862458458772,0.00114775404698599,0.000202493366735824,0.2520506034777,0.24709016374014
20280005,20284005,25,229,2295.44837485196,0.503416056590239,0.488468183333379,0.00114395951660009,0.000201824042293482,0.2520506034777,0.24709016374014
20280005,20284005,25,230,2294.92967280229,0.503302299755953,0.489071962598839,0.00114019344873508,0.000201159738016402,0.2520506034777,0.24709016374014
20280005,20284005,25,231,2294.41406261397,0.503189220999496,0.48967380845835,0.00113645554055843,0.000200500400494449,0.2520506034777,0.24709016374014
20280005,20284005,25,232,2293.90151274231,0.503076813402782,0.490273733002768,0.00113274549402683,0.00019984597716198,0.2520506034777,0.24709016374014
20280005,20284005,25,233,2293.39199207311,0.502965070142141,0.490871748213111,0.00112906301557076,0.000199196416242225,0.2520506034777,0.24709016374014
20280005,20284005,25,234,2292.88546991519,0.502853984486671,0.491467865962931,0.00112540781578764,0.000198551666693155,0.2520506034777,0.24709016374014
20280005,20284005,25,235,2292.38191599324,0.50274354979668,0.492062098020581,0.00112177960914434,0.000197911678155029,0.2520506034777,0.24709016374014
20280005,20284005,25,236,2291.88130044104,0.502633759522188,0.492654456051356,0.0011181781136913,0.000197276400899962,0.2520506034777,0.24709016374014
20280005,20284005,25,237,2291.38359379494,0.502524607201506,0.493244951619513,0.00111460305078804,0.000196645785783523,0.2520506034777,0.24709016374014
20280005,20284005,25,238,2290.88876698767,0.502416086459877,0.493833596190191,0.00111105414484235,0.000196019784198732,0.2520506034777,0.24709016374014
20280005,20284005,25,239,2290.39679134245,0.50230819100818,0.494420401131207,0.00110753112306334,0.00019539834803251,0.2520506034777,0.24709016374014
20280005,20284005,25,240,2289.90763856733,0.502200914641688,0.49500537771475,0.00110403371522895,0.000194781429624675,0.2520506034777,0.24709016374014
20280005,20284005,25,241,2289.42128074977,0.502094251238891,0.495588537118968,0.00110056165346889,0.000194168981729664,0.2520506034777,0.24709016374014
20280005,20284005,25,242,2288.93769035152,0.501988194760358,0.49616989042945,0.00109711467206325,0.000193560957481017,0.2520506034777,0.24709016374014
20280005,20284005,25,243,2288.45684020366,0.501882739247658,0.496749448640613,0.00109369250725717,0.000192957310358687,0.2520506034777,0.24709016374014
20280005,20284005,25,244,2287.97870350183,0.501777878822313,0.497327222656986,0.00109029489709147,0.000192357994159179,0.2520506034777,0.24709016374014
20280005,20284005,25,245,2287.50325380172,0.501673607684804,0.497903223294412,0.00108692158124968,0.000191762962968574,0.2520506034777,0.24709016374014
20280005,20284005,25,246,2287.03046501463,0.501569920113607,0.498477461281149,0.00108357230092136,0.000191172171138418,0.2520506034777,0.24709016374014
20280005,20284005,25,247,2286.56031140327,0.501466810464262,0.499049947258898,0.00108024679868133,0.000190585573264439,0.2520506034777,0.24709016374014
20280005,20284005,25,248,2286.09276757765,0.501364273168473,0.49962069178374,0.00107694481838494,0.000190003124168074,0.2520506034777,0.24709016374014
20280005,20284005,25,249,2285.62780849109,0.501262302733244,0.500189705327004,0.00107366610507882,0.000189424778880728,0.2520506034777,0.24709016374014
20280005,20284005,25,250,2285.16540943638,0.501160893740019,0.500756998276056,0.00107041040492666,0.000188850492630702,0.2520506034777,0.24709016374014
20280005,20284005,25,251,2284.705546042,0.501060040843868,0.501322580935026,0.00106717746514994,0.000188280220832733,0.2520506034777,0.24709016374014
20280005,20284005,25,252,2284.24819426843,0.50095973877267,0.501886463525465,0.00106396703398254,0.000187713919080007,0.2520506034777,0.24709016374014
20280005,20284005,25,253,2283.79333040454,0.500859982326324,0.502448656186943,0.00106077886063936,0.000187151543138619,0.2520506034777,0.24709016374014
20280005,20284005,25,254,2283.34093106402,0.500760766375967,0.503009168977595,0.00105761269529728,0.000186593048944226,0.2520506034777,0.24709016374014
20280005,20284005,25,255,2282.89097318191,0.500662085863207,0.50356801187461,0.00105446828908914,0.000186038392600996,0.2520506034777,0.24709016374014
20280005,20284005,25,256,2282.4434340111,0.500563935799363,0.504125194774675,0.00105134539410867,0.000185487530382482,0.2520506034777,0.24709016374014
20280005,20284005,25,257,2281.99829111887,0.500466311264707,0.504680727494375,0.00104824376342672,0.000184940418734486,0.2520506034777,0.24709016374014
20280005,20284005,25,258,2281.55552238355,0.500369207407719,0.505234619770553,0.00104516315111742,0.000184397014279692,0.2520506034777,0.24709016374014
20280005,20284005,25,259,2281.11510599103,0.500272619444334,0.505786881260636,0.00104210331229353,0.000183857273823899,0.2520506034777,0.24709016374014
20280005,20284005,25,260,2280.6770204314,0.500176542657205,0.506337521542925,0.00103906400315068,0.000183321154363832,0.2520506034777,0.24709016374014
20280005,20284005,25,261,2280.24124449555,0.500080972394948,0.506886550116863,0.001036044981019,0.000182788613096259,0.2520506034777,0.24709016374014
20280005,20284005,25,262,2279.80775727176,0.499985904071402,0.507433976403275,0.00103304600442211,0.000182259607428402,0.2520506034777,0.24709016374014
20280005,20284005,25,263,2279.37653814227,0.499891333164876,0.507979809744586,0.00103006683314178,0.000181734094989348,0.2520506034777,0.24709016374014
20280005,20284005,25,264,2278.94756677987,0.499797255217396,0.508524059405027,0.00102710722828858,0.000181212033642515,0.2520506034777,0.24709016374014
20280005,20284005,25,265,2278.52082314441,0.499703665833948,0.509066734570818,0.0010241669523765,0.000180693381498828,0.2520506034777,0.24709016374014
20280005,20284005,25,266,2278.09628747936,0.499610560681718,0.509607844350349,0.00102124576940217,0.000180178096930685,0.2520506034777,0.24709016374014
20280005,20284005,25,267,2277.67394030833,0.499517935489322,0.510147397774351,0.00101834344492664,0.000179666138586403,0.2520506034777,0.24709016374014
20280005,20284005,25,268,2277.25376243146,0.499425786046034,0.510685403796054,0.00101545974615982,0.000179157465405108,0.2520506034777,0.24709016374014
20280005,20284005,25,269,2276.83573492197,0.499334108201008,0.511221871291353,0.00101259444204667,0.000178652036631946,0.2520506034777,0.24709016374014
20280005,20284005,25,270,2276.41983912251,0.499242897862492,0.51175680905897,0.00100974730335433,0.000178149811833459,0.2520506034777,0.24709016374014
20280005,20284005,25,271,2276.00605664159,0.499152150997038,0.512290225820616,0.00100691810275987,0.000177650750913068,0.2520506034777,0.24709016374014
20280005,20284005,25,272,2275.59436934993,0.499061863628701,0.512822130221161,0.00100410661493763,0.000177154814126479,0.2520506034777,0.24709016374014
20280005,20284005,25,273,2275.18475937679,0.498972031838244,0.513352530828809,0.00100131261664598,0.000176661962096996,0.2520506034777,0.24709016374014
20280005,20284005,25,274,2274.77720910632,0.49888265176232,0.513881436135283,0.000998535886812613,0.00017617215583057,0.2520506034777,0.24709016374014
20280005,20284005,25,275,2274.37170117381,0.498793719592667,0.514408854556016,0.000995776206618211,0.00017568535673056,0.2520506034777,0.24709016374014
20280005,20284005,25,276,2273.96821846197,0.498705231575283,0.514934794430363,0.000993033359577609,0.000175201526612052,0.2520506034777,0.24709016374014
20280005,20284005,25,277,2273.56674409719,0.498617184009608,0.515459264021816,0.000990307131618398,0.000174720627715728,0.2520506034777,0.24709016374014
20280005,20284005,25,278,2273.16726144576,0.498529573247692,0.515982271518242,0.0009875973111562,0.000174242622721151,0.2520506034777,0.24709016374014
20280005,20284005,25,279,2272.7697541101,0.498442395693374,0.516503825032129,0.000984903689166646,0.000173767474759457,0.2520506034777,0.24709016374014
20280005,20284005,25,280,2272.37420592494,0.49835564780144,0.517023932600855,0.00098222605925323,0.000173295147425335,0.2520506034777,0.24709016374014
20280005,20284005,25,281,2271.98060095356,0.498269326076796,0.517542602186974,0.000979564217711354,0.000172825604788319,0.2520506034777,0.24709016374014
20280005,20284005,25,282,2271.58892348394,0.498183427073634,0.518059841678516,0.000976917963587546,0.000172358811403242,0.2520506034777,0.24709016374014
20280005,20284005,25,283,2271.19915802498,0.498097947394588,0.518575658889308,0.000974287098734497,0.000171894732319942,0.2520506034777,0.24709016374014
20280005,20284005,25,284,2270.81128930267,0.498012883689913,0.519090061559317,0.000971671427860877,0.000171433333092053,0.2520506034777,0.24709016374014
20280005,20284005,25,285,2270.42530225634,0.497928232656638,0.519603057355008,0.000969070758576332,0.000170974579784945,0.2520506034777,0.24709016374014
20280005,20284005,25,286,2270.0411820348,0.497843991037745,0.520114653869727,0.000966484901431488,0.000170518438982776,0.2520506034777,0.24709016374014
20280005,20284005,25,287,2269.65891399263,0.497760155621336,0.520624858624093,0.000963913669952467,0.00017006487779459,0.2520506034777,0.24709016374014
20280005,20284005,25,288,2269.27848368638,0.497676723239811,0.521133679066428,0.000961356880670439,0.000169613863859524,0.2520506034777,0.24709016374014
20280005,20284005,25,289,2268.89987687082,0.497593690769043,0.521641122573188,0.000958814353145603,0.000169165365351042,0.2520506034777,0.24709016374014
20280005,20284005,25,290,2268.52307949529,0.497511055127571,0.522147196449422,0.000956285909986174,0.000168719350980283,0.2520506034777,0.24709016374014
20280005,20284005,25,291,2268.14807769995,0.497428813275785,0.522651907929253,0.000953771376861868,0.000168275789998443,0.2520506034777,0.24709016374014
20280005,20284005,25,292,2267.77485781213,0.497346962215127,0.523155264176372,0.00095127058251233,0.000167834652198256,0.2520506034777,0.24709016374014
20280005,20284005,25,293,2267.40340634275,0.497265498987298,0.523657272284549,0.000948783358750376,0.000167395907914575,0.2520506034777,0.24709016374014
20280005,20284005,25,294,2267.03370998269,0.497184420673468,0.524157939278171,0.000946309540460187,0.000166959528024041,0.2520506034777,0.24709016374014
20280005,20284005,25,295,2266.66575559928,0.497103724393503,0.524657272112785,0.000943848965590781,0.000166525483943945,0.2520506034777,0.24709016374014
20280005,20284005,25,296,2266.29953023279,0.497023407305199,0.525155277675665,0.000941401475144472,0.00016609374763018,0.2520506034777,0.24709016374014
20280005,20284005,25,297,2265.93502109297,0.496943466603518,0.525651962786392,0.000938966913161094,0.000165664291574465,0.2520506034777,0.24709016374014
20280005,20284005,25,298,2265.57221555566,0.496863899519848,0.526147334197453,0.000936545126697531,0.000165237088800728,0.2520506034777,0.24709016374014
20280005,20284005,25,299,2265.21110115943,0.496784703321265,0.526641398594842,0.000934135965803223,0.000164812112860791,0.2520506034777,0.24709016374014
20280005,20284005,25,300,2264.85166560227,0.496705875309813,0.52713416259869,0.00093173928349167,0.000164389337829337,0.2520506034777,0.24709016374014
20280005,20284005,25,301,2264.49389673839,0.496627412821787,0.527625632763898,0.000929354935708178,0.000163968738298221,0.2520506034777,0.24709016374014
20280005,20284005,25,302,2264.13778257498,0.49654931322704,0.52811581558078,0.000926982781294201,0.000163550289370181,0.2520506034777,0.24709016374014
20280005,20284005,25,303,2263.78331126913,0.496471573928296,0.528604717475721,0.000924622681948194,0.000163133966651928,0.2520506034777,0.24709016374014
20280005,20284005,25,304,2263.43047112474,0.496394192360476,0.529092344811846,0.000922274502183613,0.000162719746246741,0.2520506034777,0.24709016374014
20280005,20284005,25,305,2263.07925058953,0.496317165990042,0.529578703889689,0.000919938109284263,0.000162307604746582,0.2520506034777,0.24709016374014
20280005,20284005,25,306,2262.72963825207,0.496240492314351,0.53006380094788,0.000917613373256939,0.00016189751922375,0.2520506034777,0.24709016374014
20280005,20284005,25,307,2262.38162283896,0.496164168861025,0.530547642163829,0.000915300166781982,0.00016148946722215,0.2520506034777,0.24709016374014
20280005,20284005,25,308,2262.03519321196,0.496088193187332,0.531030233654427,0.000912998365161759,0.000161083426748207,0.2520506034777,0.24709016374014
20280005,20284005,25,309,2261.69033836531,0.496012562879589,0.531511581476739,0.000910707846267782,0.000160679376261538,0.2520506034777,0.24709016374014
20280005,20284005,25,310,2261.34704742296,0.495937275552566,0.531991691628711,0.000908428490485922,0.000160277294665282,0.2520506034777,0.24709016374014
20280005,20284005,25,311,2261.00530963603,0.49586232884892,0.532470570049877,0.000906160180660767,0.00015987716129629,0.2520506034777,0.24709016374014
20280005,20284005,25,312,2260.66511438021,0.495787720438629,0.532948222622064,0.000903902802038987,0.000159478955915127,0.2520506034777,0.24709016374014
20280005,20284005,25,313,2260.32645115333,0.495713448018452,0.533424655170104,0.000901656242212108,0.000159082658695981,0.2520506034777,0.24709016374014
20280005,20284005,25,314,2259.98930957285,0.495639509311394,0.533899873462547,0.000899420391058709,0.000158688250216462,0.2520506034777,0.24709016374014
20280005,20284005,25,315,2259.6536793736,0.495565902066191,0.534373883212367,0.000897195140686547,0.000158295711447395,0.2520506034777,0.24709016374014
20280005,20284005,25,316,2259.3195504054,0.495492624056802,0.534846690077672,0.000894980385374719,0.000157905023742612,0.2520506034777,0.24709016374014
20280005,20284005,25,317,2258.98691263089,0.495419673081928,0.535318299662413,0.000892776021516006,0.000157516168828786,0.2520506034777,0.24709016374014
20280005,20284005,25,318,2258.6557561233,0.495347046964524,0.535788717517086,0.00089058194755972,0.000157129128795342,0.2520506034777,0.24709016374014
20280005,20284005,25,319,2258.32607106438,0.495274743551346,0.536257949139439,0.000888398063955199,0.000156743886084493,0.2520506034777,0.24709016374014
20280005,20284005,25,320,2257.99784774234,0.495202760712493,0.536725999975161,0.000886224273096121,0.000156360423481417,0.2520506034777,0.24709016374014
20280005,20284005,30,10,4822.2111055975,1,0.29641806749689,NaN,NaN,0.252058899518356,0.24709016374014
20280005,20284005,30,11,3866.62871182538,0.801837295620901,0.267017185764262,0.0616073883473396,0.0109539002321887,0.252058899518356,0.24709016374014
20280005,20284005,30,12,3460.40400212099,0.717596954248693,0.250659077622524,0.0396477524693984,0.00702465206103388,0.252058899518356,0.24709016374014
20280005,20284005,30,13,3221.19970902289,0.667992262985709,0.24060883127307,0.0305250040009942,0.00539938484002264,0.252058899518356,0.24709016374014
20280005,20284005,30,14,3061.39458813095,0.63485287580574,0.23439237199989,0.0250948344499437,0.00443461025836322,0.252058899518356,0.24709016374014
20280005,20284005,30,15,2944.92911131284,0.610700993138694,0.230676338565407,0.0215043302183525,0.00379783767652085,0.252058899518356,0.24709016374014
20280005,20284005,30,16,2854.2907029352,0.591904966504267,0.228666876171711,0.0189760412628851,0.0033499957461281,0.252058899518356,0.24709016374014
20280005,20284005,30,17,2780.34771280501,0.576571131358735,0.227863839792765,0.0170863383296438,0.00301556798774805,0.252058899518356,0.24709016374014
20280005,20284005,30,18,2718.04130111318,0.563650417120507,0.227935691915254,0.0155984599043934,0.00275243546820938,0.252058899518356,0.24709016374014
20280005,20284005,30,19,2664.36688407528,0.552519751983183,0.228652832610358,0.014380772457511,0.00253720453304274,0.252058899518356,0.24709016374014
20280005,20284005,30,20,2617.41339265743,0.542782830394796,0.229850982204236,0.0133538055973538,0.00235576417864477,0.252058899518356,0.24709016374014
20280005,20284005,30,21,2575.89023268614,0.534172017001934,0.231409598409676,0.012466477690872,0.00219905111582155,0.252058899518356,0.24709016374014
20280005,20284005,30,22,2538.87883388123,0.526496824441004,0.233238327826934,0.0116854040799885,0.00206114492072138,0.252058899518356,0.24709016374014
20280005,20284005,30,23,2505.69546056094,0.519615463879711,0.235268229723354,0.0109879341616852,0.00193803025562834,0.252058899518356,0.24709016374014
20280005,20284005,30,24,2475.81054848196,0.51341811759508,0.237445923174607,0.0103582807968141,0.00182690915875114,0.252058899518356,0.24709016374014
20280005,20284005,30,25,2448.79768942944,0.50781635971659,0.239729594924592,0.00978573384575474,0.00172588331618772,0.252058899518356,0.24709016374014
20280005,20284005,30,26,2424.30107713505,0.502736405364125,0.242086256697372,0.00926325338757213,0.00163370445118423,0.252058899518356,0.24709016374014
20280005,20284005,30,27,2402.01644376615,0.498115157376239,0.244489828447127,0.0087858276168795,0.00154948381832262,0.252058899518356,0.24709016374014
20280005,20284005,30,28,2381.680774968,0.493898073479903,0.246919732214985,0.00834919125438183,0.00147246564422827,0.252058899518356,0.24709016374014
20280005,20284005,30,29,2363.06629541351,0.490037919051392,0.249359798009345,0.00794929064005004,0.00140193244648584,0.252058899518356,0.24709016374014
20280005,20284005,30,30,2345.97589856068,0.486493819367951,0.251797382199947,0.00758228283405006,0.00133720462136777,0.252058899518356,0.24709016374014
20280005,20284005,30,31,2330.23895373641,0.483230390107045,0.254222654552213,0.00724469358758199,0.00127766810785347,0.252058899518356,0.24709016374014
20280005,20284005,30,32,2315.70738364905,0.480216923925425,0.256628029255558,0.00693351344567513,0.0012227911902709,0.252058899518356,0.24709016374014
20280005,20284005,30,33,2302.25216562011,0.47742666490642,0.259007717143037,0.0066461926993824,0.00117212350291872,0.252058899518356,0.24709016374014
20280005,20284005,30,34,2289.76036578853,0.474836193531766,0.261357375056156,0.0063805738549875,0.00112528404547527,0.252058899518356,0.24709016374014
20280005,20284005,30,35,2278.13272040941,0.472424925106455,0.263673829440698,0.00613480169917325,0.00108194526859829,0.252058899518356,0.24709016374014
20280005,20284005,30,36,2267.28170622943,0.470174709605233,0.265954854847099,0.00590723661112533,0.00104181774722182,0.252058899518356,0.24709016374014
20280005,20284005,30,37,2257.13000121694,0.468069512468445,0.268198992726132,0.00569638660257057,0.00100463816747359,0.252058899518356,0.24709016374014
20280005,20284005,30,38,2247.60922843809,0.466095154114908,0.270405400551558,0.00550086452161327,0.000970161759213639,0.252058899518356,0.24709016374014
20280005,20284005,30,39,2238.65889324745,0.464239089543149,0.272573725034322,0.00531936838280011,0.000938158812639374,0.252058899518356,0.24709016374014
20280005,20284005,30,40,2230.22545304443,0.462490215423302,0.274703995660042,0.00515067760199067,0.000908414003758406,0.252058899518356,0.24709016374014
20280005,20284005,30,41,2222.26148619664,0.460838697753629,0.276796536081446,0.0049936568563675,0.000880727067361835,0.252058899518356,0.24709016374014
20280005,20284005,30,42,2214.72494550091,0.459275817047933,0.278851891389446,0.0048472610273707,0.000854913662921117,0.252058899518356,0.24709016374014
20280005,20284005,30,43,2207.57849109122,0.457793829998177,0.280870769364405,0.00471053744023388,0.000830805765135704,0.252058899518356,0.24709016374014
20280005,20284005,30,44,2200.78890050778,0.456385847138288,0.282853993766104,0.00458262413434024,0.00080825135555682,0.252058899518356,0.24709016374014
20280005,20284005,30,45,2194.32655279926,0.455045725860516,0.284802467718749,0.00446274460442918,0.000787113492648552,0.252058899518356,0.24709016374014
20280005,20284005,30,46,2188.16498146165,0.453767977706675,0.286717145342191,0.00435020026951301,0.000767268981757525,0.252058899518356,0.24709016374014
20280005,20284005,30,47,2182.28048916997,0.452547688473621,0.288599009965436,0.00424436205412245,0.000748606889028777,0.252058899518356,0.24709016374014
20280005,20284005,30,48,2176.65181626016,0.451380449465092,0.290449057499306,0.00414466218886427,0.000731027094370334,0.252058899518356,0.24709016374014
20280005,20284005,30,49,2171.25985484677,0.450262298207233,0.292268283803365,0.00405058690694461,0.000714439002702482,0.252058899518356,0.24709016374014
20280005,20284005,30,50,2166.08740110985,0.449189667079385,0.294057675127661,0.00396167030432018,0.000698760460621675,0.252058899518356,0.24709016374014
20280005,20284005,30,51,2161.11893934393,0.448159338531521,0.295818200923516,0.00387748933328829,0.000683916873099817,0.252058899518356,0.24709016374014
20280005,20284005,30,52,2156.34045255008,0.447168405806011,0.297550808491601,0.00379765973434624,0.000669840485759108,0.252058899518356,0.24709016374014
20280005,20284005,30,53,2151.73925546359,0.446214238311946,0.299256419069894,0.00372183265783977,0.000656469788872173,0.252058899518356,0.24709016374014
20280005,20284005,30,54,2147.3038468368,0.445294450992463,0.300935925063625,0.00364969174629566,0.000643749002662483,0.252058899518356,0.24709016374014
20280005,20284005,30,55,2143.0237785048,0.44440687717243,0.302590188190781,0.00358095050234717,0.000631627613011692,0.252058899518356,0.24709016374014
20280005,20284005,30,56,2138.88953927085,0.443549544479312,0.304220038367124,0.00351534982831265,0.00062005993746936,0.252058899518356,0.24709016374014
20280005,20284005,30,57,2134.89245199611,0.442720653502287,0.305826273189987,0.00345265567652721,0.000609004710817566,0.252058899518356,0.24709016374014
20280005,20284005,30,58,2131.02458251142,0.441918558902943,0.307409657905243,0.0033926567886823,0.000598424686350322,0.252058899518356,0.24709016374014
20280005,20284005,30,59,2127.27865912551,0.441141752723396,0.308970925760257,0.0033351625274554,0.000588286253443124,0.252058899518356,0.24709016374014
20280005,20284005,30,60,2123.6480016147,0.440388849660609,0.310510778659954,0.00328000081678964,0.000578559074295304,0.252058899518356,0.24709016374014
20280005,20284005,30,61,2120.12645866475,0.439658574093481,0.312029888054848,0.00322701621114801,0.000569215743427772,0.252058899518356,0.24709016374014
20280005,20284005,30,62,2116.70835281133,0.438949748664944,0.313528896000101,0.00317606811169411,0.000560231473100652,0.252058899518356,0.24709016374014
20280005,20284005,30,63,2113.38843199858,0.43826128423648,0.315008416333891,0.00312702914115824,0.000551583806723299,0.252058899518356,0.24709016374014
20280005,20284005,30,64,2110.1618269506,0.437592171048086,0.316469035931712,0.00307978368130976,0.000543252360946892,0.252058899518356,0.24709016374014
20280005,20284005,30,65,2107.02401362849,0.436941470932849,0.317911316000908,0.0030342265692387,0.000535218595768763,0.252058899518356,0.24709016374014
20280005,20284005,30,66,2103.97078012511,0.436308310451791,0.319335793386546,0.00299026194230971,0.000527465610859494,0.252058899518356,0.24709016374014
20280005,20284005,30,67,2100.99819742799,0.435691874830863,0.320742981865746,0.00294780221739417,0.000519977965573099,0.252058899518356,0.24709016374014
20280005,20284005,30,68,2098.1025935555,0.435091402597466,0.322133373412746,0.00290676718799708,0.000512741519749911,0.252058899518356,0.24709016374014
20280005,20284005,30,69,2095.28053063956,0.434506180828005,0.323507439421292,0.00286708322293685,0.000505743292429231,0.252058899518356,0.24709016374014
20280005,20284005,30,70,2092.52878458867,0.433935540930531,0.324865631874574,0.00282868255180204,0.000498971335865227,0.252058899518356,0.24709016374014
20280005,20284005,30,71,2089.84432701644,0.433378854897208,0.326208384455851,0.00279150262488264,0.00049241462267589,0.252058899518356,0.24709016374014
20280005,20284005,30,72,2087.22430916418,0.432835531970258,0.327536113595348,0.00275548553805536,0.000486062944445682,0.252058899518356,0.24709016374014
20280005,20284005,30,73,2084.66604758057,0.432305015672321,0.328849219450975,0.00272057751571779,0.000479906820563922,0.252058899518356,0.24709016374014
20280005,20284005,30,74,2082.16701135061,0.431786781158062,0.330148086822057,0.00268672844699575,0.000473937416456571,0.252058899518356,0.24709016374014
20280005,20284005,30,75,2079.72481068874,0.431280332848689,0.331433085996631,0.00265389147194277,0.000468146470632767,0.252058899518356,0.24709016374014
20280005,20284005,30,76,2077.33718673074,0.430785202315059,0.33270457353397,0.00262202261530458,0.000462526230118117,0.252058899518356,0.24709016374014
20280005,20284005,30,77,2075.00200237571,0.430300946378541,0.333962892984896,0.00259108046572084,0.000457069393899585,0.252058899518356,0.24709016374014
20280005,20284005,30,78,2072.71723404428,0.429827145401892,0.335208375553206,0.00256102589813031,0.000451769063988066,0.252058899518356,0.24709016374014
20280005,20284005,30,79,2070.48096423334,0.429363401745306,0.33644134070204,0.00253182183678947,0.00044661870364202,0.252058899518356,0.24709016374014
20280005,20284005,30,80,2068.29137476059,0.428909338365501,0.337662096709447,0.0025034330558562,0.000441612102214596,0.252058899518356,0.24709016374014
20280005,20284005,30,81,2066.14674060478,0.428464597538348,0.338870941177601,0.00247582601404402,0.000436743346008066,0.252058899518356,0.24709016374014
20280005,20284005,30,82,2064.04542425951,0.428028839688005,0.34006816150024,0.00244896871949764,0.000432006794456775,0.252058899518356,0.24709016374014
20280005,20284005,30,83,2061.98587052996,0.427601742307893,0.341254035292853,0.00242283062082343,0.000427397060921531,0.252058899518356,0.24709016374014
20280005,20284005,30,84,2059.96660171248,0.427182998961062,0.34242883079,0.00239738252014316,0.000422908997366871,0.252058899518356,0.24709016374014
20280005,20284005,30,85,2057.98621310655,0.426772318349499,0.343592807213935,0.00237259650412427,0.000418537682207559,0.252058899518356,0.24709016374014
20280005,20284005,30,86,2056.0433688178,0.426369423443781,0.344746215118386,0.00234844588915242,0.000414278410648197,0.252058899518356,0.24709016374014
20280005,20284005,30,87,2054.13679781822,0.425974050666058,0.345889296711032,0.00232490517713052,0.000410126686895957,0.252058899518356,0.24709016374014
20280005,20284005,30,88,2052.26529023647,0.425585949120777,0.347022286157813,0.00230195001878011,0.000406078217695548,0.252058899518356,0.24709016374014
20280005,20284005,30,89,2050.42769385716,0.425204879868714,0.348145409871835,0.00227955718176014,0.000402128906712945,0.252058899518356,0.24709016374014
20280005,20284005,30,90,2048.62291081226,0.424830615240852,0.349258886789251,0.00225770452137807,0.000398274849375555,0.252058899518356,0.24709016374014
20280005,20284005,30,91,2046.84989445172,0.424462938189451,0.350362928634095,0.00223637095212459,0.000394512327856929,0.252058899518356,0.24709016374014
20280005,20284005,30,92,2045.10764638354,0.424101641674216,0.351457740173699,0.00221553641870049,0.000390837805971313,0.252058899518356,0.24709016374014
20280005,20284005,30,93,2043.39521367515,0.423746528081946,0.352543519466001,0.00219518186560638,0.000387247923814161,0.252058899518356,0.24709016374014
20280005,20284005,30,94,2041.71168621,0.423397408678361,0.353620458099714,0.00217528920472225,0.000383739492047646,0.252058899518356,0.24709016374014
20280005,20284005,30,95,2040.05619419401,0.423054103090999,0.354688741428104,0.00215584128060922,0.000380309485784016,0.252058899518356,0.24709016374014
20280005,20284005,30,96,2038.42790580705,0.422716438822203,0.355748548796845,0.00213682183351821,0.000376955038064173,0.252058899518356,0.24709016374014
20280005,20284005,30,97,2036.8260249951,0.422384250791262,0.356800053766268,0.00211821546028629,0.000373673432963382,0.252058899518356,0.24709016374014
20280005,20284005,30,98,2035.2497893984,0.422057380904774,0.357843424328132,0.00210000757344853,0.000370462098381998,0.252058899518356,0.24709016374014
20280005,20284005,30,99,2033.6984684111,0.421735677654268,0.358878823116921,0.00208218435899139,0.000367318598596385,0.252058899518356,0.24709016374014
20280005,20284005,30,100,2032.17136136743,0.421418995740053,0.359906407615617,0.00206473273323228,0.00036424062665554,0.252058899518356,0.24709016374014
20280005,20284005,30,101,2030.66779584914,0.421107195720235,0.36092633035576,0.00204764029933225,0.000361225996712855,0.252058899518356,0.24709016374014
20280005,20284005,30,102,2029.18712610872,0.420800143683733,0.361938739111657,0.00203089530394411,0.000358272636381667,0.252058899518356,0.24709016374014
20280005,20284005,30,103,2027.72873160267,0.420497710946113,0.362943777088507,0.00201448659447125,0.000355378579198409,0.252058899518356,0.24709016374014
20280005,20284005,30,104,2026.29201562871,0.420199773766985,0.36394158310426,0.00199840357736998,0.000352541957269726,0.252058899518356,0.24709016374014
20280005,20284005,30,105,2024.87640406087,0.419906213087693,0.364932291765021,0.00198263617787491,0.000349760994170534,0.252058899518356,0.24709016374014
20280005,20284005,30,106,2023.48134417612,0.419616914287995,0.365916033633855,0.00196717480146807,0.000347033998149565,0.252058899518356,0.24709016374014
20280005,20284005,30,107,2022.10630356644,0.419331766960436,0.366892935392865,0.00195201029735092,0.000344359355688127,0.252058899518356,0.24709016374014
20280005,20284005,30,108,2020.75076912987,0.419050664701144,0.367863119998479,0.00193713392411712,0.000341735525446993,0.252058899518356,0.24709016374014
20280005,20284005,30,109,2019.41424613476,0.418773504915759,0.368826706829916,0.00192253731776563,0.000339161032626026,0.252058899518356,0.24709016374014
20280005,20284005,30,110,2018.09625735109,0.418500188639301,0.369783811830857,0.00190821246213921,0.000336634463751554,0.252058899518356,0.24709016374014
20280005,20284005,30,111,2016.79634224325,0.418230620368777,0.370734547644371,0.00189415166182356,0.000334154461897725,0.252058899518356,0.24709016374014
20280005,20284005,30,112,2015.51405621898,0.417964707907421,0.371679023741241,0.00188034751749846,0.000331719722340287,0.252058899518356,0.24709016374014
20280005,20284005,30,113,2014.24896992915,0.417702362219493,0.372617346541805,0.001866792903694,0.00032932898863456,0.252058899518356,0.24709016374014
20280005,20284005,30,114,2013.00066861374,0.417443497294653,0.373549619531545,0.001853480948872,0.000326981049103472,0.252058899518356,0.24709016374014
20280005,20284005,30,115,2011.76875148955,0.417188030020989,0.374475943370612,0.0018404050177262,0.000324674733716912,0.252058899518356,0.24709016374014
20280005,20284005,30,116,2010.55283117549,0.416935880065825,0.375396415997564,0.00182755869557274,0.00032240891133972,0.252058899518356,0.24709016374014
20280005,20284005,30,117,2009.35253315165,0.416686969763569,0.376311132727584,0.00181493577468637,0.000320182487322826,0.252058899518356,0.24709016374014
20280005,20284005,30,118,2008.16749524888,0.416441224009843,0.377220186345469,0.00180253024242451,0.000317994401409696,0.252058899518356,0.24709016374014
20280005,20284005,30,119,2006.99736716567,0.41619857016131,0.378123667193696,0.00179033627097548,0.00031584362592919,0.252058899518356,0.24709016374014
20280005,20284005,30,120,2005.84181000962,0.415958937940582,0.379021663255869,0.0017783482085615,0.000313729164244977,0.252058899518356,0.24709016374014
20280005,20284005,30,121,2004.7004958611,0.415722259345738,0.379914260235876,0.00176656057192745,0.000311650049431685,0.252058899518356,0.24709016374014
20280005,20284005,30,122,2003.57310735696,0.415488468563988,0.38080154163304,0.00175496803994913,0.000309605343148461,0.252058899518356,0.24709016374014
20280005,20284005,30,123,2002.45933729234,0.41525750188911,0.381683588813592,0.00174356544819932,0.000307594134681412,0.252058899518356,0.24709016374014
20280005,20284005,30,124,2001.35888823908,0.415029297642311,0.382560481078749,0.00173234778431809,0.000305615540127859,0.252058899518356,0.24709016374014
20280005,20284005,30,125,2000.27147217936,0.414803796096254,0.383432295729673,0.00172131018404225,0.000303668701696801,0.252058899518356,0.24709016374014
20280005,20284005,30,126,1999.19681015324,0.414580939401973,0.384299108129592,0.00171044792776089,0.000301752787102106,0.252058899518356,0.24709016374014
20280005,20284005,30,127,1998.13463191939,0.414360671518509,0.385160991763317,0.00169975643747426,0.00029986698902682,0.252058899518356,0.24709016374014
20280005,20284005,30,128,1997.08467562796,0.414142938145075,0.386018018294401,0.00168923127404751,0.000298010524639403,0.252058899518356,0.24709016374014
20280005,20284005,30,129,1996.04668750504,0.413927686655625,0.386870257620138,0.00167886813466244,0.000296182635144869,0.252058899518356,0.24709016374014
20280005,20284005,30,130,1995.02042154816,0.413714866035706,0.38771777792461,0.00166866285038509,0.00029438258535629,0.252058899518356,0.24709016374014
20280005,20284005,30,131,1994.00563923242,0.413504426821511,0.388560645729935,0.00165861138377888,0.000292609663274302,0.252058899518356,0.24709016374014
20280005,20284005,30,132,1993.00210922674,0.413296321041049,0.389398925945893,0.00164870982650669,0.000290863179664603,0.252058899518356,0.24709016374014
20280005,20284005,30,133,1992.00960712018,0.413090502157383,0.390232681918046,0.00163895439687707,0.000289142467625567,0.252058899518356,0.24709016374014
20280005,20284005,30,134,1991.02791515789,0.41288692501387,0.391061975474468,0.00162934143730122,0.00028744688214007,0.252058899518356,0.24709016374014
20280005,20284005,30,135,1990.05682198657,0.412685545781386,0.391886866971198,0.00161986741163787,0.00028577579960751,0.252058899518356,0.24709016374014
20280005,20284005,30,136,1989.09612240933,0.412486321907482,0.392707415336485,0.00161052890241315,0.000284128617353741,0.252058899518356,0.24709016374014
20280005,20284005,30,137,1988.14561714964,0.412289212067437,0.393523678113895,0.00160132260791012,0.000282504753117977,0.252058899518356,0.24709016374014
20280005,20284005,30,138,1987.20511262438,0.412094176117194,0.394335711504338,0.00159224533913035,0.000280903644517117,0.252058899518356,0.24709016374014
20280005,20284005,30,139,1986.27442072574,0.411901175048127,0.395143570407057,0.00158329401663622,0.000279324748488986,0.252058899518356,0.24709016374014
20280005,20284005,30,140,1985.3533586118,0.411710170943626,0.3959473084596,0.00157446566728685,0.000277767540716793,0.252058899518356,0.24709016374014
20280005,20284005,30,141,1984.44174850574,0.411521126937444,0.396746978076823,0.00156575742088454,0.000276231515037789,0.252058899518356,0.24709016374014
20280005,20284005,30,142,1983.53941750337,0.411334007173789,0.397542630488905,0.00155716650675139,0.000274716182839589,0.252058899518356,0.24709016374014
20280005,20284005,30,143,1982.64619738881,0.411148776769106,0.398334315778418,0.00154869025025782,0.000273221072447982,0.252058899518356,0.24709016374014
20280005,20284005,30,144,1981.76192445824,0.410965401775518,0.399122082916433,0.00154032606932374,0.000271745728509923,0.252058899518356,0.24709016374014
20280005,20284005,30,145,1980.88643935127,0.410783849145863,0.399905979797673,0.0015320714709156,0.00027028971137577,0.252058899518356,0.24709016374014
20280005,20284005,30,146,1980.01958688989,0.410604086700296,0.400686053274713,0.0015239240475595,0.000268852596484343,0.252058899518356,0.24709016374014
20280005,20284005,30,147,1979.16121592464,0.410426083094387,0.401462349191218,0.0015158814738908,0.000267433973754432,0.252058899518356,0.24709016374014
20280005,20284005,30,148,1978.31117918781,0.410249807788679,0.402234912414223,0.00150794150325797,0.000266033446985836,0.252058899518356,0.24709016374014
20280005,20284005,30,149,1977.46933315333,0.410075231019631,0.403003786865442,0.00150010196439689,0.000264650633272845,0.252058899518356,0.24709016374014
20280005,20284005,30,150,1976.63553790308,0.4099023237719,0.403769015551614,0.00149236075818937,0.000263285162432568,0.252058899518356,0.24709016374014
20280005,20284005,30,151,1975.80965699949,0.409731057751914,0.40453064059388,0.00148471585451732,0.000261936676450125,0.252058899518356,0.24709016374014
20280005,20284005,30,152,1974.99155736388,0.409561405362648,0.405288703256189,0.00147716528922118,0.000260604828942229,0.252058899518356,0.24709016374014
20280005,20284005,30,153,1974.18110916055,0.409393339679585,0.406043243972742,0.00146970716116985,0.000259289284640436,0.252058899518356,0.24709016374014
20280005,20284005,30,154,1973.37818568612,0.409226834427774,0.406794302374476,0.00146233962944615,0.00025798971889476,0.252058899518356,0.24709016374014
20280005,20284005,30,155,1972.58266326406,0.409061863959944,0.407541917314589,0.00145506091065006,0.000256705817198085,0.252058899518356,0.24709016374014
20280005,20284005,30,156,1971.79442114391,0.408898403235624,0.408286126893128,0.00144786927632066,0.000255437274731485,0.252058899518356,0.24709016374014
20280005,20284005,30,157,1971.01334140523,0.408736427801206,0.409026968480646,0.00144076305047569,0.000254183795930314,0.252058899518356,0.24709016374014
20280005,20284005,30,158,1970.23930886572,0.408575913770909,0.409764478740936,0.0014337406072658,0.000252945094070518,0.252058899518356,0.24709016374014
20280005,20284005,30,159,1969.47221099361,0.408416837808593,0.41049869365287,0.00142680036874123,0.000251720890874763,0.252058899518356,0.24709016374014
20280005,20284005,30,160,1968.71193782382,0.408259177110389,0.411229648531357,0.00141994080272543,0.000250510916137452,0.252058899518356,0.24709016374014
20280005,20284005,30,161,1967.95838187785,0.40810290938808,0.411957378047435,0.00141316042079161,0.000249314907367875,0.252058899518356,0.24709016374014
20280005,20284005,30,162,1967.21143808721,0.407948012853215,0.412681916247527,0.00140645777633697,0.0002481326094506,0.252058899518356,0.24709016374014
20280005,20284005,30,163,1966.47100372003,0.407794466201906,0.413403296571882,0.00139983146274896,0.000246963774322091,0.252058899518356,0.24709016374014
20280005,20284005,30,164,1965.736978311,0.407642248600277,0.414121551872223,0.00139328011165869,0.000245808160662698,0.252058899518356,0.24709016374014
20280005,20284005,30,165,1965.00926359404,0.407491339670531,0.414836714428631,0.00138680239127614,0.000244665533603072,0.252058899518356,0.24709016374014
20280005,20284005,30,166,1964.28776343806,0.407341719477598,0.415548815965687,0.00138039700480224,0.000243535664444147,0.252058899518356,0.24709016374014
20280005,20284005,30,167,1963.57238378518,0.407193368516345,0.416257887667906,0.00137406268891353,0.000242418330389907,0.252058899518356,0.24709016374014
20280005,20284005,30,168,1962.86303259164,0.407046267699312,0.416963960194486,0.00136779821231503,0.000241313314292197,0.252058899518356,0.24709016374014
20280005,20284005,30,169,1962.15961977108,0.406900398344953,0.417667063693391,0.00136160237435776,0.000240220404406931,0.252058899518356,0.24709016374014
20280005,20284005,30,170,1961.46205714014,0.406755742166352,0.418367227814818,0.00135547400371798,0.000239139394161179,0.252058899518356,0.24709016374014
20280005,20284005,30,171,1960.77025836621,0.406612281260395,0.419064481724047,0.00134941195713469,0.000238070081930541,0.252058899518356,0.24709016374014
20280005,20284005,30,172,1960.08413891738,0.406469998097379,0.419758854113726,0.0013434151182038,0.000237012270826498,0.252058899518356,0.24709016374014
20280005,20284005,30,173,1959.40361601423,0.406328875511029,0.420450373215597,0.00133748239622648,0.000235965768493337,0.252058899518356,0.24709016374014
20280005,20284005,30,174,1958.72860858366,0.406188896688909,0.421139066811709,0.0013316127251103,0.000234930386914367,0.252058899518356,0.24709016374014
20280005,20284005,30,175,1958.05903721439,0.406050045163208,0.421824962245124,0.00132580506232186,0.000233905942227231,0.252058899518356,0.24709016374014
20280005,20284005,30,176,1957.3948241143,0.405912304801878,0.422508086430153,0.00132005838788958,0.000232892254548054,0.252058899518356,0.24709016374014
20280005,20284005,30,177,1956.73589306926,0.405775659800114,0.423188465862148,0.0013143717034559,0.000231889147804301,0.252058899518356,0.24709016374014
20280005,20284005,30,178,1956.08216940367,0.405640094672151,0.42386612662686,0.0013087440313781,0.000230896449576233,0.252058899518356,0.24709016374014
20280005,20284005,30,179,1955.4335799423,0.405505594243371,0.424541094409403,0.00130317441387688,0.000229913990946742,0.252058899518356,0.24709016374014
20280005,20284005,30,180,1954.79005297366,0.405372143642693,0.425213394502825,0.00129766191223194,0.000228941606359525,0.252058899518356,0.24709016374014
20280005,20284005,30,181,1954.15151821465,0.405239728295246,0.425883051816338,0.00129220560602403,0.000227979133485416,0.252058899518356,0.24709016374014
20280005,20284005,30,182,1953.51790677642,0.405108333915291,0.426550090883184,0.00128680459242243,0.00022702641309674,0.252058899518356,0.24709016374014
20280005,20284005,30,183,1952.88915113148,0.4049779464994,0.427214535868205,0.0012814579855169,0.000226083288949522,0.252058899518356,0.24709016374014
20280005,20284005,30,184,1952.2651850819,0.40484855231986,0.427876410575092,0.00127616491569346,0.000225149607673409,0.252058899518356,0.24709016374014
20280005,20284005,30,185,1951.6459437286,0.404720137918304,0.428535738453362,0.00127092452905233,0.000224225218669034,0.252058899518356,0.24709016374014
20280005,20284005,30,186,1951.03136344156,0.404592690099538,0.429192542605062,0.00126573598686709,0.000223309974012652,0.252058899518356,0.24709016374014
20280005,20284005,30,187,1950.4213818311,0.404466195925579,0.429846845791226,0.00126059846508359,0.000222403728367782,0.252058899518356,0.24709016374014
20280005,20284005,30,188,1949.81593771996,0.404340642709869,0.430498670438093,0.00125551115385675,0.000221506338903535,0.252058899518356,0.24709016374014
20280005,20284005,30,189,1949.21497111623,0.40421601801166,0.431148038643108,0.00125047325712404,0.000220617665219407,0.252058899518356,0.24709016374014
20280005,20284005,30,190,1948.61842318711,0.404092309630576,0.431794972180713,0.00124548399221334,0.000219737569276141,0.252058899518356,0.24709016374014
20280005,20284005,30,191,1948.02623623339,0.403969505601315,0.432439492507947,0.00124054258948358,0.000218865915332359,0.252058899518356,0.24709016374014
20280005,20284005,30,192,1947.43835366467,0.40384759418851,0.433081620769868,0.00123564829199606,0.00021800256988662,0.252058899518356,0.24709016374014
20280005,20284005,30,193,1946.85471997515,0.40372656388172,0.433721377804795,0.00123080035521439,0.000217147401624519,0.252058899518356,0.24709016374014
20280005,20284005,30,194,1946.2752807202,0.403606403390554,0.434358784149407,0.00122599804673097,0.000216300281370451,0.252058899518356,0.24709016374014
20280005,20284005,30,195,1945.69998249337,0.40348710163992,0.434993860043684,0.00122124064601795,0.000215461082043725,0.252058899518356,0.24709016374014
20280005,20284005,30,196,1945.12877290408,0.403368647765384,0.435626625435715,0.00121652744420058,0.000214629678618597,0.252058899518356,0.24709016374014
20280005,20284005,30,197,1944.56160055577,0.40325103110865,0.436257099986378,0.00121185774385081,0.000213805948087885,0.252058899518356,0.24709016374014
20280005,20284005,30,198,1943.99841502459,0.403134241213133,0.4368853030739,0.00120723085879919,0.000212989769429818,0.252058899518356,0.24709016374014
20280005,20284005,30,199,1943.43916683855,0.403018267819644,0.437511253798307,0.00120264611396321,0.000212181023577772,0.252058899518356,0.24709016374014
20280005,20284005,30,200,1942.88380745718,0.40290310086216,0.438134970985767,0.00119810284518999,0.000211379593392541,0.252058899518356,0.24709016374014
20280005,20284005,30,201,1942.33228925153,0.402788730463692,0.438756473192846,0.00119360039911184,0.000210585363636888,0.252058899518356,0.24709016374014
20280005,20284005,30,202,1941.78456548473,0.402675146932235,0.439375778710663,0.00118913813301274,0.000209798220951997,0.252058899518356,0.24709016374014
20280005,20284005,30,203,1941.24059029281,0.402562340756808,0.439992905568966,0.00118471541470447,0.000209018053835657,0.252058899518356,0.24709016374014
20280005,20284005,30,204,1940.700318666,0.402450302603568,0.440607871540138,0.00118033162241073,0.000208244752621827,0.252058899518356,0.24709016374014
20280005,20284005,30,205,1940.16370643042,0.402339023312008,0.441220694143116,0.00117598614465818,0.000207478209461445,0.252058899518356,0.24709016374014
20280005,20284005,30,206,1939.63071023002,0.402228493891225,0.441831390647254,0.00117167838017294,0.000206718318304173,0.252058899518356,0.24709016374014
20280005,20284005,30,207,1939.10128750903,0.402118705516267,0.442439978076115,0.00116740773778168,0.000205964974880983,0.252058899518356,0.24709016374014
20280005,20284005,30,208,1938.57539649462,0.402009649524545,0.443046473211211,0.00116317363631651,0.00020521807668738,0.252058899518356,0.24709016374014
20280005,20284005,30,209,1938.05299617996,0.40190131741232,0.443650892595681,0.00115897550452238,0.000204477522967096,0.252058899518356,0.24709016374014
20280005,20284005,30,210,1937.5340463076,0.401793700831255,0.444253252537917,0.00115481278096686,0.000203743214696179,0.252058899518356,0.24709016374014
20280005,20284005,30,211,1937.01850735316,0.40168679158503,0.444853569115146,0.00115068491395108,0.000203015054567306,0.252058899518356,0.24709016374014
20280005,20284005,30,212,1936.50634050934,0.401580581626029,0.445451858176957,0.00114659136142207,0.000202292946974328,0.252058899518356,0.24709016374014
20280005,20284005,30,213,1935.99750767022,0.401475063052085,0.446048135348796,0.00114253159088521,0.000201576797996841,0.252058899518356,0.24709016374014
20280005,20284005,30,214,1935.49197141588,0.401370228103289,0.446642416035403,0.00113850507931723,0.000200866515384856,0.252058899518356,0.24709016374014
20280005,20284005,30,215,1934.98969499731,0.401266069158859,0.447234715424221,0.00113451131307892,0.000200162008543405,0.252058899518356,0.24709016374014
20280005,20284005,30,216,1934.49064232158,0.401162578734072,0.447825048488763,0.00113054978782772,0.000199463188517144,0.252058899518356,0.24709016374014
20280005,20284005,30,217,1933.99477793736,0.401059749477252,0.448413429991941,0.0011266200084298,0.00019876996797485,0.252058899518356,0.24709016374014
20280005,20284005,30,218,1933.50206702067,0.40095757416682,0.44899987448936,0.00112272148887153,0.000198082261193817,0.252058899518356,0.24709016374014
20280005,20284005,30,219,1933.01247536091,0.400856045708393,0.449584396332577,0.00111885375217059,0.000197399984044181,0.252058899518356,0.24709016374014
20280005,20284005,30,220,1932.52596934718,0.400755157131954,0.45016700967233,0.00111501633028605,0.000196723053973083,0.252058899518356,0.24709016374014
20280005,20284005,30,221,1932.04251595485,0.400654901589062,0.450747728461724,0.00111120876402809,0.000196051389988737,0.252058899518356,0.24709016374014
20280005,20284005,30,222,1931.56208273242,0.400555272350128,0.451326566459401,0.00110743060296693,0.000195384912644388,0.252058899518356,0.24709016374014
20280005,20284005,30,223,1931.08463778861,0.400456262801738,0.451903537232666,0.00110368140534108,0.000194723544022132,0.252058899518356,0.24709016374014
20280005,20284005,30,224,1930.61014977973,0.400357866444032,0.452478654160584,0.00109996073796505,0.000194067207716642,0.252058899518356,0.24709016374014
20280005,20284005,30,225,1930.13858789728,0.400260076888135,0.453051930437051,0.00109626817613627,0.000193415828818767,0.252058899518356,0.24709016374014
20280005,20284005,30,226,1929.6699218558,0.400162887853643,0.453623379073833,0.00109260330354187,0.000192769333899083,0.252058899518356,0.24709016374014
20280005,20284005,30,227,1929.20412188102,0.400066293166148,0.454193012903575,0.00108896571216437,0.000192127650991281,0.252058899518356,0.24709016374014
20280005,20284005,30,228,1928.74115869815,0.399970286754829,0.454760844582773,0.00108535500218742,0.000191490709575535,0.252058899518356,0.24709016374014
20280005,20284005,30,229,1928.2810035205,0.399874862650081,0.455326886594733,0.00108177078190069,0.000190858440561742,0.252058899518356,0.24709016374014
20280005,20284005,30,230,1927.82362803825,0.399780014981194,0.455891151252484,0.00107821266760467,0.000190230776272726,0.252058899518356,0.24709016374014
20280005,20284005,30,231,1927.36900440755,0.399685737974081,0.456453650701666,0.00107468028351465,0.000189607650427322,0.252058899518356,0.24709016374014
20280005,20284005,30,232,1926.91710523975,0.399592025949057,0.457014396923398,0.00107117326166479,0.000188988998123442,0.252058899518356,0.24709016374014
20280005,20284005,30,233,1926.4679035909,0.399498873318653,0.457573401737098,0.00106769124181144,0.000188374755821046,0.252058899518356,0.24709016374014
20280005,20284005,30,234,1926.02137295147,0.399406274585489,0.458130676803292,0.00106423387133613,0.000187764861325031,0.252058899518356,0.24709016374014
20280005,20284005,30,235,1925.57748723627,0.39931422434018,0.45868623362638,0.00106080080514847,0.000187159253768097,0.252058899518356,0.24709016374014
20280005,20284005,30,236,1925.13622077457,0.399222717259292,0.459240083557377,0.00105739170558818,0.00018655787359349,0.252058899518356,0.24709016374014
20280005,20284005,30,237,1924.69754830048,0.399131748103343,0.459792237796624,0.00105400624232714,0.000185960662537718,0.252058899518356,0.24709016374014
20280005,20284005,30,238,1924.26144494349,0.399041311714838,0.460342707396466,0.0010506440922708,0.000185367563613166,0.252058899518356,0.24709016374014
20280005,20284005,30,239,1923.82788621919,0.398951403016358,0.4608915032639,0.00104730493945918,0.000184778521090643,0.252058899518356,0.24709016374014
20280005,20284005,30,240,1923.39684802028,0.39886201700868,0.461438636163198,0.00104398847496746,0.00018419348048185,0.252058899518356,0.24709016374014
20280005,20284005,30,241,1922.96830660768,0.398773148768942,0.461984116718486,0.00104069439680592,0.000183612388521728,0.252058899518356,0.24709016374014
20280005,20284005,30,242,1922.54223860188,0.398684793448848,0.462527955416304,0.0010374224098196,0.000183035193150776,0.252058899518356,0.24709016374014
20280005,20284005,30,243,1922.1186209745,0.398596946272914,0.463070162608132,0.00103417222558711,0.000182461843497195,0.252058899518356,0.24709016374014
20280005,20284005,30,244,1921.69743103996,0.398509602536749,0.463610748512875,0.00103094356231907,0.000181892289858981,0.252058899518356,0.24709016374014
20280005,20284005,30,245,1921.27864644743,0.398422757605377,0.464149723219328,0.00102773614475593,0.000181326483685902,0.252058899518356,0.24709016374014
20280005,20284005,30,246,1920.86224517292,0.398336406911599,0.464687096688603,0.00102454970406495,0.000180764377561337,0.252058899518356,0.24709016374014
20280005,20284005,30,247,1920.4482055115,0.398250545954385,0.465222878756522,0.00102138397773668,0.000180205925184009,0.252058899518356,0.24709016374014
20280005,20284005,30,248,1920.03650606982,0.398165170297312,0.465757079135982,0.00101823870948064,0.000179651081349598,0.252058899518356,0.24709016374014
20280005,20284005,30,249,1919.62712575865,0.398080275567031,0.466289707419282,0.00101511364912027,0.000179099801932203,0.252058899518356,0.24709016374014
20280005,20284005,30,250,1919.22004378575,0.397995857451775,0.46682077308042,0.00101200855248735,0.000178552043865725,0.252058899518356,0.24709016374014
20280005,20284005,30,251,1918.81523964878,0.397911911699898,0.467350285477357,0.0010089231813151,0.000178007765125016,0.252058899518356,0.24709016374014
20280005,20284005,30,252,1918.41269312847,0.397828434118453,0.467878253854246,0.00100585730313114,0.000177466924706998,0.252058899518356,0.24709016374014
20280005,20284005,30,253,1918.01238428188,0.3977454205718,0.468404687343627,0.00100281069114908,0.000176929482611538,0.252058899518356,0.24709016374014
20280005,20284005,30,254,1917.61429343592,0.397662866980254,0.468929594968588,0.000999783124159738,0.000176395399822269,0.252058899518356,0.24709016374014
20280005,20284005,30,255,1917.21840118092,0.39758076931876,0.469452985644895,0.000996774386421212,0.000175864638287198,0.252058899518356,0.24709016374014
20280005,20284005,30,256,1916.82468836444,0.397499123615605,0.469974868183085,0.000993784267548276,0.000175337160899193,0.252058899518356,0.24709016374014
20280005,20284005,30,257,1916.43313608523,0.397417925951163,0.470495251290525,0.000990812562400949,0.000174812931476335,0.252058899518356,0.24709016374014
20280005,20284005,30,258,1916.04372568728,0.397337172456674,0.471014143573438,0.000987859070972293,0.000174291914742126,0.252058899518356,0.24709016374014
20280005,20284005,30,259,1915.65643875415,0.397256859313045,0.471531553538891,0.000984923598275213,0.00017377407630552,0.252058899518356,0.24709016374014
20280005,20284005,30,260,1915.2712571033,0.397176982749698,0.472047489596753,0.000982005954228875,0.00017325938264089,0.252058899518356,0.24709016374014
20280005,20284005,30,261,1914.8881627807,0.397097539043437,0.472561960061618,0.000979105953543896,0.000172747801067776,0.252058899518356,0.24709016374014
20280005,20284005,30,262,1914.50713805552,0.397018524517353,0.473074973154687,0.000976223415607397,0.00017223929973061,0.252058899518356,0.24709016374014
20280005,20284005,30,263,1914.12816541496,0.396939935539754,0.473586537005625,0.000973358164366774,0.000171733847578218,0.252058899518356,0.24709016374014
20280005,20284005,30,264,1913.7512275593,0.39686176852313,0.474096659654375,0.000970510028213372,0.000171231414343293,0.252058899518356,0.24709016374014
20280005,20284005,30,265,1913.376307397,0.396784019923142,0.474605349052939,0.000967678839865398,0.000170731970521747,0.252058899518356,0.24709016374014
20280005,20284005,30,266,1913.00338803998,0.396706686237651,0.47511261306713,0.000964864436250203,0.000170235487351947,0.252058899518356,0.24709016374014
20280005,20284005,30,267,1912.63245279909,0.39662976400576,0.475618459478282,0.000962066658386432,0.000169741936793924,0.252058899518356,0.24709016374014
20280005,20284005,30,268,1912.26348517961,0.396553249806899,0.476122895984928,0.000959285351265495,0.000169251291508464,0.252058899518356,0.24709016374014
20280005,20284005,30,269,1911.89646887698,0.396477140259932,0.476625930204445,0.000956520363733087,0.000168763524836212,0.252058899518356,0.24709016374014
20280005,20284005,30,270,1911.53138777264,0.396401432022291,0.477127569674663,0.000953771548370291,0.000168278610776695,0.252058899518356,0.24709016374014
20280005,20284005,30,271,1911.16822592997,0.396326121789137,0.477627821855437,0.000951038761374653,0.000167796523967346,0.252058899518356,0.24709016374014
20280005,20284005,30,272,1910.80696759037,0.396251206292556,0.478126694130191,0.000948321862441338,0.000167317239662538,0.252058899518356,0.24709016374014
20280005,20284005,30,273,1910.44759716954,0.396176682300769,0.478624193807419,0.000945620714644406,0.000166840733712643,0.252058899518356,0.24709016374014
20280005,20284005,30,274,1910.09009925376,0.396102546617375,0.479120328122163,0.000942935184318105,0.000166366982543089,0.252058899518356,0.24709016374014
20280005,20284005,30,275,1909.73445859639,0.396028796080623,0.479615104237447,0.000940265140938872,0.000165895963133547,0.252058899518356,0.24709016374014
20280005,20284005,30,276,1909.38066011448,0.395955427562703,0.48010852924568,0.00093761045700747,0.000165427652997138,0.252058899518356,0.24709016374014
20280005,20284005,30,277,1909.02868888544,0.395882437969064,0.480600610170032,0.000934971007931951,0.000164962030159788,0.252058899518356,0.24709016374014
20280005,20284005,30,278,1908.67853014391,0.395809824237757,0.481091353965765,0.000932346671911156,0.000164499073139676,0.252058899518356,0.24709016374014
20280005,20284005,30,279,1908.33016927869,0.395737583338802,0.481580767521542,0.000929737329819184,0.000164038760926852,0.252058899518356,0.24709016374014
20280005,20284005,30,280,1907.98359182979,0.395665712273577,0.482068857660698,0.000927142865090925,0.000163581072963048,0.252058899518356,0.24709016374014
20280005,20284005,30,281,1907.63878348562,0.395594208074233,0.482555631142473,0.000924563163608304,0.000163125989121609,0.252058899518356,0.24709016374014
20280005,20284005,30,282,1907.29573008023,0.395523067803126,0.483041094663229,0.000921998113588477,0.000162673489687768,0.252058899518356,0.24709016374014
20280005,20284005,30,283,1906.95441759075,0.395452288552279,0.483525254857615,0.000919447605472641,0.000162223555339034,0.252058899518356,0.24709016374014
20280005,20284005,30,284,1906.61483213482,0.395381867442857,0.484008118299713,0.000916911531816898,0.000161776167125938,0.252058899518356,0.24709016374014
20280005,20284005,30,285,1906.27695996822,0.395311801624667,0.484489691504154,0.000914389787184619,0.000161331306453043,0.252058899518356,0.24709016374014
20280005,20284005,30,286,1905.94078748253,0.395242088275679,0.484969980927192,0.000911882268040532,0.000160888955060266,0.252058899518356,0.24709016374014
20280005,20284005,30,287,1905.60630120291,0.395172724601569,0.485448992967757,0.000909388872646734,0.000160449095004527,0.252058899518356,0.24709016374014
20280005,20284005,30,288,1905.27348778599,0.39510370783527,0.485926733968476,0.000906909500960933,0.000160011708641803,0.252058899518356,0.24709016374014
20280005,20284005,30,289,1904.94233401783,0.395035035236559,0.486403210216661,0.00090444405453648,0.000159576778609488,0.252058899518356,0.24709016374014
20280005,20284005,30,290,1904.61282681198,0.394966704091646,0.486878427945272,0.000901992436425087,0.000159144287809236,0.252058899518356,0.24709016374014
20280005,20284005,30,291,1904.28495320757,0.394898711712792,0.487352393333845,0.000899554551081659,0.000158714219390169,0.252058899518356,0.24709016374014
20280005,20284005,30,292,1903.95870036761,0.394831055437938,0.4878251125094,0.000897130304271844,0.000158286556732571,0.252058899518356,0.24709016374014
20280005,20284005,30,293,1903.6340555772,0.394763732630351,0.488296591547314,0.00089471960298189,0.000157861283431982,0.252058899518356,0.24709016374014
20280005,20284005,30,294,1903.31100624197,0.394696740678287,0.488766836472168,0.000892322355331528,0.000157438383283832,0.252058899518356,0.24709016374014
20280005,20284005,30,295,1902.9895398865,0.39463007699467,0.489235853258571,0.000889938470489411,0.000157017840268524,0.252058899518356,0.24709016374014
20280005,20284005,30,296,1902.66964415282,0.394563739016786,0.489703647831953,0.000887567858591674,0.000156599638537067,0.252058899518356,0.24709016374014
20280005,20284005,30,297,1902.35130679904,0.394497724205984,0.490170226069331,0.000885210430663042,0.000156183762397157,0.252058899518356,0.24709016374014
20280005,20284005,30,298,1902.03451569796,0.394432030047403,0.490635593800058,0.000882866098541466,0.000155770196299883,0.252058899518356,0.24709016374014
20280005,20284005,30,299,1901.71925883579,0.3943666540497,0.491099756806535,0.000880534774805396,0.000155358924826899,0.252058899518356,0.24709016374014
20280005,20284005,30,300,1901.40552431095,0.394301593744797,0.491562720824913,0.000878216372704463,0.000154949932678192,0.252058899518356,0.24709016374014
20280005,20284005,30,301,1901.09330033286,0.394236846687637,0.492024491545754,0.000875910806093191,0.000154543204660393,0.252058899518356,0.24709016374014
20280005,20284005,30,302,1900.78257522083,0.394172410455953,0.49248507461469,0.00087361798936798,0.000154138725675655,0.252058899518356,0.24709016374014
20280005,20284005,30,303,1900.47333740301,0.394108282650045,0.492944475633037,0.00087133783740739,0.000153736480711122,0.252058899518356,0.24709016374014
20280005,20284005,30,304,1900.16557541533,0.394044460892569,0.493402700158406,0.000869070265515545,0.000153336454828945,0.252058899518356,0.24709016374014
20280005,20284005,30,305,1899.85927790057,0.393980942828334,0.493859753705284,0.00086681518936893,0.000152938633156896,0.252058899518356,0.24709016374014
20280005,20284005,30,306,1899.55443360739,0.393917726124109,0.494315641745592,0.000864572524966466,0.00015254300087956,0.252058899518356,0.24709016374014
20280005,20284005,30,307,1899.25103138947,0.393854808468436,0.494770369709231,0.000862342188582838,0.000152149543230105,0.252058899518356,0.24709016374014
20280005,20284005,30,308,1898.94906020461,0.393792187571456,0.495223942984603,0.000860124096724996,0.000151758245482604,0.252058899518356,0.24709016374014
20280005,20284005,30,309,1898.64850911394,0.393729861164733,0.495676366919114,0.000857918166092166,0.000151369092944984,0.252058899518356,0.24709016374014
20280005,20284005,30,310,1898.34936728111,0.393667827001094,0.496127646819662,0.000855724313538775,0.000150982070952485,0.252058899518356,0.24709016374014
20280005,20284005,30,311,1898.05162397155,0.393606082854468,0.4965777879531,0.00085354245604088,0.00015059716486174,0.252058899518356,0.24709016374014
20280005,20284005,30,312,1897.75526855171,0.393544626519739,0.497026795546697,0.000851372510665438,0.000150214360045352,0.252058899518356,0.24709016374014
20280005,20284005,30,313,1897.46029048836,0.393483455812592,0.497474674788565,0.000849214394542973,0.000149833641887073,0.252058899518356,0.24709016374014
20280005,20284005,30,314,1897.16667934793,0.393422568569374,0.497921430828084,0.000847068024843146,0.000149454995777497,0.252058899518356,0.24709016374014
20280005,20284005,30,315,1896.87442479579,0.393361962646957,0.498367068776307,0.000844933318753342,0.000149078407110278,0.252058899518356,0.24709016374014
20280005,20284005,30,316,1896.58351659563,0.393301635922601,0.49881159370635,0.000842810193460272,0.000148703861278893,0.252058899518356,0.24709016374014
20280005,20284005,30,317,1896.29394460884,0.393241586293822,0.499255010653771,0.000840698566134251,0.000148331343673861,0.252058899518356,0.24709016374014
20280005,20284005,30,318,1896.00569879388,0.393181811678266,0.499697324616935,0.000838598353916732,0.000147960839680549,0.252058899518356,0.24709016374014
20280005,20284005,30,319,1895.71876920564,0.393122310013582,0.500138540557368,0.000836509473909885,0.000147592334677335,0.252058899518356,0.24709016374014
20280005,20284005,30,320,1895.4331459949,0.393063079257299,0.500578663400094,0.000834431843169395,0.000147225814034335,0.252058899518356,0.24709016374014
20280006,20284006,25,10,4379.30127743103,1,0.258133792499548,NaN,NaN,0.252327039403823,0.24711149641611
20280006,20284006,25,11,3738.22232720218,0.853611590156473,0.24186017558458,0.0532138300262344,0.00942608391940177,0.252327039403823,0.24711149641611
20280006,20284006,25,12,3458.00027893259,0.789623745859547,0.235151762617725,0.0352606449514326,0.0062325021599819,0.252327039403823,0.24711149641611
20280006,20284006,25,13,3285.20827134927,0.750167221487997,0.232622720607494,0.0276486421493933,0.0048822205282228,0.252327039403823,0.24711149641611
20280006,20284006,25,14,3163.36744333702,0.72234524252524,0.232397649594237,0.0230155226701967,0.00406182093615861,0.252327039403823,0.24711149641611
20280006,20284006,25,15,3070.1563017792,0.701060764556532,0.233540511216696,0.0198558731325938,0.00350300917332492,0.252327039403823,0.24711149641611
20280006,20284006,25,16,2994.86073288175,0.68386725259482,0.235531828349587,0.0175732800731188,0.00309964234351684,0.252327039403823,0.24711149641611
20280006,20284006,25,17,2931.82613289338,0.669473495236034,0.238065210701696,0.0158407244709529,0.00279365175124154,0.252327039403823,0.24711149641611
20280006,20284006,25,18,2877.81609232724,0.657140468311284,0.240949702398746,0.0144640133960334,0.00255061194497865,0.252327039403823,0.24711149641611
20280006,20284006,25,19,2830.83353299983,0.646412145149429,0.244060149670901,0.0133236309908276,0.00234935980627265,0.252327039403823,0.24711149641611
20280006,20284006,25,20,2789.54237121482,0.63698343514087,0.247310878046686,0.0123502172695231,0.00217761932222704,0.252327039403823,0.24711149641611
20280006,20284006,25,21,2752.973847131,0.628633124950457,0.250641354338286,0.0115047165383474,0.00202847827299599,0.252327039403823,0.24711149641611
20280006,20284006,25,22,2720.38220996278,0.621190924676139,0.254008050045169,0.0107626091314148,0.00189759746132239,0.252327039403823,0.24711149641611
20280006,20284006,25,23,2691.17012185523,0.614520434052875,0.257379452982556,0.0101068114366117,0.00178195428288775,0.252327039403823,0.24711149641611
20280006,20284006,25,24,2664.84584807243,0.608509366963596,0.260732811990523,0.0095249425371479,0.00167935867444269,0.252327039403823,0.24711149641611
20280006,20284006,25,25,2640.99777454923,0.603063732600392,0.264051921568985,0.00900754305721089,0.00158813794130285,0.252327039403823,0.24711149641611
20280006,20284006,25,26,2619.27911217493,0.598104342734657,0.267325533435747,0.00854670337511254,0.00150689420818239,0.252327039403823,0.24711149641611
20280006,20284006,25,27,2599.39784425051,0.593564516249807,0.270546149452191,0.00813531948066103,0.00143437275520703,0.252327039403823,0.24711149641611
20280006,20284006,25,28,2581.1087945048,0.589388267897139,0.273709071377381,0.00776692078178468,0.00136943132336641,0.252327039403823,0.24711149641611
20280006,20284006,25,29,2564.20649490927,0.585528679683229,0.276811652085441,0.00743573908167029,0.00131105202891156,0.252327039403823,0.24711149641611
20280006,20284006,25,30,2548.51866570312,0.581946412053687,0.279852717682512,0.00713675916722969,0.0012583501035463,0.252327039403823,0.24711149641611
20280006,20284006,25,31,2533.90047383014,0.57860839282484,0.282832132640277,0.00686568384910375,0.00121056760505825,0.252327039403823,0.24711149641611
20280006,20284006,25,32,2520.22967559016,0.575486708023104,0.285750478973062,0.0066188480214835,0.00116705818025981,0.252327039403823,0.24711149641611
20280006,20284006,25,33,2507.40261265063,0.572557687586526,0.288608822443588,0.00639312417107783,0.00112727034944292,0.252327039403823,0.24711149641611
20280006,20284006,25,34,2495.33095072629,0.569801160652297,0.291408543367969,0.00618583956840808,0.00109073287030442,0.252327039403823,0.24711149641611
20280006,20284006,25,35,2483.93903138499,0.567199850849747,0.294151214772597,0.00599470821893393,0.00105704271713608,0.252327039403823,0.24711149641611
20280006,20284006,25,36,2473.16171997246,0.564738884880571,0.29683851516576,0.00581777409880961,0.00102585505802769,0.252327039403823,0.24711149641611
20280006,20284006,25,37,2462.94265385051,0.562405392509397,0.299472166655495,0.0056533619707327,0.000996874574026116,0.252327039403823,0.24711149641611
20280006,20284006,25,38,2453.23281459745,0.560188180530149,0.302053891665752,0.00550003389120123,0.000969847785382713,0.252327039403823,0.24711149641611
20280006,20284006,25,39,2443.98936275321,0.558077466683656,0.304585383304732,0.00535655112161959,0.000944556332950622,0.252327039403823,0.24711149641611
20280006,20284006,25,40,2435.17468463089,0.556064662000008,0.307068285739255,0.00522184183362688,0.000920811282718244,0.252327039403823,0.24711149641611
20280006,20284006,25,41,2426.75560910252,0.554142191953986,0.309504181885876,0.00509497486399854,0.000898448497921071,0.252327039403823,0.24711149641611
20280006,20284006,25,42,2418.7027593621,0.552303348442139,0.3118945864443,0.00497513922804468,0.000877325027011346,0.252327039403823,0.24711149641611
20280006,20284006,25,43,2410.99001118337,0.550542166077621,0.314240942831319,0.00486162852665979,0.000857316354728912,0.252327039403823,0.24711149641611
20280006,20284006,25,44,2403.59403529691,0.548853317693388,0.316544622961737,0.00475382901668025,0.000838314299167822,0.252327039403823,0.24711149641611
20280006,20284006,25,45,2396.49390704699,0.547232025208554,0.318806929095468,0.00465121003490536,0.000820225323821913,0.252327039403823,0.24711149641611
20280006,20284006,25,46,2389.67077118404,0.545673983084777,0.321029097154164,0.00455331563944704,0.000802969064202309,0.252327039403823,0.24711149641611
20280006,20284006,25,47,2383.10755329208,0.544175292431592,0.323212301032039,0.00445975666599337,0.000786476927532062,0.252327039403823,0.24711149641611
20280006,20284006,25,48,2376.78871188465,0.54273240439829,0.325357657507676,0.00437020278196052,0.00077069069199632,0.252327039403823,0.24711149641611
20280006,20284006,25,49,2370.70002673224,0.541342071839124,0.327466231425361,0.00428437446185149,0.000755561092045863,0.252327039403823,0.24711149641611
20280006,20284006,25,50,2364.82841973886,0.540001308411031,0.329539040869131,0.0042020350393591,0.000741046417198119,0.252327039403823,0.24711149641611
20280006,20284006,25,51,2359.16180494914,0.538707354323214,0.331577062107086,0.00412298309602584,0.000727111170162002,0.252327039403823,0.24711149641611
20280006,20284006,25,52,2353.68896430364,0.537457647966242,0.333581234139313,0.00404704544182931,0.000713724829323199,0.252327039403823,0.24711149641611
20280006,20284006,25,53,2348.39944576205,0.536249802648804,0.335552462737973,0.00397407087204204,0.000700860748098256,0.252327039403823,0.24711149641611
20280006,20284006,25,54,2343.28348048758,0.535081587687017,0.33749162391915,0.00390392479223642,0.000688495207355572,0.252327039403823,0.24711149641611
20280006,20284006,25,55,2338.33191595964,0.533950913130906,0.339399566829718,0.00383648472251734,0.000676606622854283,0.252327039403823,0.24711149641611
20280006,20284006,25,56,2333.53616213837,0.532855817471242,0.341277116066552,0.00377163663859338,0.000665174900223667,0.252327039403823,0.24711149641611
20280006,20284006,25,57,2328.88814810699,0.531794457738963,0.343125073469618,0.00370927208180758,0.000654180925512299,0.252327039403823,0.24711149641611
20280006,20284006,25,58,2324.3802869322,0.530765101481146,0.344944219445745,0.0036492859648411,0.000643606178384556,0.252327039403823,0.24711149641611
20280006,20284006,25,59,2320.00544678578,0.529766120166716,0.346735313887976,0.00359157500425097,0.000633432455828014,0.252327039403823,0.24711149641611
20280006,20284006,25,60,2315.75692665362,0.528795983639674,0.348499096758405,0.00353603671675929,0.000623641695251572,0.252327039403823,0.24711149641611
20280006,20284006,25,61,2311.6284352208,0.527853255297574,0.350236288402072,0.00348256891803876,0.000614215886176824,0.252327039403823,0.24711149641611
20280006,20284006,25,62,2307.61407176854,0.526936587729406,0.35194758965711,0.00343106965876128,0.000605137059023641,0.252327039403823,0.24711149641611
20280006,20284006,25,63,2303.70830815567,0.526044718601105,0.353633681822795,0.00338143752375016,0.00059638733791624,0.252327039403823,0.24711149641611
20280006,20284006,25,64,2299.90597118665,0.525176466629356,0.355295226542664,0.00333357220898174,0.000587949042478655,0.252327039403823,0.24711149641611
20280006,20284006,25,65,2296.20222488964,0.524330727534833,0.356932865654464,0.00328737528173645,0.000579804821921789,0.252327039403823,0.24711149641611
20280006,20284006,25,66,2292.59255243488,0.523506469913334,0.358547221052388,0.00324275102524074,0.000571937804025333,0.252327039403823,0.24711149641611
20280006,20284006,25,67,2289.07273760927,0.522702731005545,0.360138894599542,0.00319960727343042,0.000564331742373432,0.252327039403823,0.24711149641611
20280006,20284006,25,68,2285.63884591604,0.521918612381204,0.361708468120249,0.00315785615480228,0.000556971147554484,0.252327039403823,0.24711149641611
20280006,20284006,25,69,2282.2872054828,0.521153275579528,0.363256503492687,0.00311741468521212,0.000549841391719345,0.252327039403823,0.24711149641611
20280006,20284006,25,70,2279.01438803247,0.520405937763975,0.36478354285314,0.00307820517457547,0.000542928780318352,0.252327039403823,0.24711149641611
20280006,20284006,25,71,2275.81719020008,0.519675867455987,0.366290108914368,0.00304015543758741,0.000536220589274528,0.252327039403823,0.24711149641611
20280006,20284006,25,72,2272.69261547053,0.518962380410541,0.367776705392871,0.00300319882006059,0.000529705069639027,0.252327039403823,0.24711149641611
20280006,20284006,25,73,2269.63785697679,0.518264835688171,0.369243817533606,0.00296727406789516,0.000523371424493197,0.252327039403823,0.24711149641611
20280006,20284006,25,74,2266.65028134431,0.517582631965883,0.370691912716359,0.00293232507427121,0.000517209764374215,0.252327039403823,0.24711149641611
20280006,20284006,25,75,2263.72741370639,0.516915204115466,0.372121441125464,0.0028983005430417,0.000511211047922197,0.252327039403823,0.24711149641611
20280006,20284006,25,76,2260.86692395452,0.516262020063799,0.373532836463849,0.00286515360396665,0.000505367014034419,0.252327039403823,0.24711149641611
20280006,20284006,25,77,2258.06661423342,0.515622577937372,0.37492651669311,0.00283284141009683,0.000499670110871796,0.252327039403823,0.24711149641611
20280006,20284006,25,78,2255.32440764619,0.514996403483159,0.376302884783152,0.00280132474083792,0.000494113425867512,0.252327039403823,0.24711149641611
20280006,20284006,25,79,2252.63833810259,0.514383047750491,0.37766232945747,0.00277056762719241,0.000488690619647208,0.252327039403823,0.24711149641611
20280006,20284006,25,80,2250.00654122204,0.513782085013783,0.379005225922953,0.00274053700918052,0.000483395865624484,0.252327039403823,0.24711149641611
20280006,20284006,25,81,2247.42724619215,0.513193110913466,0.380331936575956,0.00271120242993651,0.000478223796064638,0.252327039403823,0.24711149641611
20280006,20284006,25,82,2244.89876848159,0.512615740791983,0.381642811678983,0.00268253576668843,0.000473169454653239,0.252327039403823,0.24711149641611
20280006,20284006,25,83,2242.4195033098,0.512049608202622,0.382938190004551,0.00265451099579923,0.000468228255071726,0.252327039403823,0.24711149641611
20280006,20284006,25,84,2239.9879197845,0.511494363570828,0.384218399444567,0.00262710398721478,0.000463395944759048,0.252327039403823,0.24711149641611
20280006,20284006,25,85,2237.60255562847,0.510949672990091,0.385483757584867,0.00260029232288217,0.000458668572900425,0.252327039403823,0.24711149641611
20280006,20284006,25,86,2235.26201242827,0.510415217136993,0.386734572245416,0.00257405513377304,0.000454042461696867,0.252327039403823,0.24711149641611
20280006,20284006,25,87,2232.96495134793,0.509890690292453,0.387971141987206,0.00254837295083626,0.000449514180090739,0.252327039403823,0.24711149641611
20280006,20284006,25,88,2230.71008926,0.509375799458257,0.389193756587099,0.00252322756627725,0.000445080519311879,0.252327039403823,0.24711149641611
20280006,20284006,25,89,2228.4961952535,0.508870263559664,0.390402697481921,0.00249860190278534,0.000440738469824773,0.252327039403823,0.24711149641611
20280006,20284006,25,90,2226.32208748383,0.508373812726084,0.391598238183031,0.00247447988952041,0.000436485199467005,0.252327039403823,0.24711149641611
20280006,20284006,25,91,2224.18663033325,0.5078861876427,0.392780644662446,0.00245084634467446,0.000432318032746562,0.252327039403823,0.24711149641611
20280006,20284006,25,92,2222.0887318532,0.507407138966405,0.393950175711538,0.00242768686516094,0.000428234431395473,0.252327039403823,0.24711149641611
20280006,20284006,25,93,2220.02734146069,0.5069364267998,0.395107083273154,0.00240498772441581,0.000424231976353371,0.252327039403823,0.24711149641611
20280006,20284006,25,94,2218.00144786226,0.506473820217132,0.396251612748034,0.00238273577943445,0.000420308351379291,0.252327039403823,0.24711149641611
20280006,20284006,25,95,2216.01007717963,0.506019096836282,0.397384003276402,0.00236091838806512,0.000416461328471796,0.252327039403823,0.24711149641611
20280006,20284006,25,96,2214.05229125168,0.505572042431042,0.398504487995638,0.00233952333729781,0.000412688755227789,0.252327039403823,0.24711149641611
20280006,20284006,25,97,2212.12718608912,0.505132450578231,0.399613294275114,0.00231853878290537,0.000408988544203022,0.252327039403823,0.24711149641611
20280006,20284006,25,98,2210.23389045906,0.504700122334496,0.400710643929333,0.00229795320037679,0.00040535866426373,0.252327039403823,0.24711149641611
20280006,20284006,25,99,2208.37156457896,0.504274865938072,0.401796753410694,0.0022777553466891,0.000401797133849496,0.252327039403823,0.24711149641611
20280006,20284006,25,100,2206.53939890132,0.503856496531271,0.402871833983342,0.00225793423213695,0.000398302016009583,0.252327039403823,0.24711149641611
20280006,20284006,25,101,2204.73661297278,0.503444835899966,0.403936091879641,0.00223847910119094,0.000394871415031356,0.252327039403823,0.24711149641611
20280006,20284006,25,102,2202.96245435372,0.50303971222688,0.404989728440955,0.00221937942120391,0.000391503474452522,0.252327039403823,0.24711149641611
20280006,20284006,25,103,2201.21619758663,0.50264095985602,0.406032940244444,0.00220062487771041,0.000388196376235938,0.252327039403823,0.24711149641611
20280006,20284006,25,104,2199.49714320379,0.502248419066078,0.407065919217649,0.00218220537506341,0.000384948340885451,0.252327039403823,0.24711149641611
20280006,20284006,25,105,2197.80461676666,0.501861935851083,0.408088852742622,0.00216411104119703,0.000381757628289225,0.252327039403823,0.24711149641611
20280006,20284006,25,106,2196.13796793132,0.501481361707001,0.409101923751335,0.00214633223538469,0.000378622539091112,0.252327039403823,0.24711149641611
20280006,20284006,25,107,2194.49656953575,0.501106553423307,0.41010531081404,0.00212885955795771,0.000375541416407561,0.252327039403823,0.24711149641611
20280006,20284006,25,108,2192.879816706,0.500737372878894,0.411099188222185,0.00211168386105366,0.00037251264772595,0.252327039403823,0.24711149641611
20280006,20284006,25,109,2191.28712597965,0.50037368684191,0.412083726067336,0.00209479625956929,0.00036953466683878,0.252327039403823,0.24711149641611
20280006,20284006,25,110,2189.71793444569,0.500015366773352,0.413059090317487,0.00207818814159872,0.000366605955686897,0.252327039403823,0.24711149641611
20280006,20284006,25,111,2188.17169890084,0.499662288634423,0.414025442891936,0.00206185117774474,0.000363725046003783,0.252327039403823,0.24711149641611
20280006,20284006,25,112,2186.64789502302,0.499314332697782,0.41498294173578,0.00204577732879791,0.000360890520671795,0.252327039403823,0.24711149641611
20280006,20284006,25,113,2185.14601656302,0.498971383362979,0.415931740894908,0.00202995885139167,0.000358101014721261,0.252327039403823,0.24711149641611
20280006,20284006,25,114,2183.66557455601,0.498633328976393,0.416871990592173,0.00201438830135404,0.000355355215923169,0.252327039403823,0.24711149641611
20280006,20284006,25,115,2182.20609655445,0.498300061656083,0.417803837305296,0.00199905853459229,0.000352651864946593,0.252327039403823,0.24711149641611
20280006,20284006,25,116,2180.76712588453,0.497971477121985,0.418727423846844,0.00198396270545737,0.000349989755071479,0.252327039403823,0.24711149641611
20280006,20284006,25,117,2179.34822092769,0.497647474531857,0.419642889446489,0.00196909426264119,0.000347367731466172,0.252327039403823,0.24711149641611
20280006,20284006,25,118,2177.9489544292,0.497327956323393,0.420550369835604,0.00195444694275076,0.000344784690055108,0.252327039403823,0.24711149641611
20280006,20284006,25,119,2176.56891283525,0.497012828062851,0.421449997334114,0.00194001476178309,0.000342239576016147,0.252327039403823,0.24711149641611
20280006,20284006,25,120,2175.20769565982,0.496701998300476,0.422341900939424,0.00192579200478294,0.000339731381957337,0.252327039403823,0.24711149641611
20280006,20284006,25,121,2173.86491488231,0.496395378432956,0.423226206417131,0.0019117732140079,0.000337259145830356,0.252327039403823,0.24711149641611
20280006,20284006,25,122,2172.54019437647,0.49609288257302,0.424103036393167,0.00189795317594681,0.000334821948641652,0.252327039403823,0.24711149641611
20280006,20284006,25,123,2171.23316937095,0.495794427426246,0.424972510446972,0.00188432690754264,0.000332418912023237,0.252327039403823,0.24711149641611
20280006,20284006,25,124,2169.9434859411,0.49549993217503,0.425834745205244,0.00187088964196158,0.00033004919572342,0.252327039403823,0.24711149641611
20280006,20284006,25,125,2168.67080053174,0.495209318369599,0.426689854435802,0.00185763681422803,0.000327711995073871,0.252327039403823,0.24711149641611
20280006,20284006,25,126,2167.4147795098,0.494922509825868,0.427537949141116,0.00184456404701466,0.000325406538484029,0.252327039403823,0.24711149641611
20280006,20284006,25,127,2166.17509874591,0.49463943252989,0.428379137651028,0.00183166713684079,0.00032313208500752,0.252327039403823,0.24711149641611
20280006,20284006,25,128,2164.95144322338,0.494360014548572,0.429213525714245,0.00181894204089211,0.00032088792201817,0.252327039403823,0.24711149641611
20280006,20284006,25,129,2163.74350667305,0.494084185946289,0.430041216588206,0.00180638486463512,0.000318673363026184,0.252327039403823,0.24711149641611
20280006,20284006,25,130,2162.55099123226,0.493811878707018,0.43086231112695,0.00179399185035853,0.000316487745657838,0.252327039403823,0.24711149641611
20280006,20284006,25,131,2161.37360712609,0.493543026661547,0.431676907866667,0.00178175936673739,0.000314330429815538,0.252327039403823,0.24711149641611
20280006,20284006,25,132,2160.21107236901,0.493277565419345,0.432485103108655,0.00176968389947916,0.000312200796028727,0.252327039403823,0.24711149641611
20280006,20284006,25,133,2159.06311248491,0.493015432304638,0.433286990999452,0.00175776204308002,0.000310098244000614,0.252327039403823,0.24711149641611
20280006,20284006,25,134,2157.92946024385,0.492756566296285,0.434082663607951,0.00174599049369073,0.000308022191350593,0.252327039403823,0.24711149641611
20280006,20284006,25,135,2156.80985541338,0.492500907971008,0.434872210999369,0.00173436604306756,0.000305972072548044,0.252327039403823,0.24711149641611
20280006,20284006,25,136,2155.70404452301,0.492248399449598,0.435655721305962,0.00172288557356129,0.000303947338029226,0.252327039403823,0.24711149641611
20280006,20284006,25,137,2154.61178064,0.491998984345724,0.436433280794441,0.00171154605408127,0.000301947453486134,0.252327039403823,0.24711149641611
20280006,20284006,25,138,2153.53282315506,0.49175260771699,0.437204973930072,0.00170034453695576,0.000299971899313422,0.252327039403823,0.24711149641611
20280006,20284006,25,139,2152.46693757652,0.491509216017946,0.437970883437466,0.00168927815559956,0.000298020170197721,0.252327039403823,0.24711149641611
20280006,20284006,25,140,2151.4138953319,0.491268757054768,0.43873109035814,0.00167834412289075,0.000296091774831981,0.252327039403823,0.24711149641611
20280006,20284006,25,141,2150.37347357573,0.491031179941375,0.439485674104896,0.00166753973015365,0.000294186235736747,0.252327039403823,0.24711149641611
20280006,20284006,25,142,2149.34545500277,0.490796435056784,0.440234712513152,0.00165686234664105,0.000292303089169444,0.252327039403823,0.24711149641611
20280006,20284006,25,143,2148.32962766595,0.490564474003532,0.440978281889333,0.00164630941940881,0.000290441885102864,0.252327039403823,0.24711149641611
20280006,20284006,25,144,2147.32578479841,0.490335249567041,0.441716457056472,0.00163587847347702,0.000288602187254149,0.252327039403823,0.24711149641611
20280006,20284006,25,145,2146.33372463924,0.490108715675828,0.442449311397184,0.00162556711217559,0.000286783573146287,0.252327039403823,0.24711149641611
20280006,20284006,25,146,2145.35325026267,0.489884827362498,0.443176916894161,0.00161537301757721,0.000284985634184967,0.252327039403823,0.24711149641611
20280006,20284006,25,147,2144.38416941048,0.489663540725475,0.443899344168392,0.00160529395092764,0.000283207975734944,0.252327039403823,0.24711149641611
20280006,20284006,25,148,2143.42629432762,0.489444812891474,0.444616662515241,0.0015953277529919,0.000281450217181518,0.252327039403823,0.24711149641611
20280006,20284006,25,149,2142.47944160114,0.489228601978705,0.445328939938607,0.00158547234424374,0.000279711991964335,0.252327039403823,0.24711149641611
20280006,20284006,25,150,2141.54343200237,0.489014867060856,0.446036243183293,0.00157572572483679,0.000277992947572649,0.252327039403823,0.24711149641611
20280006,20284006,25,151,2140.61809033277,0.488803568131876,0.446738637765785,0.00156608597430659,0.000276292745493063,0.252327039403823,0.24711149641611
20280006,20284006,25,152,2139.7032452735,0.488594666071634,0.447436188003583,0.00155655125096428,0.000274611061102844,0.252327039403823,0.24711149641611
20280006,20284006,25,153,2138.79872923905,0.488388122612497,0.448128957043239,0.00154711979095339,0.000272947583503786,0.252327039403823,0.24711149641611
20280006,20284006,25,154,2137.90437823523,0.48818390030689,0.448817006887245,0.00153778990695413,0.000271302015293848,0.252327039403823,0.24711149641611
20280006,20284006,25,155,2137.0200317217,0.487981962495923,0.449500398419891,0.00152855998652907,0.000269674072275509,0.252327039403823,0.24711149641611
20280006,20284006,25,156,2136.14553247946,0.487782273279119,0.450179191432224,0.00151942849011439,0.000268063483101566,0.252327039403823,0.24711149641611
20280006,20284006,25,157,2135.28072648343,0.487584797485323,0.450853444646193,0.00151039394867144,0.000266469988860985,0.252327039403823,0.24711149641611
20280006,20284006,25,158,2134.42546278041,0.487389500644836,0.451523215738087,0.00150145496102011,0.000264893342608606,0.252327039403823,0.24711149641611
20280006,20284006,25,159,2133.57959337259,0.487196348962815,0.452188561361336,0.00149261019088346,0.000263333308843873,0.252327039403823,0.24711149641611
20280006,20284006,25,160,2132.74297310679,0.487005309293972,0.452849537168743,0.00148385836367878,0.00026178966294484,0.252327039403823,0.24711149641611
20280006,20284006,25,161,2131.91545956941,0.486816349118604,0.453506197834201,0.00147519826309429,0.000260262190564321,0.252327039403823,0.24711149641611
20280006,20284006,25,162,2131.09691298739,0.486629436519957,0.454158597073948,0.00146662872749421,0.000258750686995764,0.252327039403823,0.24711149641611
20280006,20284006,25,163,2130.28719613487,0.486444540162929,0.454806787667385,0.00145814864619642,0.000257254956516642,0.252327039403823,0.24711149641611
20280006,20284006,25,164,2129.48617424575,0.486261629274098,0.455450821477483,0.00144975695566798,0.000255774811717326,0.252327039403823,0.24711149641611
20280006,20284006,25,165,2128.69371493201,0.48608067362306,0.456090749470815,0.00144145263568195,0.000254310072823144,0.252327039403823,0.24711149641611
20280006,20284006,25,166,2127.9096881075,0.485901643505049,0.456726621737199,0.00143323470547937,0.000252860567017335,0.252327039403823,0.24711149641611
20280006,20284006,25,167,2127.13396591732,0.485724509724786,0.45735848750899,0.00142510221997548,0.00025142612777181,0.252327039403823,0.24711149641611
20280006,20284006,25,168,2126.36642267224,0.485549243581525,0.457986395179991,0.00141705426604813,0.000250006594192403,0.252327039403823,0.24711149641611
20280006,20284006,25,169,2125.60693478824,0.485375816855231,0.458610392324016,0.00140908995894087,0.000248601810384364,0.252327039403823,0.24711149641611
20280006,20284006,25,170,2124.85538073067,0.48520420179384,0.459230525713071,0.00140120843881054,0.000247211624843334,0.252327039403823,0.24711149641611
20280006,20284006,25,171,2124.11164096288,0.485034371101529,0.459846841335174,0.00139340886744379,0.000245835889876134,0.252327039403823,0.24711149641611
20280006,20284006,25,172,2123.37559789903,0.484866297927928,0.46045938441179,0.00138569042516277,0.000244474461054917,0.252327039403823,0.24711149641611
20280006,20284006,25,173,2122.64713586063,0.484699955858211,0.461068199414884,0.00137805230793639,0.0002431271967076,0.252327039403823,0.24711149641611
20280006,20284006,25,174,2121.92614103671,0.484535318903992,0.461673330083579,0.00137049372470792,0.000241793957446458,0.252327039403823,0.24711149641611
20280006,20284006,25,175,2121.21250144715,0.484372361494957,0.462274819440425,0.0013630138949473,0.000240474605736368,0.252327039403823,0.24711149641611
20280006,20284006,25,176,2120.50610690896,0.484211058471154,0.462872709807254,0.00135561204643125,0.000239169005503245,0.252327039403823,0.24711149641611
20280006,20284006,25,177,2119.80684900512,0.484051385075893,0.463467042820643,0.00134828741325203,0.000237877021782813,0.252327039403823,0.24711149641611
20280006,20284006,25,178,2119.11462105581,0.483893316949163,0.464057859446954,0.00134103923405169,0.000236598520409168,0.252327039403823,0.24711149641611
20280006,20284006,25,179,2118.42931809167,0.483736830121534,0.464645199996973,0.00133386675047688,0.000235333367742255,0.252327039403823,0.24711149641611
20280006,20284006,25,180,2117.75083682886,0.483581901008457,0.465229104140134,0.00132676920584656,0.000234081430432895,0.252327039403823,0.24711149641611
20280006,20284006,25,181,2117.07907564567,0.483428506404926,0.465809610918338,0.00131974584402333,0.000232842575223759,0.252327039403823,0.24711149641611
20280006,20284006,25,182,2116.41393456045,0.48327662348044,0.466386758759362,0.00131279590847764,0.000231616668784356,0.252327039403823,0.24711149641611
20280006,20284006,25,183,2115.7553152107,0.483126229774224,0.466960585489869,0.00130591864153314,0.000230403577577978,0.252327039403823,0.24711149641611
20280006,20284006,25,184,2115.10312083306,0.482977303190662,0.46753112834802,0.0012991132837808,0.000229203167758438,0.252327039403823,0.24711149641611
20280006,20284006,25,185,2114.45725624406,0.4828298219949,0.468098423995704,0.00129237907364845,0.000228015305094212,0.252327039403823,0.24711149641611
20280006,20284006,25,186,2113.81762782149,0.482683764808591,0.468662508530378,0.0012857152471133,0.00022683985491781,0.252327039403823,0.24711149641611
20280006,20284006,25,187,2113.18414348618,0.482539110605747,0.469223417496542,0.00127912103754373,0.000225676682097965,0.252327039403823,0.24711149641611
20280006,20284006,25,188,2112.55671268427,0.482395838708665,0.469781185896849,0.00127259567565795,0.000224525651032429,0.252327039403823,0.24711149641611
20280006,20284006,25,189,2111.93524636952,0.482253928783913,0.470335848202869,0.00126613838958676,0.000223386625659135,0.252327039403823,0.24711149641611
20280006,20284006,25,190,2111.31965698594,0.482113360838346,0.470887438365509,0.00125974840502861,0.000222259469483645,0.252327039403823,0.24711149641611
20280006,20284006,25,191,2110.70985845037,0.481974115215144,0.471435989825104,0.00125342494548538,0.000221144045620848,0.252327039403823,0.24711149641611
20280006,20284006,25,192,2110.10576613517,0.48183617258984,0.471981535521201,0.00124716723256831,0.000220040216849011,0.252327039403823,0.24711149641611
20280006,20284006,25,193,2109.50729685074,0.481699513966348,0.472524107902032,0.00124097448636345,0.000218947845674352,0.252327039403823,0.24711149641611
20280006,20284006,25,194,2108.91436882806,0.481564120672964,0.473063738933701,0.00123484592584781,0.000217866794404542,0.252327039403823,0.24711149641611
20280006,20284006,25,195,2108.32690170105,0.481429974358335,0.473600460109089,0.0012287807693469,0.000216796925229518,0.252327039403823,0.24711149641611
20280006,20284006,25,196,2107.74481648872,0.4812970569874,0.474134302456504,0.00122277823502591,0.00021573810030822,0.252327039403823,0.24711149641611
20280006,20284006,25,197,2107.16803557727,0.481165350837285,0.47466529654807,0.00121683754140682,0.000214690181859909,0.252327039403823,0.24711149641611
20280006,20284006,25,198,2106.59648270191,0.481034838493155,0.475193472507877,0.00121095790790509,0.000213653032258924,0.252327039403823,0.24711149641611
20280006,20284006,25,199,2106.03008292849,0.480905502844033,0.47571886001991,0.00120513855537927,0.000212626514131744,0.252327039403823,0.24711149641611
20280006,20284006,25,200,2105.46876263501,0.480777327078558,0.476241488335756,0.00119937870668835,0.000211610490455379,0.252327039403823,0.24711149641611
20280006,20284006,25,201,2104.91244949285,0.480650294680713,0.47676138628211,0.00119367758725174,0.000210604824656253,0.252327039403823,0.24711149641611
20280006,20284006,25,202,2104.36107244789,0.480524389425508,0.477278582268087,0.00118803442560729,0.000209609380708713,0.252327039403823,0.24711149641611
20280006,20284006,25,203,2103.81456170143,0.480399595374622,0.477793104292356,0.00118244845396362,0.000208624023232561,0.252327039403823,0.24711149641611
20280006,20284006,25,204,2103.27284869092,0.480275896872009,0.478304979950093,0.00117691890874296,0.00020764861758888,0.252327039403823,0.24711149641611
20280006,20284006,25,205,2102.73586607063,0.480153278539476,0.47881423643978,0.00117144503111166,0.000206683029973706,0.252327039403823,0.24711149641611
20280006,20284006,25,206,2102.20354769207,0.480031725272223,0.479320900569852,0.00116602606749577,0.000205727127509046,0.252327039403823,0.24711149641611
20280006,20284006,25,207,2101.67582858448,0.479911222234373,0.479824998765191,0.00116066127007881,0.00020478077833077,0.252327039403823,0.24711149641611
20280006,20284006,25,208,2101.15264493503,0.479791754854464,0.480326557073495,0.00115534989728091,0.000203843851673195,0.252327039403823,0.24711149641611
20280006,20284006,25,209,2100.63393406914,0.479673308820946,0.480825601171511,0.00115009121421642,0.000202916217949888,0.252327039403823,0.24711149641611
20280006,20284006,25,210,2100.1196344306,0.47955587007765,0.48132215637115,0.00114488449312977,0.000201997748830608,0.252327039403823,0.24711149641611
20280006,20284006,25,211,2099.60968556179,0.479439424819261,0.481816247625492,0.00113972901380782,0.00020108831731412,0.252327039403823,0.24711149641611
20280006,20284006,25,212,2099.10402808381,0.479323959486792,0.482307899534678,0.00113462406396825,0.000200187797796764,0.252327039403823,0.24711149641611
20280006,20284006,25,213,2098.60260367669,0.479209460763056,0.482797136351698,0.00112956893962337,0.000199296066136694,0.252327039403823,0.24711149641611
20280006,20284006,25,214,2098.10535505959,0.479095915568149,0.483283981988095,0.00112456294541908,0.000198412999713731,0.252327039403823,0.24711149641611
20280006,20284006,25,215,2097.61222597109,0.478983311054951,0.48376846001956,0.00111960539494839,0.000197538477484715,0.252327039403823,0.24711149641611
20280006,20284006,25,216,2097.12316114959,0.47887163460464,0.484250593691454,0.0011146956110401,0.000196672380034493,0.252327039403823,0.24711149641611
20280006,20284006,25,217,2096.6381063137,0.478760873822233,0.484730405924241,0.00110983292602223,0.000195814589622429,0.252327039403823,0.24711149641611
20280006,20284006,25,218,2096.1570081429,0.478651016532148,0.485207919318839,0.00110501668196076,0.000194964990224574,0.252327039403823,0.24711149641611
20280006,20284006,25,219,2095.67981425819,0.478542050773804,0.485683156161902,0.00110024623087368,0.000194123467571462,0.252327039403823,0.24711149641611
20280006,20284006,25,220,2095.20647320299,0.47843396479725,0.486156138431022,0.00109552093492117,0.000193289909181714,0.252327039403823,0.24711149641611
20280006,20284006,25,221,2094.73693442419,0.478326747058835,0.48662688779986,0.00109084016657199,0.000192464204391421,0.252327039403823,0.24711149641611
20280006,20284006,25,222,2094.27114825332,0.478220386216919,0.487095425643221,0.00108620330874681,0.000191646244379476,0.252327039403823,0.24711149641611
20280006,20284006,25,223,2093.809065888,0.478114871127629,0.487561773042041,0.00108160975493905,0.000190835922188919,0.252327039403823,0.24711149641611
20280006,20284006,25,224,2093.35063937358,0.478010190840665,0.48802595078833,0.00107705890931365,0.000190033132744405,0.252327039403823,0.24711149641611
20280006,20284006,25,225,2092.89582158493,0.477906334595152,0.488487979390044,0.00107255018678442,0.000189237772865885,0.252327039403823,0.24711149641611
20280006,20284006,25,226,2092.44456620859,0.477803291815551,0.488947879075888,0.00106808301307072,0.000188449741278627,0.252327039403823,0.24711149641611
20280006,20284006,25,227,2091.99682772506,0.477701052107622,0.489405669800071,0.00106365682473399,0.000187668938619699,0.252327039403823,0.24711149641611
20280006,20284006,25,228,2091.55256139137,0.477599605254451,0.489861371246992,0.00105927106919443,0.000186895267440942,0.252327039403823,0.24711149641611
20280006,20284006,25,229,2091.11172322398,0.477498941212525,0.490315002835875,0.00105492520472898,0.00018612863220864,0.252327039403823,0.24711149641611
20280006,20284006,25,230,2090.67426998184,0.477399050107888,0.490766583725333,0.00105061870045083,0.000185368939299928,0.252327039403823,0.24711149641611
20280006,20284006,25,231,2090.24015914984,0.477299922232345,0.491216132817888,0.00104635103627074,0.000184616096996004,0.252327039403823,0.24711149641611
20280006,20284006,25,232,2089.8093489225,0.47720154803974,0.491663668764421,0.0010421217028418,0.000183870015472399,0.252327039403823,0.24711149641611
20280006,20284006,25,233,2089.38179818792,0.477103918142299,0.492109209968574,0.00103793020148675,0.000183130606786186,0.252327039403823,0.24711149641611
20280006,20284006,25,234,2088.95746651213,0.477007023307047,0.492552774591087,0.00103377604410949,0.000182397784860388,0.252327039403823,0.24711149641611
20280006,20284006,25,235,2088.53631412363,0.476910854452287,0.49299438055408,0.00102965875309112,0.000181671465465658,0.252327039403823,0.24711149641611
20280006,20284006,25,236,2088.11830189834,0.476815402644155,0.493434045545275,0.00102557786117063,0.000180951566199262,0.252327039403823,0.24711149641611
20280006,20284006,25,237,2087.70339134483,0.47672065909325,0.493871787022164,0.00102153291131134,0.000180238006461522,0.252327039403823,0.24711149641611
20280006,20284006,25,238,2087.29154458987,0.476626615151335,0.494307622216115,0.00101752345655341,0.000179530707429828,0.252327039403823,0.24711149641611
20280006,20284006,25,239,2086.88272436428,0.47653326230811,0.494741568136415,0.00101354905985295,0.000178829592030265,0.252327039403823,0.24711149641611
20280006,20284006,25,240,2086.47689398919,0.476440592188066,0.495173641574261,0.0010096092939085,0.000178134584907023,0.252327039403823,0.24711149641611
20280006,20284006,25,241,2086.07401736254,0.476348596547407,0.495603859106689,0.00100570374097555,0.000177445612389691,0.252327039403823,0.24711149641611
20280006,20284006,25,242,2085.67405894596,0.476257267271059,0.496032237100436,0.00100183199266931,0.000176762602458478,0.252327039403823,0.24711149641611
20280006,20284006,25,243,2085.276983752,0.476166596369743,0.496458791715749,0.000997993649757046,0.000176085484707592,0.252327039403823,0.24711149641611
20280006,20284006,25,244,2084.88275733165,0.476076575977134,0.496883538910126,0.000994188321940103,0.000175414190306804,0.252327039403823,0.24711149641611
20280006,20284006,25,245,2084.49134576226,0.475987198347097,0.497306494441999,0.000990415627626734,0.000174748651961382,0.252327039403823,0.24711149641611
20280006,20284006,25,246,2084.10271563571,0.475898455850994,0.497727673874351,0.000986675193696116,0.000174088803870471,0.252327039403823,0.24711149641611
20280006,20284006,25,247,2083.71683404704,0.475810340975074,0.498147092578273,0.000982966655254598,0.000173434581684108,0.252327039403823,0.24711149641611
20280006,20284006,25,248,2083.33366858326,0.475722846317936,0.498564765736447,0.000979289655384905,0.00017278592245899,0.252327039403823,0.24711149641611
20280006,20284006,25,249,2082.95318731269,0.475635964588073,0.498980708346578,0.00097564384488882,0.000172142764613084,0.252327039403823,0.24711149641611
20280006,20284006,25,250,2082.57535877443,0.47554968860149,0.49939493522475,0.000972028882024676,0.000171505047879335,0.252327039403823,0.24711149641611
20280006,20284006,25,251,2082.20015196833,0.475464011279393,0.499807461008722,0.000968444432239924,0.000170872713258493,0.252327039403823,0.24711149641611
20280006,20284006,25,252,2081.82753634517,0.475378925645965,0.500218300161149,0.000964890167899973,0.000170245702971285,0.252327039403823,0.24711149641611
20280006,20284006,25,253,2081.45748179724,0.475294424826204,0.500627466972749,0.000961365768014098,0.000169623960410073,0.252327039403823,0.24711149641611
20280006,20284006,25,254,2081.08995864923,0.47521050204384,0.50103497556539,0.000957870917958998,0.000169007430090094,0.252327039403823,0.24711149641611
20280006,20284006,25,255,2080.72493764939,0.475127150619328,0.501440839895116,0.000954405309201259,0.000168396057600504,0.252327039403823,0.24711149641611
20280006,20284006,25,256,2080.36238996106,0.475044363967906,0.501845073755105,0.000950968639019248,0.000167789789555325,0.252327039403823,0.24711149641611
20280006,20284006,25,257,2080.00228715449,0.474962135597724,0.502247690778552,0.000947560610225261,0.000167188573544435,0.252327039403823,0.24711149641611
20280006,20284006,25,258,2079.64460119892,0.47488045910805,0.502648704441495,0.000944180930888946,0.000166592358084786,0.252327039403823,0.24711149641611
20280006,20284006,25,259,2079.28930445506,0.474799328187534,0.503048128065559,0.000940829314062555,0.000166001092571936,0.252327039403823,0.24711149641611
20280006,20284006,25,260,2078.93636966774,0.47471873661254,0.503445974820641,0.000937505477508963,0.000165414727232075,0.252327039403823,0.24711149641611
20280006,20284006,25,261,2078.58576995891,0.474638678245549,0.503842257727523,0.000934209143433114,0.000164833213074657,0.252327039403823,0.24711149641611
20280006,20284006,25,262,2078.23747882091,0.474559147033619,0.504236989660417,0.000930940038217588,0.000164256501845755,0.252327039403823,0.24711149641611
20280006,20284006,25,263,2077.89147010998,0.474480137006904,0.504630183349437,0.000927697892163075,0.00016368454598228,0.252327039403823,0.24711149641611
20280006,20284006,25,264,2077.5477180401,0.474401642277241,0.505021851383014,0.000924482439234206,0.000163117298567149,0.252327039403823,0.24711149641611
20280006,20284006,25,265,2077.20619717697,0.47432365703679,0.505412006210229,0.000921293416811677,0.000162554713285562,0.252327039403823,0.24711149641611
20280006,20284006,25,266,2076.86688243234,0.474246175556723,0.505800660143094,0.00091813056545082,0.000161996744382414,0.252327039403823,0.24711149641611
20280006,20284006,25,267,2076.52974905851,0.474169192185981,0.506187825358753,0.00091499362864761,0.000161443346621019,0.252327039403823,0.24711149641611
20280006,20284006,25,268,2076.19477264309,0.474092701350069,0.506573513901622,0.000911882352612224,0.00016089447524317,0.252327039403823,0.24711149641611
20280006,20284006,25,269,2075.86192910397,0.474016697549911,0.50695773768547,0.000908796486050948,0.000160350085930669,0.252327039403823,0.24711149641611
20280006,20284006,25,270,2075.53119468448,0.473941175360745,0.507340508495426,0.000905735779956323,0.000159810134768304,0.252327039403823,0.24711149641611
20280006,20284006,25,271,2075.20254594878,0.473866129431069,0.507721837989926,0.000902699987406806,0.000159274578208518,0.252327039403823,0.24711149641611
20280006,20284006,25,272,2074.87595977743,0.473791554481628,0.508101737702602,0.000899688863375244,0.000158743373037622,0.252327039403823,0.24711149641611
20280006,20284006,25,273,2074.55141336311,0.473717445304441,0.508480219044101,0.000896702164547162,0.000158216476343743,0.252327039403823,0.24711149641611
20280006,20284006,25,274,2074.22888420656,0.473643796761873,0.508857293303851,0.000893739649148988,0.000157693845486524,0.252327039403823,0.24711149641611
20280006,20284006,25,275,2073.90835011266,0.473570603785736,0.509232971651765,0.000890801076786182,0.000157175438068573,0.252327039403823,0.24711149641611
20280006,20284006,25,276,2073.58978918667,0.473497861376432,0.509607265139886,0.000887886208291695,0.000156661211908732,0.252327039403823,0.24711149641611
20280006,20284006,25,277,2073.2731798306,0.473425564602126,0.50998018470398,0.000884994805584961,0.000156151125017205,0.252327039403823,0.24711149641611
20280006,20284006,25,278,2072.95850073972,0.473353708597949,0.510351741165068,0.000882126631541168,0.000155645135572503,0.252327039403823,0.24711149641611
20280006,20284006,25,279,2072.64573089921,0.473282288565234,0.51072194523091,0.000879281449871294,0.000155143201900279,0.252327039403823,0.24711149641611
20280006,20284006,25,280,2072.33484958094,0.473211299770771,0.511090807497432,0.000876459025012627,0.000154645282454024,0.252327039403823,0.24711149641611
20280006,20284006,25,281,2072.02583634029,0.473140737546099,0.511458338450107,0.000873659122030026,0.000154151335797648,0.252327039403823,0.24711149641611
20280006,20284006,25,282,2071.71867101319,0.473070597286809,0.511824548465286,0.000870881506527674,0.000153661320589921,0.252327039403823,0.24711149641611
20280006,20284006,25,283,2071.41333371308,0.473000874451873,0.51218944781148,0.000868125944571434,0.000153175195570775,0.252327039403823,0.24711149641611
20280006,20284006,25,284,2071.10980482818,0.472931564562995,0.5125530466506,0.000865392202621583,0.000152692919549445,0.252327039403823,0.24711149641611
20280006,20284006,25,285,2070.80806501861,0.472862663203976,0.512915355039148,0.000862680047475914,0.000152214451394433,0.252327039403823,0.24711149641611
20280006,20284006,25,286,2070.50809521373,0.472794166020092,0.513276382929374,0.000859989246222936,0.00015173975002526,0.252327039403823,0.24711149641611
20280006,20284006,25,287,2070.20987660948,0.472726068717495,0.513636140170384,0.000857319566205208,0.000151268774406,0.252327039403823,0.24711149641611
20280006,20284006,25,288,2069.91339066578,0.472658367062615,0.51399463650922,0.000854670774992336,0.000150801483540522,0.252327039403823,0.24711149641611
20280006,20284006,25,289,2069.61861910399,0.472591056881581,0.514351881591893,0.000852042640363571,0.000150337836469424,0.252327039403823,0.24711149641611
20280006,20284006,25,290,2069.32554390442,0.47252413405965,0.51470788496439,0.000849434930299762,0.000149877792268621,0.252327039403823,0.24711149641611
20280006,20284006,25,291,2069.0341473038,0.472457594540637,0.51506265607364,0.00084684741298441,0.000149421310049529,0.252327039403823,0.24711149641611
20280006,20284006,25,292,2068.74441179291,0.47239143432636,0.515416204268461,0.000844279856813197,0.000148968348960761,0.252327039403823,0.24711149641611
20280006,20284006,25,293,2068.45632011407,0.472325649476088,0.515768538800465,0.000841732030412284,0.000148518868191354,0.252327039403823,0.24711149641611
20280006,20284006,25,294,2068.16985525882,0.472260236105985,0.516119668824945,0.000839203702664503,0.000148072826975396,0.252327039403823,0.24711149641611
20280006,20284006,25,295,2067.88500046544,0.472195190388567,0.51646960340173,0.000836694642743311,0.000147630184598021,0.252327039403823,0.24711149641611
20280006,20284006,25,296,2067.60173921663,0.472130508552157,0.516818351496025,0.000834204620153976,0.000147190900402683,0.252327039403823,0.24711149641611
20280006,20284006,25,297,2067.32005523704,0.472066186880334,0.517165921979218,0.000831733404781937,0.000146754933799691,0.252327039403823,0.24711149641611
20280006,20284006,25,298,2067.03993249098,0.47200222171139,0.517512323629674,0.00082928076694755,0.00014632224427587,0.252327039403823,0.24711149641611
20280006,20284006,25,299,2066.7613551799,0.471938609437782,0.517857565133515,0.000826846477466947,0.000145892791405309,0.252327039403823,0.24711149641611
20280006,20284006,25,300,2066.48430774009,0.471875346505578,0.518201655085368,0.00082443030771842,0.000145466534861074,0.252327039403823,0.24711149641611
20280006,20284006,25,301,2066.20877484017,0.471812429413909,0.518544601989113,0.000822032029714395,0.000145043434427912,0.252327039403823,0.24711149641611
20280006,20284006,25,302,2065.93474137871,0.471749854714407,0.518886414258613,0.000819651416177655,0.000144623450015701,0.252327039403823,0.24711149641611
20280006,20284006,25,303,2065.6621924817,0.471687619010641,0.519227100218425,0.00081728824062217,0.000144206541673724,0.252327039403823,0.24711149641611
20280006,20284006,25,304,2065.39111350016,0.471625718957557,0.519566668104513,0.000814942277437528,0.000143792669605559,0.252327039403823,0.24711149641611
20280006,20284006,25,305,2065.12149000754,0.4715641512609,0.519905126064937,0.00081261330197672,0.000143381794184578,0.252327039403823,0.24711149641611
20280006,20284006,25,306,2064.85330779726,0.471502912676639,0.52024248216055,0.000810301090646613,0.000142973875969912,0.252327039403823,0.24711149641611
20280006,20284006,25,307,2064.58655288009,0.471442000010378,0.520578744365675,0.000808005421000805,0.000142568875722839,0.252327039403823,0.24711149641611
20280006,20284006,25,308,2064.32121148162,0.471381410116771,0.520913920568785,0.000805726071834264,0.000142166754423486,0.252327039403823,0.24711149641611
20280006,20284006,25,309,2064.0572700396,0.471321139898921,0.521248018573174,0.000803462823279065,0.000141767473287721,0.252327039403823,0.24711149641611
20280006,20284006,25,310,2063.79471520133,0.47126118630778,0.521581046097631,0.000801215456901272,0.000141370993784253,0.252327039403823,0.24711149641611
20280006,20284006,25,311,2063.53353382096,0.471201546341534,0.521913010777106,0.000798983755797832,0.000140977277651734,0.252327039403823,0.24711149641611
20280006,20284006,25,312,2063.27371295682,0.471142217044991,0.522243920163377,0.000796767504693389,0.000140586286915838,0.252327039403823,0.24711149641611
20280006,20284006,25,313,2063.01523986865,0.471083195508953,0.52257378172572,0.000794566490036504,0.000140197983906247,0.252327039403823,0.24711149641611
20280006,20284006,25,314,2062.75810201489,0.471024478869591,0.522902602851574,0.000792380500094779,0.000139812331273434,0.252327039403823,0.24711149641611
20280006,20284006,25,315,2062.50228704985,0.470966064307808,0.523230390847216,0.000790209325048383,0.000139429292005172,0.252327039403823,0.24711149641611
20280006,20284006,25,316,2062.24778282095,0.470907949048597,0.523557152938426,0.000788052757081709,0.000139048829442706,0.252327039403823,0.24711149641611
20280006,20284006,25,317,2061.99457736585,0.470850130360395,0.52388289627117,0.000785910590472658,0.00013867090729651,0.252327039403823,0.24711149641611
20280006,20284006,25,318,2061.7426589096,0.470792605554431,0.524207627912272,0.000783782621679103,0.000138295489661546,0.252327039403823,0.24711149641611
20280006,20284006,25,319,2061.49201586182,0.470735371984072,0.524531354850102,0.000781668649422311,0.000137922541031989,0.252327039403823,0.24711149641611
20280006,20284006,25,320,2061.24263681372,0.470678427044161,0.524854083995259,0.000779568474766939,0.000137552026315338,0.252327039403823,0.24711149641611
20280006,20284006,30,10,4663.04958839702,1,0.290595978154241,NaN,NaN,0.25204823318037,0.24711149641611
20280006,20284006,30,11,3746.98147295464,0.80354742147246,0.262377396539774,0.0605428823944801,0.0107626258812227,0.25204823318037,0.24711149641611
20280006,20284006,30,12,3347.77363479209,0.717936528730533,0.246917085326618,0.0396315326335026,0.00702035556501747,0.25204823318037,0.24711149641611
20280006,20284006,30,13,3111.98062800667,0.667370262531661,0.237746697248592,0.0306305138937705,0.00541697646489472,0.25204823318037,0.24711149641611
20280006,20284006,30,14,2955.09361490412,0.633725539238791,0.232387495036373,0.0251452405380897,0.00444272164224468,0.25204823318037,0.24711149641611
20280006,20284006,30,15,2841.72371591709,0.609413145206111,0.229478552869384,0.0214296654919936,0.0037840560279196,0.25204823318037,0.24711149641611
20280006,20284006,30,16,2754.40603350257,0.590687699388038,0.228201118586546,0.0187667253412814,0.00331259607244348,0.25204823318037,0.24711149641611
20280006,20284006,30,17,2683.86278335953,0.575559563003091,0.228040665903258,0.0167661146855687,0.00295871604334965,0.25204823318037,0.24711149641611
20280006,20284006,30,18,2624.87263671075,0.562909011999823,0.228662366198194,0.0152021423302297,0.00268225337551786,0.25204823318037,0.24711149641611
20280006,20284006,30,19,2574.30137562082,0.552063907282137,0.229841049512413,0.0139436698651938,0.00245990314622809,0.25204823318037,0.24711149641611
20280006,20284006,30,20,2530.1410011932,0.542593629604305,0.231421025659628,0.012908603745585,0.00227709344237921,0.25204823318037,0.24711149641611
20280006,20284006,30,21,2491.03424298098,0.534207109694775,0.233292180216177,0.0120405689800427,0.00212382918715665,0.25204823318037,0.24711149641611
20280006,20284006,30,22,2456.02432814268,0.526699165767818,0.235375007002833,0.0112993853824501,0.00199299309979692,0.25204823318037,0.24711149641611
20280006,20284006,30,23,2424.41177649009,0.519919792944666,0.237610960978343,0.010656600114208,0.00187954817209765,0.25204823318037,0.24711149641611
20280006,20284006,30,24,2395.668056914,0.51375564670706,0.239956191251284,0.0100920688952196,0.00177992964504196,0.25204823318037,0.24711149641611
20280006,20284006,30,25,2369.38195551538,0.508118541439291,0.242377410268885,0.00959126934916383,0.00169156844072374,0.25204823318037,0.24711149641611
20280006,20284006,30,26,2345.22508712575,0.502938054307065,0.244849100213447,0.00914347088670788,0.00161256684668664,0.25204823318037,0.24711149641611
20280006,20284006,30,27,2322.9292745934,0.498156674201686,0.247351575294138,0.0087404402415245,0.00154146928182518,0.25204823318037,0.24711149641611
20280006,20284006,30,28,2302.27162282576,0.493726600839601,0.249869603825056,0.00837559631431706,0.00147711265233644,0.25204823318037,0.24711149641611
20280006,20284006,30,29,2283.0644592678,0.489607587478526,0.252391402094117,0.00804356299354992,0.00141854711237217,0.25204823318037,0.24711149641611
20280006,20284006,30,30,2265.14829903442,0.485765432276497,0.254907881329749,0.00773992125892394,0.00136499210626068,0.25204823318037,0.24711149641611
20280006,20284006,30,31,2248.38676930002,0.482170889817394,0.257412070901566,0.00746099879796417,0.00131579911049616,0.25204823318037,0.24711149641611
20280006,20284006,30,32,2232.66286438497,0.478798868006993,0.259898665686769,0.00720366671294345,0.00127041567780165,0.25204823318037,0.24711149641611
20280006,20284006,30,33,2217.87607882614,0.475627813254408,0.262363662974413,0.00696518361902182,0.00122835787122288,0.25204823318037,0.24711149641611
20280006,20284006,30,34,2203.94005626263,0.472639206271075,0.264804067936409,0.00674311649047196,0.00118919625457165,0.25204823318037,0.24711149641611
20280006,20284006,30,35,2190.78050733171,0.469817115559524,0.267217655990558,0.00653532516210365,0.00115255312409982,0.25204823318037,0.24711149641611
20280006,20284006,30,36,2178.33328561819,0.467147784796991,0.269602784878303,0.0063399733797318,0.00111810443344561,0.25204823318037,0.24711149641611
20280006,20284006,30,37,2166.54261398798,0.464619252469232,0.27195825029255,0.00615553565119133,0.00108558098580643,0.25204823318037,0.24711149641611
20280006,20284006,30,38,2155.35949937601,0.462221011918714,0.274283178485022,0.00598078720125813,0.00105476665143489,0.25204823318037,0.24711149641611
20280006,20284006,30,39,2144.74037670403,0.459943720530176,0.276576948909754,0.00581477639904166,0.00102549349716226,0.25204823318037,0.24711149641611
20280006,20284006,30,40,2134.6460057557,0.457778963163356,0.278839140086198,0.00565678317798707,0.000997634447668273,0.25204823318037,0.24711149641611
20280006,20284006,30,41,2125.04062227308,0.455719070103989,0.28106949242167,0.00550626852446959,0.000971094373184177,0.25204823318037,0.24711149641611
20280006,20284006,30,42,2115.8913223348,0.453756985042522,0.283267882581424,0.00536282149249888,0.000945800742180714,0.25204823318037,0.24711149641611
20280006,20284006,30,43,2107.16764172222,0.451886174868361,0.285434305049864,0.00522611046962678,0.000921695024773565,0.25204823318037,0.24711149641611
20280006,20284006,30,44,2098.84128287603,0.450100571115208,0.287568857686095,0.00509584382731375,0.000898725751800162,0.25204823318037,0.24711149641611
20280006,20284006,30,45,2090.88594182619,0.448394532845823,0.289671729196381,0.00497174234703547,0.000876843650975327,0.25204823318037,0.24711149641611
20280006,20284006,30,46,2083.27719403842,0.446762822171612,0.291743187387577,0.00485352315370735,0.000855998812561557,0.25204823318037,0.24711149641611
20280006,20284006,30,47,2075.99240815517,0.445200585754187,0.293783567750957,0.00474089311953471,0.000836139525212291,0.25204823318037,0.24711149641611
20280006,20284006,30,48,2069.01066709857,0.443703337885759,0.295793262349499,0.00463354899470427,0.00081721229810173,0.25204823318037,0.24711149641611
20280006,20284006,30,49,2062.31268499591,0.442266942673637,0.297772709189738,0.00453118161828566,0.000799162602605776,0.25204823318037,0.24711149641611
20280006,20284006,30,50,2055.88071508047,0.440887594289385,0.299722382318606,0.00443348206736015,0.000781935955820502,0.25204823318037,0.24711149641611
20280006,20284006,30,51,2049.69844814828,0.43956179519268,0.301642782859125,0.00434014819423486,0.000765479072582954,0.25204823318037,0.24711149641611
20280006,20284006,30,52,2043.75090375746,0.438286332798795,0.303534431133046,0.00425089051761934,0.000749740903653938,0.25204823318037,0.24711149641611
20280006,20284006,30,53,2038.0243176521,0.437058255336439,0.3053978599424,0.00416543683970673,0.000734673449321156,0.25204823318037,0.24711149641611
20280006,20284006,30,54,2032.50602929145,0.43587484772817,0.307233609010718,0.00408353528042441,0.000720232293981642,0.25204823318037,0.24711149641611
20280006,20284006,30,55,2027.18437315437,0.434733608280421,0.309042220525273,0.00400495567830052,0.000706376852782845,0.25204823318037,0.24711149641611
20280006,20284006,30,56,2022.04857687203,0.433632226837875,0.310824235676737,0.0039294895125935,0.000693070357582352,0.25204823318037,0.24711149641611
20280006,20284006,30,57,2017.08866838162,0.432568564872375,0.312580192062594,0.00385694864805804,0.00068027963535832,0.25204823318037,0.24711149641611
20280006,20284006,30,58,2012.2953933359,0.431540637771268,0.314310621805294,0.00378716328400586,0.000667974746361001,0.25204823318037,0.24711149641611
20280006,20284006,30,59,2007.66014308332,0.430546599392584,0.316016050234059,0.00371997950218361,0.000656128551566105,0.25204823318037,0.24711149641611
20280006,20284006,30,60,2003.17489275547,0.429584728787774,0.317696994988682,0.00365525676346538,0.000644716271141448,0.25204823318037,0.24711149641611
20280006,20284006,30,61,1998.83214843312,0.428653418871371,0.31935396542169,0.00359286562057372,0.000633715081042038,0.25204823318037,0.24711149641611
20280006,20284006,30,62,1994.62490203177,0.427751166746104,0.320987462198707,0.00353268581536806,0.000623103777449296,0.25204823318037,0.24711149641611
20280006,20284006,30,63,1990.54659243695,0.426876565368293,0.322597977022413,0.00347460483415107,0.000612862522002354,0.25204823318037,0.24711149641611
20280006,20284006,30,64,1986.59107148668,0.42602829625271,0.324185992430109,0.00341851691589958,0.000602972666918763,0.25204823318037,0.24711149641611
20280006,20284006,30,65,1982.75257358735,0.425205122956659,0.325751981636368,0.00336432245230914,0.000593416649223183,0.25204823318037,0.24711149641611
20280006,20284006,30,66,1979.02568800537,0.424405885137861,0.32729640840905,0.00331192768563231,0.000584177937499323,0.25204823318037,0.24711149641611
20280006,20284006,30,67,1975.40533315072,0.423629493039509,0.328819726978529,0.00326124459783158,0.000575241012383174,0.25204823318037,0.24711149641611
20280006,20284006,30,68,1971.88673242461,0.422874922310759,0.330322381986428,0.00321219088838691,0.000566591362689547,0.25204823318037,0.24711149641611
20280006,20284006,30,69,1968.46539141707,0.422141209116705,0.33180480848212,0.00316468995358038,0.000558215481794797,0.25204823318037,0.24711149641611
20280006,20284006,30,70,1965.13707639903,0.42142744552596,0.333267431973846,0.00311867080269581,0.000550100852887716,0.25204823318037,0.24711149641611
20280006,20284006,30,71,1961.89779415417,0.420732775185562,0.33471066853757,0.00307406787214321,0.000542235916211176,0.25204823318037,0.24711149641611
20280006,20284006,30,72,1958.74377324337,0.420056389303102,0.336134924982002,0.00303082072343753,0.000534610015812651,0.25204823318037,0.24711149641611
20280006,20284006,30,73,1955.67144679788,0.419397522956682,0.337540599063382,0.00298887363237967,0.00052721332709986,0.25204823318037,0.24711149641611
20280006,20284006,30,74,1952.67743690849,0.418755451747137,0.338928079739653,0.00294817509281043,0.000520036769324091,0.25204823318037,0.24711149641611
20280006,20284006,30,75,1949.75854063019,0.418129488796717,0.340297747450899,0.0029086772680645,0.000513071908834856,0.25204823318037,0.24711149641611
20280006,20284006,30,76,1946.91171756665,0.417518982086555,0.341649974411702,0.0028703354268542,0.000506310859584989,0.25204823318037,0.24711149641611
20280006,20284006,30,77,1944.13407894561,0.416923312113851,0.342985124901338,0.00283310739864727,0.000499746187071784,0.25204823318037,0.24711149641611
20280006,20284006,30,78,1941.42287805227,0.416341889840305,0.344303555539248,0.0027969530780502,0.000493370820920142,0.25204823318037,0.24711149641611
20280006,20284006,30,79,1938.77550185709,0.415774154896682,0.345605615535674,0.00276183399981906,0.000487177979922218,0.25204823318037,0.24711149641611
20280006,20284006,30,80,1936.18946365768,0.415219574004845,0.346891646910381,0.0027277129973539,0.000481161111801715,0.25204823318037,0.24711149641611
20280006,20284006,30,81,1933.66239655181,0.414677639578036,0.348161984675547,0.00269455394907872,0.000475313848479725,0.25204823318037,0.24711149641611
20280006,20284006,30,82,1931.19204756753,0.414147868462063,0.349416956981994,0.00266232160979937,0.000469629976329594,0.25204823318037,0.24711149641611
20280006,20284006,30,83,1928.77627229413,0.413629800783906,0.350656885230571,0.00263098151844512,0.000464103419905133,0.25204823318037,0.24711149641611
20280006,20284006,30,84,1926.41302988141,0.413122998879289,0.351882084152665,0.00260049996971565,0.000458728236941325,0.25204823318037,0.24711149641611
20280006,20284006,30,85,1924.10037830097,0.412627046276469,0.353092861865301,0.00257084403502056,0.000453498622050037,0.25204823318037,0.24711149641611
20280006,20284006,30,86,1921.83646979055,0.412141546719258,0.354289519907197,0.00254198161751662,0.00044840891643062,0.25204823318037,0.24711149641611
20280006,20284006,30,87,1919.61954642731,0.411666123217704,0.355472353262424,0.0025138815267328,0.000443453621035937,0.25204823318037,0.24711149641611
20280006,20284006,30,88,1917.44793579861,0.41120041711968,0.356641650378113,0.00248651355989827,0.000438627410921038,0.25204823318037,0.24711149641611
20280006,20284006,30,89,1915.32004675689,0.41074408720052,0.357797693182049,0.00245984857933854,0.000433925148898528,0.25204823318037,0.24711149641611
20280006,20284006,30,90,1913.23436525986,0.410296808770923,0.3589407571051,0.00243385857786939,0.00042934189707706,0.25204823318037,0.24711149641611
20280006,20284006,30,91,1911.1894503065,0.409858272805437,0.360071111112372,0.00240851672674598,0.000424872925322793,0.25204823318037,0.24711149641611
20280006,20284006,30,92,1909.18392998576,0.409428185095083,0.361189017745837,0.00238379740319634,0.000420513716119805,0.25204823318037,0.24711149641611
20280006,20284006,30,93,1907.21649765705,0.40900626542826,0.362294733180105,0.00235967619673533,0.000416259965687558,0.25204823318037,0.24711149641611
20280006,20284006,30,94,1905.28590828147,0.408592246803971,0.363388507291947,0.00233612989521381,0.000412107581523823,0.25204823318037,0.24711149641611
20280006,20284006,30,95,1903.39097492046,0.408185874680946,0.364470583743347,0.00231313645286575,0.000408052676772152,0.25204823318037,0.24711149641611
20280006,20284006,30,96,1901.53056541478,0.407786906265446,0.36554120007709,0.00229067494347109,0.000404091561963854,0.25204823318037,0.24711149641611
20280006,20284006,30,97,1899.70359925252,0.407395109839604,0.366600587823422,0.00226872550219529,0.000400220734762605,0.25204823318037,0.24711149641611
20280006,20284006,30,98,1897.90904463022,0.407010264131171,0.367648972615908,0.0022472692597555,0.000396436868355494,0.25204823318037,0.24711149641611
20280006,20284006,30,99,1896.14591570677,0.406632157724617,0.368686574314466,0.00222628827237897,0.000392736799101848,0.25204823318037,0.24711149641611
20280006,20284006,30,100,1894.41327004606,0.406260588512696,0.369713607133487,0.00220576545064003,0.000389117513984216,0.25204823318037,0.24711149641611
20280006,20284006,30,101,1892.71020624095,0.405895363186905,0.370730279773036,0.0021856844897634,0.000385576138318007,0.25204823318037,0.24711149641611
20280006,20284006,30,102,1891.0358617089,0.405536296764745,0.371736795551292,0.00216602980343156,0.000382109924079194,0.25204823318037,0.24711149641611
20280006,20284006,30,103,1889.38941064759,0.405183212151318,0.372733352536618,0.00214678646258362,0.000378716239112463,0.25204823318037,0.24711149641611
20280006,20284006,30,104,1887.77006213831,0.404835939732577,0.373720143677914,0.0021279401401802,0.000375392557391704,0.25204823318037,0.24711149641611
20280006,20284006,30,105,1886.17705838391,0.404494316997455,0.374697356932209,0.00210947706245954,0.00037213645042543,0.25204823318037,0.24711149641611
20280006,20284006,30,106,1884.60967306858,0.404158188186121,0.375665175388718,0.00209138396683452,0.000368945579833578,0.25204823318037,0.24711149641611
20280006,20284006,30,107,1883.06720982702,0.403827403961695,0.376623777388877,0.00207364806628263,0.000365817691069502,0.25204823318037,0.24711149641611
20280006,20284006,30,108,1881.54900081144,0.403501821102924,0.3775733366421,0.00205625701985745,0.000362750608221668,0.25204823318037,0.24711149641611
20280006,20284006,30,109,1880.05440534543,0.403181302215515,0.378514022337231,0.00203919890879324,0.00035974222980182,0.25204823318037,0.24711149641611
20280006,20284006,30,110,1878.58280865528,0.402865715460056,0.379445999249832,0.0020224622175727,0.000356790525408451,0.25204823318037,0.24711149641611
20280006,20284006,30,111,1877.13362066992,0.402554934294664,0.380369427845594,0.00200603581927395,0.000353893533144981,0.25204823318037,0.24711149641611
20280006,20284006,30,112,1875.70627488212,0.402248837230769,0.381284464380245,0.00198990896449421,0.000351049357668646,0.25204823318037,0.24711149641611
20280006,20284006,30,113,1874.30022726445,0.401947307600639,0.382191260996416,0.0019740712731582,0.000348256168748089,0.25204823318037,0.24711149641611
20280006,20284006,30,114,1872.91495523459,0.401650233335483,0.383089965817946,0.00195851272855014,0.000345512200212992,0.25204823318037,0.24711149641611
20280006,20284006,30,115,1871.54995666543,0.401357506753171,0.383980723042119,0.00194322367295566,0.000342815749187521,0.25204823318037,0.24711149641611
20280006,20284006,30,116,1870.20474893625,0.401069024354759,0.384863673030299,0.0019281948043581,0.000340165175509592,0.25204823318037,0.24711149641611
20280006,20284006,30,117,1868.87886802212,0.400784686629199,0.385738952397412,0.00191341717369955,0.000337558901249581,0.25204823318037,0.24711149641611
20280006,20284006,30,118,1867.571867619,0.400504397865733,0.386606694100653,0.00189888218228838,0.000334995410254724,0.25204823318037,0.24711149641611
20280006,20284006,30,119,1866.28331830297,0.400228065973566,0.387467027527748,0.00188458157900857,0.000332473247658411,0.25204823318037,0.24711149641611
20280006,20284006,30,120,1865.01280672195,0.399955602308547,0.388320078585021,0.00187050745705969,0.000329991019306541,0.25204823318037,0.24711149641611
20280006,20284006,30,121,1863.75993481906,0.399686921506609,0.38916596978548,0.00185665225002915,0.000327547391065986,0.25204823318037,0.24711149641611
20280006,20284006,30,122,1862.52431908674,0.399421941323813,0.390004820337007,0.00184300872716678,0.000325141087992216,0.25204823318037,0.24711149641611
20280006,20284006,30,123,1861.30558985098,0.399160582482854,0.390836746230747,0.00182956998779485,0.000322770893344337,0.25204823318037,0.24711149641611
20280006,20284006,30,124,1860.10339058516,0.398902768525907,0.391661860329669,0.00181632945484326,0.000320435647445707,0.25204823318037,0.24711149641611
20280006,20284006,30,125,1858.91737725298,0.398648425673723,0.392480272457251,0.0018032808675474,0.000318134246396783,0.25204823318037,0.24711149641611
20280006,20284006,30,126,1857.74721767999,0.398397482690852,0.393292089486198,0.00179041827338515,0.000315865640653689,0.25204823318037,0.24711149641611
20280006,20284006,30,127,1856.59259095319,0.39814987075688,0.394097415427041,0.00177773601935868,0.000313628833491141,0.25204823318037,0.24711149641611
20280006,20284006,30,128,1855.45318684805,0.397905523343552,0.39489635151648,0.00176522874274548,0.000311422879371701,0.25204823318037,0.24711149641611
20280006,20284006,30,129,1854.32870528226,0.397664376097641,0.395688996305258,0.00175289136145294,0.000309246882245065,0.25204823318037,0.24711149641611
20280006,20284006,30,130,1853.21885579553,0.397426366729374,0.396475445745409,0.00174071906411159,0.000307099993801203,0.25204823318037,0.24711149641611
20280006,20284006,30,131,1852.12335705451,0.397191434906272,0.397255793276654,0.00172870730003457,0.000304981411699879,0.25204823318037,0.24711149641611
20280006,20284006,30,132,1851.04193638201,0.396959522152182,0.398030129911775,0.00171685176915803,0.00030289037779678,0.25204823318037,0.24711149641611
20280006,20284006,30,133,1849.97432930945,0.396730571751309,0.398798544320763,0.00170514841205805,0.000300826176383118,0.25204823318037,0.24711149641611
20280006,20284006,30,134,1848.92027915185,0.396504528657058,0.399561122913581,0.00169359340011892,0.000298788132451917,0.25204823318037,0.24711149641611
20280006,20284006,30,135,1847.87953660403,0.396281339405456,0.40031794992138,0.00168218312590409,0.000296775610000009,0.25204823318037,0.24711149641611
20280006,20284006,30,136,1846.85185935746,0.396060952032967,0.401069107476014,0.00167091419375822,0.000294788010370801,0.25204823318037,0.24711149641611
20280006,20284006,30,137,1845.83701173659,0.395843315998516,0.401814675687748,0.00165978341064767,0.000292824770639064,0.25204823318037,0.24711149641611
20280006,20284006,30,138,1844.83476435399,0.395628382109523,0.402554732721047,0.00164878777722766,0.000290885362035685,0.25204823318037,0.24711149641611
20280006,20284006,30,139,1843.8448937834,0.395416102451797,0.403289354868346,0.00163792447910934,0.000288969288407668,0.25204823318037,0.24711149641611
20280006,20284006,30,140,1842.86718225016,0.395206430323138,0.404018616621761,0.00162719087828943,0.000287076084706776,0.25204823318037,0.24711149641611
20280006,20284006,30,141,1841.90141733821,0.394999320170512,0.404742590742648,0.00161658450469743,0.000285205315498888,0.25204823318037,0.24711149641611
20280006,20284006,30,142,1840.94739171327,0.394794727530684,0.405461348329009,0.00160610304781486,0.000283356573486045,0.25204823318037,0.24711149641611
20280006,20284006,30,143,1840.0049028617,0.394592608974211,0.406174958880686,0.00159574434832123,0.000281529478033165,0.25204823318037,0.24711149641611
20280006,20284006,30,144,1839.07375284457,0.394392922052707,0.406883490362351,0.00158550638972813,0.000279723673692645,0.25204823318037,0.24711149641611
20280006,20284006,30,145,1838.1537480666,0.394195625249289,0.407587009264269,0.00157538728997095,0.000277938828721456,0.25204823318037,0.24711149641611
20280006,20284006,30,146,1837.24469905971,0.394000677932162,0.408285580660847,0.0015653852929378,0.000276174633587127,0.25204823318037,0.24711149641611
20280006,20284006,30,147,1836.34642028079,0.393808040311246,0.408979268266961,0.00155549875992794,0.000274430799461268,0.25204823318037,0.24711149641611
20280006,20284006,30,148,1835.45872992342,0.393617673397804,0.409668134492099,0.00154572616104377,0.000272707056701352,0.25204823318037,0.24711149641611
20280006,20284006,30,149,1834.58144974323,0.393429538966986,0.410352240492307,0.00153606606653322,0.00027100315332371,0.25204823318037,0.24711149641611
20280006,20284006,30,150,1833.71440489659,0.393243599523237,0.411031646219981,0.00152651713811019,0.000269318853472635,0.25204823318037,0.24711149641611
20280006,20284006,30,151,1832.85742379223,0.393059818268477,0.41170641047152,0.00151707812029146,0.000267653935892367,0.25204823318037,0.24711149641611
20280006,20284006,30,152,1832.01033795541,0.392878159072974,0.412376590932864,0.00150774783179586,0.000266008192410054,0.25204823318037,0.24711149641611
20280006,20284006,30,153,1831.17298190426,0.392698586448819,0.413042244222954,0.00149852515705881,0.00026438142643902,0.25204823318037,0.24711149641611
20280006,20284006,30,154,1830.34519303766,0.39252106552589,0.413703425935133,0.00148940903791822,0.000262773451512273,0.25204823318037,0.24711149641611
20280006,20284006,30,155,1829.5268115343,0.392345562030196,0.414360190676537,0.00148039846553053,0.00026118408985659,0.25204823318037,0.24711149641611
20280006,20284006,30,156,1828.7176802622,0.39217204226448,0.415012592105499,0.00147149247257532,0.000259613171017487,0.25204823318037,0.24711149641611
20280006,20284006,30,157,1827.91764469813,0.392000473090937,0.415660682967014,0.00146269012580397,0.00025806053054489,0.25204823318037,0.24711149641611
20280006,20284006,30,158,1827.1265528563,0.391830821915921,0.416304515126306,0.00145399051898557,0.00025652600874886,0.25204823318037,0.24711149641611
20280006,20284006,30,159,1826.34425522556,0.391663056676476,0.416944139600542,0.00144539276629609,0.000255009449533527,0.25204823318037,0.24711149641611
20280006,20284006,30,160,1825.57060471444,0.391497145828553,0.417579606588738,0.00143689599619241,0.000253510699316538,0.25204823318037,0.24711149641611
20280006,20284006,30,161,1824.80545660335,0.391333058336754,0.41821096549992,0.00142849934580369,0.00025202960603977,0.25204823318037,0.24711149641611
20280006,20284006,30,162,1824.04866850307,0.391170763665438,0.418838264979583,0.0014202019558663,0.000250566018275942,0.25204823318037,0.24711149641611
20280006,20284006,30,163,1823.30010031898,0.391010231771042,0.419461552934523,0.00141200296621941,0.000249119784434117,0.25204823318037,0.24711149641611
20280006,20284006,30,164,1822.55961422018,0.390851433095463,0.420080876556088,0.00140390151187075,0.0002476907520658,0.25204823318037,0.24711149641611
20280006,20284006,30,165,1821.82707461286,0.390694338560345,0.420696282341917,0.0013958967196342,0.000246278767271912,0.25204823318037,0.24711149641611
20280006,20284006,30,166,1821.10234811718,0.390538919562123,0.421307816116253,0.00138798770533278,0.000244883674209504,0.25204823318037,0.24711149641611
20280006,20284006,30,167,1820.38530354712,0.390385147967707,0.421915523048866,0.00138017357155465,0.000243505314696036,0.25204823318037,0.24711149641611
20280006,20284006,30,168,1819.67581189265,0.390232996110639,0.422519447672692,0.00137245340594211,0.000242143527907678,0.25204823318037,0.24711149641611
20280006,20284006,30,169,1818.97374630352,0.390082436787641,0.423119633900239,0.00136482627998928,0.000240798150167361,0.25204823318037,0.24711149641611
20280006,20284006,30,170,1818.2789820744,0.389933443255415,0.423716125038841,0.00135729124831822,0.000239469014817223,0.25204823318037,0.24711149641611
20280006,20284006,30,171,1817.59139663069,0.389785989227601,0.424308963804837,0.00134984734840019,0.00023815595216958,0.25204823318037,0.24711149641611
20280006,20284006,30,172,1816.91086951464,0.3896400488718,0.424898192336746,0.00134249360068461,0.000236858789529841,0.25204823318037,0.24711149641611
20280006,20284006,30,173,1816.23728237143,0.389495596806592,0.425483852207513,0.00133522900909696,0.000235577351284489,0.25204823318037,0.24711149641611
20280006,20284006,30,174,1815.57051893482,0.389352608098458,0.426065984435898,0.00132805256186428,0.000234311459046864,0.25204823318037,0.24711149641611
20280006,20284006,30,175,1814.91046501215,0.389211058258561,0.426644629497081,0.00132096323262673,0.000233060931853414,0.25204823318037,0.24711149641611
20280006,20284006,30,176,1814.25700846843,0.389070923239336,0.427219827332548,0.00131395998179303,0.000231825586402957,0.25204823318037,0.24711149641611
20280006,20284006,30,177,1813.61003920935,0.388932179430843,0.427791617359333,0.00130704175809835,0.000230605237331672,0.25204823318037,0.24711149641611
20280006,20284006,30,178,1812.96944916297,0.388794803656849,0.428360038478671,0.00130020750032366,0.000229399697516558,0.25204823318037,0.24711149641611
20280006,20284006,30,179,1812.33513226023,0.388658773170637,0.428925129084131,0.00129345613913772,0.000228208778400536,0.25204823318037,0.24711149641611
20280006,20284006,30,180,1811.7069844139,0.388524065650499,0.429486927069278,0.00128678659902377,0.000227032290332483,0.25204823318037,0.24711149641611
20280006,20284006,30,181,1811.08490349618,0.388390659194934,0.43004546983493,0.00128019780025599,0.000225870042916049,0.25204823318037,0.24711149641611
20280006,20284006,30,182,1810.4687893149,0.388258532317533,0.43060079429605,0.0012736886608927,0.000224721845361419,0.25204823318037,0.24711149641611
20280006,20284006,30,183,1809.85854358823,0.388127663941568,0.431152936888329,0.00126725809875588,0.000223587506834661,0.25204823318037,0.24711149641611
20280006,20284006,30,184,1809.25406991811,0.387998033394294,0.431701933574493,0.00126090503337,0.000222466836799885,0.25204823318037,0.24711149641611
20280006,20284006,30,185,1808.65527376249,0.387869620400979,0.43224781985038,0.00125462838783522,0.000221359645349831,0.25204823318037,0.24711149641611
20280006,20284006,30,186,1808.06206240623,0.387742405078685,0.432790630750829,0.00124842709061366,0.000220265743521096,0.25204823318037,0.24711149641611
20280006,20284006,30,187,1807.47434493111,0.387616367929823,0.433330400855391,0.00124230007720974,0.000219184943590694,0.25204823318037,0.24711149641611
20280006,20284006,30,188,1806.89203218481,0.387491489835508,0.433867164293918,0.00123624629172946,0.000218117059351231,0.25204823318037,0.24711149641611
20280006,20284006,30,189,1806.31503674918,0.387367752048746,0.434400954752024,0.00123026468830546,0.000217061906362403,0.25204823318037,0.24711149641611
20280006,20284006,30,190,1805.74327290776,0.387245136187476,0.434931805476472,0.00122435423237777,0.000216019302177039,0.25204823318037,0.24711149641611
20280006,20284006,30,191,1805.17665661283,0.387123624227504,0.43545974928047,0.00121851390182358,0.000214989066540487,0.25204823318037,0.24711149641611
20280006,20284006,30,192,1804.61510545211,0.387003198495358,0.435984818548918,0.00121274268793057,0.000213971021562412,0.25204823318037,0.24711149641611
20280006,20284006,30,193,1804.0585386152,0.38688384166109,0.436507045243602,0.00120703959621198,0.000212964991860647,0.25204823318037,0.24711149641611
20280006,20284006,30,194,1803.50687685995,0.386765536731066,0.437026460908347,0.00120140364706312,0.000211970804677092,0.25204823318037,0.24711149641611
20280006,20284006,30,195,1802.96004247886,0.386648267040764,0.437543096674143,0.00119583387626167,0.000210988289966027,0.25204823318037,0.24711149641611
20280006,20284006,30,196,1802.41795926568,0.386532016247609,0.438056983264232,0.00119032933531498,0.00021001728045544,0.25204823318037,0.24711149641611
20280006,20284006,30,197,1801.88055248235,0.386416768323874,0.438568150999178,0.00118488909166092,0.000209057611682515,0.25204823318037,0.24711149641611
20280006,20284006,30,198,1801.34774882627,0.386302507549679,0.4390766298019,0.0011795122287285,0.00020810912200436,0.25204823318037,0.24711149641611
20280006,20284006,30,199,1800.81947639817,0.386189218506087,0.439582449202686,0.00117419784586726,0.000207171652585598,0.25204823318037,0.24711149641611
20280006,20284006,30,200,1800.29566467062,0.38607688606835,0.440085638344175,0.00116894505815475,0.000206245047364437,0.25204823318037,0.24711149641611
20280006,20284006,30,201,1799.77624445715,0.3859654953993,0.440586225986299,0.00116375299609247,0.000205329152999055,0.25204823318037,0.24711149641611
20280006,20284006,30,202,1799.26114788226,0.385855031942901,0.441084240511198,0.00115862080520165,0.000204423818796327,0.25204823318037,0.24711149641611
20280006,20284006,30,203,1798.7503083522,0.385745481417997,0.441579709928087,0.0011535476455304,0.000203528896624886,0.25204823318037,0.24711149641611
20280006,20284006,30,204,1798.24366052671,0.385636829812243,0.442072661878076,0.00114853269108458,0.000202644240814751,0.25204823318037,0.24711149641611
20280006,20284006,30,205,1797.74114029164,0.385529063376236,0.442563123638936,0.00114357512919431,0.000201769708045575,0.25204823318037,0.24711149641611
20280006,20284006,30,206,1797.24268473262,0.385422168617865,0.443051122129816,0.00113867415982886,0.000200905157225806,0.25204823318037,0.24711149641611
20280006,20284006,30,207,1796.74823210961,0.385316132296862,0.443536683915882,0.00113382899487183,0.000200050449364813,0.25204823318037,0.24711149641611
20280006,20284006,30,208,1796.25772183258,0.385210941419576,0.444019835212902,0.00112903885736868,0.000199205447440157,0.25204823318037,0.24711149641611
20280006,20284006,30,209,1795.77109443808,0.385106583233956,0.444500601891743,0.00112430298075833,0.000198370016262041,0.25204823318037,0.24711149641611
20280006,20284006,30,210,1795.28829156688,0.385003045224751,0.444979009482805,0.00111962060809969,0.000197544022336851,0.25204823318037,0.24711149641611
20280006,20284006,30,211,1794.80925594254,0.384900315108922,0.445455083180359,0.00111499099130372,0.000196727333731698,0.25204823318037,0.24711149641611
20280006,20284006,30,212,1794.33393135099,0.384798380831248,0.445928847846808,0.00111041339038097,0.000195919819941664,0.25204823318037,0.24711149641611
20280006,20284006,30,213,1793.86226262094,0.384697230560141,0.446400328016853,0.00110588707271325,0.000195121351761323,0.25204823318037,0.24711149641611
20280006,20284006,30,214,1793.39419560526,0.384596852683646,0.446869547901575,0.0011014113123582,0.000194331801162052,0.25204823318037,0.24711149641611
20280006,20284006,30,215,1792.92967716317,0.384497235805617,0.447336531392412,0.00109698538939352,0.000193551041176353,0.25204823318037,0.24711149641611
20280006,20284006,30,216,1792.46865514321,0.384398368742073,0.447801302065056,0.00109260858930792,0.000192778945790399,0.25204823318037,0.24711149641611
20280006,20284006,30,217,1792.01107836696,0.384300240517705,0.448263883183244,0.00108828020244363,0.000192015389845698,0.25204823318037,0.24711149641611
20280006,20284006,30,218,1791.55689661347,0.384202840362533,0.448724297702459,0.00108399952349561,0.000191260248950743,0.25204823318037,0.24711149641611
20280006,20284006,30,219,1791.10606060432,0.384106157708702,0.449182568273537,0.00107976585107092,0.00019051339940328,0.25204823318037,0.24711149641611
20280006,20284006,30,220,1790.65852198921,0.384010182187398,0.44963871724618,0.00107557848731052,0.000189774718123601,0.25204823318037,0.24711149641611
20280006,20284006,30,221,1790.21423333213,0.383914903625877,0.45009276667238,0.00107143673757608,0.000189044082599289,0.25204823318037,0.24711149641611
20280006,20284006,30,222,1789.77314809795,0.383820312044593,0.450544738309751,0.00106733991020198,0.000188321370841481,0.25204823318037,0.24711149641611
20280006,20284006,30,223,1789.33522063946,0.383726397654408,0.450994653624784,0.00106328731631296,0.000187606461352702,0.25204823318037,0.24711149641611
20280006,20284006,30,224,1788.90040618467,0.383633150853888,0.451442533796008,0.00105927826970644,0.000186899233106123,0.25204823318037,0.24711149641611
20280006,20284006,30,225,1788.46866082452,0.383540562226645,0.451888399717081,0.00105531208679836,0.000186199565536001,0.25204823318037,0.24711149641611
20280006,20284006,30,226,1788.03994150072,0.383448622538749,0.452332271999803,0.00105138808662994,0.000185507338538903,0.25204823318037,0.24711149641611
20280006,20284006,30,227,1787.61420599386,0.383357322736166,0.452774170977062,0.00104750559093302,0.00018482243248523,0.25204823318037,0.24711149641611
20280006,20284006,30,228,1787.19141291164,0.383266653942234,0.453214116705707,0.00104366392425029,0.000184144728240455,0.25204823318037,0.24711149641611
20280006,20284006,30,229,1786.77152167716,0.383176607455163,0.453652128969368,0.00103986241410674,0.000183474107195372,0.25204823318037,0.24711149641611
20280006,20284006,30,230,1786.35449251739,0.383087174745544,0.454088227281214,0.00103610039122814,0.000182810451304669,0.25204823318037,0.24711149641611
20280006,20284006,30,231,1785.9402864515,0.382998347453868,0.454522430886657,0.00103237718980193,0.000182153643132962,0.25204823318037,0.24711149641611
20280006,20284006,30,232,1785.52886527935,0.382910117388038,0.454954758766016,0.00102869214777559,0.000181503565907457,0.25204823318037,0.24711149641611
20280006,20284006,30,233,1785.12019156984,0.382822476520884,0.455385229637134,0.0010250446071876,0.000180860103576348,0.25204823318037,0.24711149641611
20280006,20284006,30,234,1784.71422864925,0.382735416987656,0.455813861957955,0.00102143391452574,0.000180223140872054,0.25204823318037,0.24711149641611
20280006,20284006,30,235,1784.31094058951,0.382648931083508,0.456240673929071,0.00101785942110749,0.00017959256337835,0.25204823318037,0.24711149641611
20280006,20284006,30,236,1783.91029219635,0.382563011260961,0.45666568349624,0.00101432048347747,0.000178968257600494,0.25204823318037,0.24711149641611
20280006,20284006,30,237,1783.51224899737,0.382477650127345,0.457088908352877,0.00101081646381648,0.000178350111037418,0.25204823318037,0.24711149641611
20280006,20284006,30,238,1783.11677723002,0.382392840442212,0.457510365942529,0.00100734673035751,0.000177738012255135,0.25204823318037,0.24711149641611
20280006,20284006,30,239,1782.72384382942,0.382308575114737,0.457930073461322,0.00100391065780344,0.000177131850960456,0.25204823318037,0.24711149641611
20280006,20284006,30,240,1782.33341641612,0.382224847201083,0.458348047860414,0.0010005076277423,0.000176531518074262,0.25204823318037,0.24711149641611
20280006,20284006,30,241,1781.9454632837,0.382141649901747,0.458764305848415,0.000997137029055177,0.000175936905803499,0.25204823318037,0.24711149641611
20280006,20284006,30,242,1781.5599533863,0.382058976558886,0.459178863893822,0.000993798258313332,0.000175347907711245,0.25204823318037,0.24711149641611
20280006,20284006,30,243,1781.17685632606,0.381976820653619,0.459591738227434,0.000990490720160159,0.000174764418784123,0.25204823318037,0.24711149641611
20280006,20284006,30,244,1780.79614234043,0.381895175803309,0.460002944844777,0.000987213827675232,0.000174186335496542,0.25204823318037,0.24711149641611
20280006,20284006,30,245,1780.41778228945,0.381814035758837,0.460412499508518,0.000983967002717034,0.000173613555871183,0.25204823318037,0.24711149641611
20280006,20284006,30,246,1780.04174764296,0.381733394401853,0.4608204177509,0.000980749676241973,0.000173045979535298,0.25204823318037,0.24711149641611
20280006,20284006,30,247,1779.66801046776,0.38165324574203,0.461226714876165,0.000977561288597229,0.000172483507772389,0.25204823318037,0.24711149641611
20280006,20284006,30,248,1779.29654341474,0.381573583914298,0.46163140596299,0.000974401289786182,0.000171926043569057,0.25204823318037,0.24711149641611
20280006,20284006,30,249,1778.92731970605,0.381494403176095,0.462034505866939,0.000971269139704215,0.000171373491656617,0.25204823318037,0.24711149641611
20280006,20284006,30,250,1778.56031312221,0.381415697904601,0.46243602922291,0.000968164308344594,0.000170825758547434,0.25204823318037,0.24711149641611
20280006,20284006,30,251,1778.1954979893,0.381337462593996,0.462835990447606,0.000965086275973291,0.000170282752565784,0.25204823318037,0.24711149641611
20280006,20284006,30,252,1777.8328491662,0.381259691852721,0.463234403742008,0.000962034533272676,0.000169744383873218,0.25204823318037,0.24711149641611
20280006,20284006,30,253,1777.47234203193,0.381182380400753,0.463631283093862,0.000959008581454063,0.000169210564488432,0.25204823318037,0.24711149641611
20280006,20284006,30,254,1777.11395247295,0.381105523066903,0.464026642280183,0.000956007932339319,0.000168681208301674,0.25204823318037,0.24711149641611
20280006,20284006,30,255,1776.75765687079,0.38102911478614,0.464420494869762,0.000953032108412552,0.000168156231083882,0.25204823318037,0.24711149641611
20280006,20284006,30,256,1776.40343208959,0.380953150596936,0.464812854225698,0.000950080642842223,0.000167635550490592,0.25204823318037,0.24711149641611
20280006,20284006,30,257,1776.05125546392,0.380877625638646,0.465203733507925,0.000947153079475287,0.000167119086060916,0.25204823318037,0.24711149641611
20280006,20284006,30,258,1775.70110478673,0.380802535148925,0.465593145675772,0.000944248972804391,0.000166606759211769,0.25204823318037,0.24711149641611
20280006,20284006,30,259,1775.35295829746,0.380727874461176,0.465981103490516,0.000941367887909709,0.000166098493227613,0.25204823318037,0.24711149641611
20280006,20284006,30,260,1775.00679467034,0.38065363900205,0.466367619517956,0.000938509400377143,0.000165594213246038,0.25204823318037,0.24711149641611
20280006,20284006,30,261,1774.66259300292,0.380579824288976,0.466752706130997,0.000935673096194275,0.000165093846239413,0.25204823318037,0.24711149641611
20280006,20284006,30,262,1774.32033280482,0.380506425927751,0.467136375512242,0.000932858571626438,0.000164597320993031,0.25204823318037,0.24711149641611
20280006,20284006,30,263,1773.97999398664,0.380433439610166,0.467518639656594,0.000930065433073993,0.000164104568079937,0.25204823318037,0.24711149641611
20280006,20284006,30,264,1773.64155684922,0.380360861111694,0.467899510373866,0.000927293296913694,0.000163615519832946,0.25204823318037,0.24711149641611
20280006,20284006,30,265,1773.30500207301,0.380288686289223,0.468278999291399,0.000924541789324783,0.000163130110313975,0.25204823318037,0.24711149641611
20280006,20284006,30,266,1772.97031070778,0.380216911078842,0.468657117856688,0.000921810546102911,0.000162648275281213,0.25204823318037,0.24711149641611
20280006,20284006,30,267,1772.63746416259,0.380145531493685,0.469033877340009,0.000919099212462754,0.000162169952154309,0.25204823318037,0.24711149641611
20280006,20284006,30,268,1772.30644419594,0.380074543621827,0.469409288837059,0.000916407442831593,0.000161695079977959,0.25204823318037,0.24711149641611
20280006,20284006,30,269,1771.97723290625,0.38000394362424,0.469783363271587,0.000913734900635217,0.000161223599384141,0.25204823318037,0.24711149641611
20280006,20284006,30,270,1771.64981272258,0.3799337277328,0.47015611139804,0.000911081258078153,0.000160755452553342,0.25204823318037,0.24711149641611
20280006,20284006,30,271,1771.32416639558,0.379863892248356,0.4705275438042,0.000908446195919134,0.000160290583174958,0.25204823318037,0.24711149641611
20280006,20284006,30,272,1771.00027698879,0.379794433538846,0.470897670913829,0.000905829403243808,0.000159828936407193,0.25204823318037,0.24711149641611
20280006,20284006,30,273,1770.67812787008,0.37972534803748,0.471266502989304,0.000903230577235517,0.000159370458836626,0.25204823318037,0.24711149641611
20280006,20284006,30,274,1770.35770270345,0.379656632240969,0.471634050134257,0.000900649422945542,0.00015891509843768,0.25204823318037,0.24711149641611
20280006,20284006,30,275,1770.03898544101,0.379588282707816,0.472000322296204,0.000898085653063941,0.000158462804532197,0.25204823318037,0.24711149641611
20280006,20284006,30,276,1769.72196031529,0.379520296056653,0.472365329269176,0.000895538987691865,0.000158013527749271,0.25204823318037,0.24711149641611
20280006,20284006,30,277,1769.4066118317,0.379452668964636,0.472729080696335,0.000893009154116027,0.000157567219985469,0.25204823318037,0.24711149641611
20280006,20284006,30,278,1769.09292476131,0.379385398165893,0.473091586072587,0.000890495886586601,0.000157123834365642,0.25204823318037,0.24711149641611
20280006,20284006,30,279,1768.78088413384,0.379318480450019,0.473452854747186,0.000887998926098802,0.0001566833252044,0.25204823318037,0.24711149641611
20280006,20284006,30,280,1768.47047523088,0.379251912660618,0.473812895926322,0.000885518020178816,0.000156245647968348,0.25204823318037,0.24711149641611
20280006,20284006,30,281,1768.1616835793,0.379185691693905,0.474171718675701,0.000883052922674833,0.000155810759239221,0.25204823318037,0.24711149641611
20280006,20284006,30,282,1767.85449494497,0.379119814497339,0.474529331923109,0.000880603393553322,0.000155378616677946,0.25204823318037,0.24711149641611
20280006,20284006,30,283,1767.54889532658,0.379054278068313,0.474885744460962,0.000878169198701144,0.000154949178989736,0.25204823318037,0.24711149641611
20280006,20284006,30,284,1767.24487094974,0.378989079452885,0.475240964948838,0.000875750109733774,0.000154522405890255,0.25204823318037,0.24711149641611
20280006,20284006,30,285,1766.94240826127,0.378924215744547,0.475595001915994,0.000873345903809768,0.000154098258072894,0.25204823318037,0.24711149641611
20280006,20284006,30,286,1766.64149392365,0.378859684083041,0.475947863763857,0.000870956363451948,0.000153676697177223,0.25204823318037,0.24711149641611
20280006,20284006,30,287,1766.34211480966,0.378795481653212,0.476299558768505,0.000868581276375256,0.000153257685758628,0.25204823318037,0.24711149641611
20280006,20284006,30,288,1766.04425799725,0.3787316056839,0.476650095083113,0.000866220435321447,0.000152841187259146,0.25204823318037,0.24711149641611
20280006,20284006,30,289,1765.74791076449,0.378668053446863,0.476999480740389,0.000863873637900898,0.000152427165979565,0.25204823318037,0.24711149641611
20280006,20284006,30,290,1765.45306058478,0.378604822255746,0.477347723654974,0.000861540686441338,0.000152015587052737,0.25204823318037,0.24711149641611
20280006,20284006,30,291,1765.15969512212,0.378541909465071,0.477694831625825,0.000859221387843774,0.000151606416418166,0.25204823318037,0.24711149641611
20280006,20284006,30,292,1764.86780222661,0.378479312469269,0.478040812338566,0.000856915553445409,0.000151199620797824,0.25204823318037,0.24711149641611
20280006,20284006,30,293,1764.57736993006,0.378417028701738,0.478385673367815,0.000854622998889725,0.000150795167673238,0.25204823318037,0.24711149641611
20280006,20284006,30,294,1764.28838644171,0.378355055633925,0.478729422179475,0.000852343544003621,0.000150393025263817,0.25204823318037,0.24711149641611
20280006,20284006,30,295,1764.00084014411,0.37829339077445,0.479072066133009,0.000850077012681463,0.000149993162506402,0.25204823318037,0.24711149641611
20280006,20284006,30,296,1763.71471958916,0.378232031668241,0.479413612483666,0.000847823232776004,0.000149595549036022,0.25204823318037,0.24711149641611
20280006,20284006,30,297,1763.43001349414,0.3781709758957,0.479754068384693,0.000845582035996022,0.000149200155167841,0.25204823318037,0.24711149641611
20280006,20284006,30,298,1763.14671073802,0.378110221071897,0.4800934408895,0.000843353257810723,0.000148806951880299,0.25204823318037,0.24711149641611
20280006,20284006,30,299,1762.8648003577,0.37804976484578,0.480431736953803,0.000841136737360406,0.000148415910799354,0.25204823318037,0.24711149641611
20280006,20284006,30,300,1762.58427154452,0.377989604899406,0.480768963437727,0.000838932317373383,0.000148027004183827,0.25204823318037,0.24711149641611
20280006,20284006,30,301,1762.30511364072,0.377929738947196,0.481105127107878,0.000836739844088946,0.000147640204911823,0.25204823318037,0.24711149641611
20280006,20284006,30,302,1762.02731613603,0.377870164735209,0.481440234639375,0.000834559167186025,0.00014725548646814,0.25204823318037,0.24711149641611
20280006,20284006,30,303,1761.75086866443,0.377810880040427,0.481774292617855,0.000832390139717405,0.000146872822932677,0.25204823318037,0.24711149641611
20280006,20284006,30,304,1761.47576100084,0.377751882670064,0.482107307541436,0.000830232618048925,0.000146492188969707,0.25204823318037,0.24711149641611
20280006,20284006,30,305,1761.201983058,0.377693170460886,0.482439285822647,0.000828086461803685,0.00014611355981804,0.25204823318037,0.24711149641611
20280006,20284006,30,306,1760.92952488335,0.377634741278549,0.482770233790319,0.000825951533810574,0.000145736911281946,0.25204823318037,0.24711149641611
20280006,20284006,30,307,1760.65837665604,0.377576593016951,0.483100157691444,0.000823827700057078,0.000145362219722837,0.25204823318037,0.24711149641611
20280006,20284006,30,308,1760.38852868391,0.37751872359759,0.483429063692995,0.000821714829645521,0.000144989462051549,0.25204823318037,0.24711149641611
20280006,20284006,30,309,1760.11997140062,0.377461130968948,0.483756957883713,0.000819612794752973,0.000144618615721275,0.25204823318037,0.24711149641611
20280006,20284006,30,310,1759.85269536279,0.37740381310587,0.484083846275851,0.000817521470593691,0.000144249658720942,0.25204823318037,0.24711149641611
20280006,20284006,30,311,1759.58669124718,0.377346768008972,0.484409734806888,0.000815440735384199,0.00014388256956906,0.25204823318037,0.24711149641611
20280006,20284006,30,312,1759.32194984796,0.377289993704046,0.484734629341205,0.000813370470310356,0.000143517327307911,0.25204823318037,0.24711149641611
20280006,20284006,30,313,1759.058462074,0.37723348824148,0.485058535671728,0.000811310559495945,0.000143153911498014,0.25204823318037,0.24711149641611
20280006,20284006,30,314,1758.79621894621,0.37717724969569,0.485381459521529,0.000809260889972486,0.000142792302212806,0.25204823318037,0.24711149641611
20280006,20284006,30,315,1758.53521159492,0.377121276164562,0.485703406545396,0.000807221351649658,0.000142432480033428,0.25204823318037,0.24711149641611
20280006,20284006,30,316,1758.27543125733,0.377065565768895,0.486024382331372,0.000805191837286049,0.000142074426043565,0.25204823318037,0.24711149641611
20280006,20284006,30,317,1758.016869275,0.377010116651867,0.486344392402249,0.000803172242459809,0.00014171812182428,0.25204823318037,0.24711149641611
20280006,20284006,30,318,1757.75951709131,0.376954926978498,0.486663442217039,0.000801162465538676,0.000141363549448722,0.25204823318037,0.24711149641611
20280006,20284006,30,319,1757.50336624909,0.376899994935128,0.486981537172405,0.000799162407649211,0.000141010691476711,0.25204823318037,0.24711149641611
20280006,20284006,30,320,1757.24840838816,0.376845318728905,0.487298682604058,0.000797171972644796,0.000140659530949089,0.25204823318037,0.24711149641611
20280007,20284007,25,10,4587.85670497767,1,0.265100794498114,NaN,NaN,0.25206052909777,0.247128088497421
20280007,20284007,25,11,3861.94096964573,0.841774540485463,0.2463246327374,0.0563265044181494,0.00998422263493745,0.25206052909777,0.247128088497421
20280007,20284007,25,12,3556.257661463,0.775145757626775,0.238288727101711,0.0365436899358365,0.00646098587307847,0.25206052909777,0.247128088497421
20280007,20284007,25,13,3370.17248792347,0.734585385865897,0.234909368961194,0.0284921510178968,0.00503188657527823,0.25206052909777,0.247128088497421
20280007,20284007,25,14,3240.19866116426,0.706255419365812,0.234122602351444,0.0236532833466629,0.00417474524371796,0.25206052909777,0.247128088497421
20280007,20284007,25,15,3141.88677339951,0.684826701320176,0.234891306501444,0.0203337835176741,0.00358753123047078,0.25206052909777,0.247128088497421
20280007,20284007,25,16,3063.65783000985,0.667775396447296,0.236628958142104,0.0178773365051263,0.00315339366228098,0.25206052909777,0.247128088497421
20280007,20284007,25,17,2999.32489510484,0.653752958729219,0.238980031225305,0.0159685943082805,0.00281627930026622,0.25206052909777,0.247128088497421
20280007,20284007,25,18,2945.17159617066,0.641949342701842,0.241718410582313,0.0144451295782233,0.0025473412759518,0.25206052909777,0.247128088497421
20280007,20284007,25,19,2898.76509024675,0.631834269606042,0.244696302795575,0.0132062194598917,0.00232871320971719,0.25206052909777,0.247128088497421
20280007,20284007,25,20,2858.41755803081,0.623039851033168,0.247815596435565,0.0121828689107461,0.00214817166867436,0.25206052909777,0.247128088497421
20280007,20284007,25,21,2822.9151058958,0.615301498591494,0.251010481668342,0.0113242256367451,0.00199671773257776,0.25206052909777,0.247128088497421
20280007,20284007,25,22,2791.36414186334,0.608424438983633,0.254236396401019,0.0105918050910088,0.00186754714672647,0.25206052909777,0.247128088497421
20280007,20284007,25,23,2763.09339114488,0.60226235665709,0.257462887524616,0.00995704138185715,0.00175561230689947,0.25206052909777,0.247128088497421
20280007,20284007,25,24,2737.58813553504,0.59670306018164,0.260668999791978,0.00939905727344973,0.00165722568472413,0.25206052909777,0.247128088497421
20280007,20284007,25,25,2714.44528895103,0.591658690212783,0.263840277180587,0.0089027010192121,0.00156971180102747,0.25206052909777,0.247128088497421
20280007,20284007,25,26,2693.3420745523,0.587058892146764,0.266966789864161,0.00845713820812499,0.00149115786778919,0.25206052909777,0.247128088497421
20280007,20284007,25,27,2674.01422177017,0.582846063799018,0.270041826367726,0.00805465937675327,0.00142020293434047,0.25206052909777,0.247128088497421
20280007,20284007,25,28,2656.24123686475,0.578972144876019,0.273061015371387,0.00768958217486865,0.00135584398205498,0.25206052909777,0.247128088497421
20280007,20284007,25,29,2639.83669665465,0.575396501331551,0.276021716145579,0.00735740242149579,0.00129728606361532,0.25206052909777,0.247128088497421
20280007,20284007,25,30,2624.6417428394,0.572084507345609,0.278922574555096,0.00705428871441795,0.00124385309825764,0.25206052909777,0.247128088497421
20280007,20284007,25,31,2610.52041188655,0.569006527395291,0.281763186165767,0.00677686118744057,0.00119494880182819,0.25206052909777,0.247128088497421
20280007,20284007,25,32,2597.35597564533,0.566137118630423,0.284543836187403,0.00652212807386534,0.0011500454547303,0.25206052909777,0.247128088497421
20280007,20284007,25,33,2585.04789370355,0.563454366588839,0.287265299950702,0.0062874741620839,0.00110868182748511,0.25206052909777,0.247128088497421
20280007,20284007,25,34,2573.50922475541,0.560939320960752,0.289928692796058,0.00607064504367378,0.00107046037209894,0.25206052909777,0.247128088497421
20280007,20284007,25,35,2562.66444460422,0.558575519986013,0.292535359641983,0.00586971191204391,0.0010350409918274,0.25206052909777,0.247128088497421
20280007,20284007,25,36,2552.44763680107,0.556348596073576,0.295086795120338,0.00568302301859959,0.00100213246533152,0.25206052909777,0.247128088497421
20280007,20284007,25,37,2542.8010114372,0.554245952947559,0.297584586207293,0.00550915325183121,0.000971483545443496,0.25206052909777,0.247128088497421
20280007,20284007,25,38,2533.67369761128,0.55225650244532,0.300030370818867,0.00534686018447019,0.000942875202494506,0.25206052909777,0.247128088497421
20280007,20284007,25,39,2525.02075460267,0.550370448986147,0.302425807529,0.0051950498019454,0.000916114577485296,0.25206052909777,0.247128088497421
20280007,20284007,25,40,2516.80235391834,0.548579111284729,0.304772553069018,0.00505275140689087,0.000891030555017181,0.25206052909777,0.247128088497421
20280007,20284007,25,41,2508.98309447609,0.546874773083894,0.307072245415269,0.00491909958187631,0.000867470581844615,0.25206052909777,0.247128088497421
20280007,20284007,25,42,2501.53142280259,0.545250556777093,0.309326491056731,0.00479332093378312,0.000845298329149746,0.25206052909777,0.247128088497421
20280007,20284007,25,43,2494.41913779373,0.543700315462635,0.311536855526899,0.00467472381384737,0.000824391879795095,0.25206052909777,0.247128088497421
20280007,20284007,25,44,2487.62096513413,0.542218540181332,0.313704856572832,0.00456268979231952,0.000804642225076243,0.25206052909777,0.247128088497421
20280007,20284007,25,45,2481.11419027113,0.540800279917027,0.3158319594951,0.00445666615892115,0.000785951942375896,0.25206052909777,0.247128088497421
20280007,20284007,25,46,2474.87834135342,0.539441072487782,0.317919574280826,0.00435615907556608,0.000768233987820591,0.25206052909777,0.247128088497421
20280007,20284007,25,47,2468.89491519077,0.538136884814232,0.319969054204327,0.00426072723666134,0.000751410578423058,0.25206052909777,0.247128088497421
20280007,20284007,25,48,2463.14714038839,0.536884061290745,0.321981695607109,0.00416997601705,0.000735412160203066,0.25206052909777,0.247128088497421
20280007,20284007,25,49,2457.61977259081,0.535679279155422,0.323958738601866,0.00408355213410043,0.000720176466972309,0.25206052909777,0.247128088497421
20280007,20284007,25,50,2452.29891738966,0.534519509889879,0.325901368477587,0.00400113884661215,0.000705647673791023,0.25206052909777,0.247128088497421
20280007,20284007,25,51,2447.17187699348,0.533401985798374,0.327810717615042,0.00392245168586345,0.000691775644278061,0.25206052909777,0.247128088497421
20280007,20284007,25,52,2442.22701726501,0.532324171026369,0.329687867752799,0.00384723468424211,0.00067851526568222,0.25206052909777,0.247128088497421
20280007,20284007,25,53,2437.45365220671,0.531283736382209,0.331533852472276,0.00377525704701296,0.000665825862112042,0.25206052909777,0.247128088497421
20280007,20284007,25,54,2432.84194340929,0.530278537420259,0.333349659795466,0.0037063102070006,0.000653670675300619,0.25206052909777,0.247128088497421
20280007,20284007,25,55,2428.38281235882,0.529306595326768,0.335136234810852,0.00364020520809889,0.000642016403362424,0.25206052909777,0.247128088497421
20280007,20284007,25,56,2424.06786381829,0.528366080219606,0.336894482261908,0.00357677037605182,0.000630832790209279,0.25206052909777,0.247128088497421
20280007,20284007,25,57,2419.88931876189,0.527455296530163,0.338625269048803,0.00351584924807581,0.000620092260607924,0.25206052909777,0.247128088497421
20280007,20284007,25,58,2415.83995555274,0.526572670182056,0.340329426607949,0.00345729874253498,0.000609769597562705,0.25206052909777,0.247128088497421
20280007,20284007,25,59,2411.91305822983,0.525716737319408,0.34200775314598,0.00340098755448577,0.000599841659520051,0.25206052909777,0.247128088497421
20280007,20284007,25,60,2408.10237091842,0.524886134369827,0.343661015714764,0.00334679476303141,0.000590287134914092,0.25206052909777,0.247128088497421
20280007,20284007,25,61,2404.40205750899,0.524079589255761,0.345289952122212,0.00329460863381318,0.000581086331112585,0.25206052909777,0.247128088497421
20280007,20284007,25,62,2400.80666586821,0.523295913593686,0.346895272679936,0.00324432559654875,0.000572220994220277,0.25206052909777,0.247128088497421
20280007,20284007,25,63,2397.31109595321,0.522533995744071,0.348477661793471,0.00319584937483132,0.000563674155721707,0.25206052909777,0.247128088497421
20280007,20284007,25,64,2393.91057129758,0.521792794596279,0.350037779403861,0.00314909024426874,0.000555430001745579,0.25206052909777,0.247128088497421
20280007,20284007,25,65,2390.60061342367,0.521071333991305,0.351576262291262,0.00310396439569566,0.000547473760848346,0.25206052909777,0.247128088497421
20280007,20284007,25,66,2387.37701881008,0.520368697701445,0.353093725252086,0.00306039338239853,0.000539791606603951,0.25206052909777,0.247128088497421
20280007,20284007,25,67,2384.23583810478,0.519684024899461,0.354590762161289,0.0030183036335741,0.000532370571865211,0.25206052909777,0.247128088497421
20280007,20284007,25,68,2381.17335732513,0.5190165060608,0.356067946931114,0.00297762602004058,0.000525198472232307,0.25206052909777,0.247128088497421
20280007,20284007,25,69,2378.18608082529,0.518365379251063,0.357525834376917,0.00293829546202538,0.000518263836934722,0.25206052909777,0.247128088497421
20280007,20284007,25,70,2375.27071584246,0.5177299267576,0.358964960999998,0.00290025057226732,0.000511555845934999,0.25206052909777,0.247128088497421
20280007,20284007,25,71,2372.42415845667,0.517109472029209,0.360385845696581,0.00286343333044032,0.000505064272550961,0.25206052909777,0.247128088497421
20280007,20284007,25,72,2369.64348081669,0.516503376891807,0.361788990401373,0.00282778878691434,0.000498779431247168,0.25206052909777,0.247128088497421
20280007,20284007,25,73,2366.92591949857,0.51591103901099,0.363174880673521,0.00279326479511884,0.000492692130466739,0.25206052909777,0.247128088497421
20280007,20284007,25,74,2364.26886487502,0.515331889574899,0.364543986232186,0.00275981177235222,0.000486793630476429,0.25206052909777,0.247128088497421
20280007,20284007,25,75,2361.66985138364,0.51476539117303,0.365896761448504,0.00272738248892276,0.000481075606205329,0.25206052909777,0.247128088497421
20280007,20284007,25,76,2359.12654859173,0.514211035848646,0.367233645800192,0.00269593188517427,0.000475530114998743,0.25206052909777,0.247128088497421
20280007,20284007,25,77,2356.6367529643,0.513668343304494,0.368555064294667,0.0026654169153955,0.000470149569111154,0.25206052909777,0.247128088497421
20280007,20284007,25,78,2354.19838025146,0.513136859243496,0.369861427866078,0.00263579641697651,0.000464926712649856,0.25206052909777,0.247128088497421
20280007,20284007,25,79,2351.8094584204,0.512616153828162,0.371153133751183,0.00260703100256285,0.000459854602572897,0.25206052909777,0.247128088497421
20280007,20284007,25,80,2349.46812106657,0.512105820244446,0.372430565848571,0.00257908297245127,0.00045492659325543,0.25206052909777,0.247128088497421
20280007,20284007,25,81,2347.17260124769,0.511605473357763,0.37369409506518,0.00255191624411283,0.000450136324075468,0.25206052909777,0.247128088497421
20280007,20284007,25,82,2344.92122569296,0.511114748450796,0.374944079653591,0.00252549629554675,0.000445477709437766,0.25206052909777,0.247128088497421
20280007,20284007,25,83,2342.71240934791,0.510633300034445,0.376180865543019,0.00249979011915879,0.000440944930652893,0.25206052909777,0.247128088497421
20280007,20284007,25,84,2340.54465022267,0.510160800724936,0.377404786666434,0.0024747661830106,0.000436532429115391,0.25206052909777,0.247128088497421
20280007,20284007,25,85,2338.41652451811,0.509696940181459,0.378616165285717,0.00245039439657193,0.000432234900275306,0.25206052909777,0.247128088497421
20280007,20284007,25,86,2336.3266820095,0.509241424099986,0.379815312316269,0.00242664607849852,0.000428047287966233,0.25206052909777,0.247128088497421
20280007,20284007,25,87,2334.2738416724,0.508793973259843,0.381002527652068,0.00240349392441455,0.000423964778733501,0.25206052909777,0.247128088497421
20280007,20284007,25,88,2332.2567875385,0.508354322620425,0.382178100491717,0.002380911973168,0.000419982795892386,0.25206052909777,0.247128088497421
20280007,20284007,25,89,2330.27436477228,0.507922220466042,0.383342309665708,0.00235887557051439,0.000416096993132181,0.25206052909777,0.247128088497421
20280007,20284007,25,90,2328.32547596086,0.507497427597227,0.384495423964771,0.0023373613296394,0.000412303247562167,0.25206052909777,0.247128088497421
20280007,20284007,25,91,2326.4090776107,0.507079716567134,0.385637702468961,0.00231634708833499,0.000408597652166824,0.25206052909777,0.247128088497421
20280007,20284007,25,92,2324.5241768453,0.506668870961742,0.38676939487688,0.00229581186297344,0.000404976507695779,0.25206052909777,0.247128088497421
20280007,20284007,25,93,2322.66982829806,0.506264684722615,0.387890741834322,0.0022757357996798,0.000401436314059133,0.25206052909777,0.247128088497421
20280007,20284007,25,94,2320.84513119445,0.505866961510896,0.389001975261479,0.00225610012327712,0.000397973761329495,0.25206052909777,0.247128088497421
20280007,20284007,25,95,2319.04922661694,0.505475514111163,0.390103318677789,0.00223688708467972,0.000394585720469849,0.25206052909777,0.247128088497421
20280007,20284007,25,96,2317.28129494586,0.505090163873621,0.391194987523494,0.00221807990744705,0.000391269233912933,0.25206052909777,0.247128088497421
20280007,20284007,25,97,2315.54055346884,0.50471074019303,0.39227718947694,0.00219966273419527,0.000388021506115108,0.25206052909777,0.247128088497421
20280007,20284007,25,98,2313.82625415079,0.504337080022652,0.393350124766714,0.00218162057351191,0.000384839894198561,0.25206052909777,0.247128088497421
20280007,20284007,25,99,2312.13768155638,0.503969027421407,0.394413986477749,0.00216393924794256,0.000381721898782222,0.25206052909777,0.247128088497421
20280007,20284007,25,100,2310.47415091646,0.503606433132419,0.395468960850571,0.00214660534352978,0.000378665155086078,0.25206052909777,0.247128088497421
20280007,20284007,25,101,2308.83500632974,0.503249154191047,0.396515227572999,0.00212960616129278,0.00037566742437747,0.25206052909777,0.247128088497421
20280007,20284007,25,102,2307.21961909122,0.502897053560536,0.39755296006362,0.00211292967094874,0.000372726585812433,0.25206052909777,0.247128088497421
20280007,20284007,25,103,2305.62738613881,0.502549999793428,0.398582325746531,0.00209656446709601,0.000369840628710955,0.25206052909777,0.247128088497421
20280007,20284007,25,104,2304.05772860964,0.502207866716895,0.399603486316874,0.00208049972800897,0.000367007645292601,0.25206052909777,0.247128088497421
20280007,20284007,25,105,2302.51009049816,0.501870533140238,0.400616597996832,0.0020647251771332,0.00036422582388814,0.25206052909777,0.247128088497421
20280007,20284007,25,106,2300.98393740799,0.501537882582841,0.401621811781817,0.00204923104731795,0.000361493442633727,0.25206052909777,0.247128088497421
20280007,20284007,25,107,2299.47875539026,0.501209803020961,0.4026192736767,0.00203400804777728,0.000358808863646157,0.25206052909777,0.247128088497421
20280007,20284007,25,108,2297.99404986116,0.500886186651801,0.403609124922009,0.00201904733373354,0.000356170527671011,0.25206052909777,0.247128088497421
20280007,20284007,25,109,2296.52934459229,0.500566929673421,0.404591502210103,0.00200434047866226,0.00035357694918944,0.25206052909777,0.247128088497421
20280007,20284007,25,110,2295.08418076731,0.500251932079138,0.405566537891405,0.00198987944902761,0.000351026711964077,0.25206052909777,0.247128088497421
20280007,20284007,25,111,2293.65811609932,0.499941097465136,0.40653436017087,0.00197565658137203,0.000348518465000012,0.25206052909777,0.247128088497421
20280007,20284007,25,112,2292.25072400356,0.49963433285014,0.407495093294886,0.00196166456160052,0.000346050918892726,0.25206052909777,0.247128088497421
20280007,20284007,25,113,2290.86159282061,0.499331548506102,0.408448857728895,0.00194789640628205,0.000343622842531661,0.25206052909777,0.247128088497421
20280007,20284007,25,114,2289.49032508557,0.499032657798912,0.409395770326033,0.00193434544577725,0.000341233060125803,0.25206052909777,0.247128088497421
20280007,20284007,25,115,2288.13653683948,0.4987375770383,0.410335944487163,0.00192100530899272,0.00033888044851605,0.25206052909777,0.247128088497421
20280007,20284007,25,116,2286.79985697925,0.498446225336146,0.411269490312652,0.00190786990955926,0.000336563934738644,0.25206052909777,0.247128088497421
20280007,20284007,25,117,2285.47992664302,0.498158524472518,0.412196514746303,0.00189493343323351,0.00033428249380428,0.25206052909777,0.247128088497421
20280007,20284007,25,118,2284.17639862839,0.497874398768849,0.413117121711837,0.00188219032633019,0.000332035146658918,0.25206052909777,0.247128088497421
20280007,20284007,25,119,2282.88893684088,0.497593774967736,0.414031412242335,0.00186963528500379,0.000329820958294347,0.25206052909777,0.247128088497421
20280007,20284007,25,120,2281.61721577079,0.497316582118904,0.414939484603039,0.00185726324521518,0.00032763903597947,0.25206052909777,0.247128088497421
20280007,20284007,25,121,2280.36091999658,0.497042751470958,0.415841434407904,0.00184506937323708,0.00032548852758658,0.25206052909777,0.247128088497421
20280007,20284007,25,122,2279.11974371324,0.496772216368586,0.416737354730287,0.00183304905657375,0.000323368619990625,0.25206052909777,0.247128088497421
20280007,20284007,25,123,2277.89339028433,0.496504912154926,0.417627336208116,0.00182119789519108,0.000321278537523174,0.25206052909777,0.247128088497421
20280007,20284007,25,124,2276.68157181662,0.496240776078837,0.418511467143907,0.00180951169297654,0.000319217540466864,0.25206052909777,0.247128088497421
20280007,20284007,25,125,2275.48400875618,0.495979747206872,0.41938983359992,0.00179798644936683,0.000317184923579396,0.25206052909777,0.247128088497421
20280007,20284007,25,126,2274.30042950512,0.495721766339732,0.420262519488772,0.00178661835110127,0.000315180014639654,0.25206052909777,0.247128088497421
20280007,20284007,25,127,2273.13057005804,0.495466775933034,0.421129606659769,0.0017754037640749,0.00031320217301137,0.25206052909777,0.247128088497421
20280007,20284007,25,128,2271.97417365757,0.495214720022216,0.421991174981208,0.00176433922527821,0.000311250788222062,0.25206052909777,0.247128088497421
20280007,20284007,25,129,2270.83099046805,0.494965544151428,0.422847302418889,0.00175342143482201,0.000309325278556926,0.25206052909777,0.247128088497421
20280007,20284007,25,130,2269.70077726689,0.494719195306239,0.423698065111029,0.00174264724805299,0.000307425089668728,0.25206052909777,0.247128088497421
20280007,20284007,25,131,2268.58329715264,0.494475621850025,0.424543537439784,0.00173201366777191,0.000305549693205754,0.25206052909777,0.247128088497421
20280007,20284007,25,132,2267.47831926936,0.494234773463876,0.425383792099533,0.00172151783656812,0.000303698585460274,0.25206052909777,0.247128088497421
20280007,20284007,25,133,2266.38561854639,0.49399660108988,0.426218900162101,0.00171115702928642,0.000301871286040327,0.25206052909777,0.247128088497421
20280007,20284007,25,134,2265.30497545295,0.493761056877642,0.427048931139036,0.00170092864564151,0.000300067336567515,0.25206052909777,0.247128088497421
20280007,20284007,25,135,2264.23617576696,0.493528094133877,0.427873953041092,0.00169083020299394,0.000298286299403278,0.25206052909777,0.247128088497421
20280007,20284007,25,136,2263.17901035729,0.493297667274965,0.428694032435016,0.00168085932930022,0.000296527756405869,0.25206052909777,0.247128088497421
20280007,20284007,25,137,2262.13327497891,0.493069731782287,0.429509234497763,0.00167101375624705,0.000294791307719801,0.25206052909777,0.247128088497421
20280007,20284007,25,138,2261.09877008028,0.492844244160256,0.430319623068219,0.00166129131257834,0.000293076570599261,0.25206052909777,0.247128088497421
20280007,20284007,25,139,2260.07530062238,0.492621161896855,0.431125260696537,0.00165168991762111,0.000291383178266628,0.25206052909777,0.247128088497421
20280007,20284007,25,140,2259.06267590872,0.492400443426603,0.43192620869116,0.00164220757501645,0.000289710778807106,0.25206052909777,0.247128088497421
20280007,20284007,25,141,2258.06070942594,0.492182048095797,0.432722527163627,0.001632842366659,0.000288059034100157,0.25206052909777,0.247128088497421
20280007,20284007,25,142,2257.06921869421,0.491965936129908,0.433514275071208,0.0016235924468499,0.000286427618788548,0.25206052909777,0.247128088497421
20280007,20284007,25,143,2256.0880251271,0.491752068603041,0.43430151025747,0.00161445603666629,0.000284816219285596,0.25206052909777,0.247128088497421
20280007,20284007,25,144,2255.11695390031,0.491540407409321,0.435084289490822,0.00160543141855248,0.000283224532821483,0.25206052909777,0.247128088497421
20280007,20284007,25,145,2254.15583382881,0.491330915236111,0.435862668501115,0.00159651693113637,0.000281652266529301,0.25206052909777,0.247128088497421
20280007,20284007,25,146,2253.20449725189,0.491123555538959,0.436636702014349,0.00158771096427705,0.000280099136571841,0.25206052909777,0.247128088497421
20280007,20284007,25,147,2252.2627799257,0.490918292518176,0.43740644378557,0.00157901195434855,0.000278564867310031,0.25206052909777,0.247128088497421
20280007,20284007,25,148,2251.3305209228,0.490715091096934,0.438171946629995,0.00157041837976556,0.000277049190514041,0.25206052909777,0.247128088497421
20280007,20284007,25,149,2250.40756253826,0.490513916900814,0.438933262452448,0.00156192875675715,0.000275551844618101,0.25206052909777,0.247128088497421
20280007,20284007,25,150,2249.49375020206,0.490314736238696,0.439690442275147,0.00155354163539375,0.000274072574019992,0.25206052909777,0.247128088497421
20280007,20284007,25,151,2248.58893239711,0.4901175160849,0.440443536263926,0.00154525559587324,0.000272611128426212,0.25206052909777,0.247128088497421
20280007,20284007,25,152,2247.69296058274,0.489922224062506,0.441192593752934,0.00153706924506973,0.000271167262243474,0.25206052909777,0.247128088497421
20280007,20284007,25,153,2246.80568912314,0.489728828427755,0.441937663267876,0.00152898121334894,0.000269740734017208,0.25206052909777,0.247128088497421
20280007,20284007,25,154,2245.92697522037,0.489537298055453,0.442678792547872,0.00152099015165252,0.000268331305917485,0.25206052909777,0.247128088497421
20280007,20284007,25,155,2245.05667885166,0.489347602425299,0.443416028565976,0.00151309472885118,0.000266938743272354,0.25206052909777,0.247128088497421
20280007,20284007,25,156,2244.19466271055,0.489159711609054,0.444149417548431,0.00150529362936633,0.000265562814148521,0.25206052909777,0.247128088497421
20280007,20284007,25,157,2243.34079215151,0.48897359625848,0.444879004992718,0.00149758555105731,0.000264203288978865,0.25206052909777,0.247128088497421
20280007,20284007,25,158,2242.49493513787,0.488789227593973,0.445604835684463,0.00148996920336918,0.000262859940235907,0.25206052909777,0.247128088497421
20280007,20284007,25,159,2241.65696219242,0.488606577393817,0.446326953713264,0.00148244330573558,0.000261532542150256,0.25206052909777,0.247128088497421
20280007,20284007,25,160,2240.82674635076,0.488425617984001,0.447045402487507,0.00147500658622763,0.00026022087047245,0.25206052909777,0.247128088497421
20280007,20284007,25,161,2240.00416311681,0.48824632222852,0.447760224748222,0.00146765778043955,0.000258924702276547,0.25206052909777,0.247128088497421
20280007,20284007,25,162,2239.18909042024,0.488068663520112,0.448471462582055,0.00146039563059968,0.000257643815803456,0.25206052909777,0.247128088497421
20280007,20284007,25,163,2238.38140857576,0.487892615771367,0.449179157433411,0.00145321888489354,0.000256377990341672,0.25206052909777,0.247128088497421
20280007,20284007,25,164,2237.58100024379,0.487718153406162,0.449883350115831,0.00144612629698563,0.00025512700614305,0.25206052909777,0.247128088497421
20280007,20284007,25,165,2236.78775039236,0.487545251351359,0.450584080822657,0.00143911662572423,0.000253890644370879,0.25206052909777,0.247128088497421
20280007,20284007,25,166,2236.00154626012,0.487373885028739,0.451281389137059,0.00143218863501392,0.00025266868707749,0.25206052909777,0.247128088497421
20280007,20284007,25,167,2235.22227732016,0.487204030347116,0.451975314041464,0.00142534109383883,0.00025146091720849,0.25206052909777,0.247128088497421
20280007,20284007,25,168,2234.44983524455,0.487035663694605,0.452665893926456,0.00141857277642018,0.000250267118630656,0.25206052909777,0.247128088497421
20280007,20284007,25,169,2233.68411386934,0.486868761931005,0.453353166599189,0.00141188246249121,0.000249087076180529,0.25206052909777,0.247128088497421
20280007,20284007,25,170,2232.9250091601,0.48670330238027,0.454037169291382,0.00140526893767254,0.000247920575730729,0.25206052909777,0.247128088497421
20280007,20284007,25,171,2232.17241917762,0.48653926282305,0.454717938666923,0.00139873099393151,0.000246767404271073,0.25206052909777,0.247128088497421
20280007,20284007,25,172,2231.42624404395,0.486376621489273,0.455395510829146,0.00139226743010987,0.000245627350001751,0.25206052909777,0.247128088497421
20280007,20284007,25,173,2230.68638590842,0.486215357050755,0.456069921327818,0.00138587705250449,0.00024450020243583,0.25206052909777,0.247128088497421
20280007,20284007,25,174,2229.95274891389,0.486055448613829,0.456741205165881,0.00137955867548697,0.000243385752508653,0.25206052909777,0.247128088497421
20280007,20284007,25,175,2229.22523916289,0.485896875711975,0.457409396805981,0.00137331112214873,0.000242283792691686,0.25206052909777,0.247128088497421
20280007,20284007,25,176,2228.50376468384,0.485739618298449,0.458074530176831,0.00136713322495987,0.000241194117108825,0.25206052909777,0.247128088497421
20280007,20284007,25,177,2227.7882353972,0.485583656738913,0.458736638679425,0.00136102382643091,0.000240116521653184,0.25206052909777,0.247128088497421
20280007,20284007,25,178,2227.07856308161,0.485428971804046,0.459395755193149,0.00135498177976768,0.000239050804102684,0.25206052909777,0.247128088497421
20280007,20284007,25,179,2226.37466133996,0.485275544662156,0.460051912081806,0.00134900594951152,0.000237996764233046,0.25206052909777,0.247128088497421
20280007,20284007,25,180,2225.67644556549,0.485123356871784,0.460705141199579,0.00134309521215773,0.000236954203926936,0.25206052909777,0.247128088497421
20280007,20284007,25,181,2224.98383290781,0.484972390374305,0.461355473896961,0.00133724845674643,0.00023592292727825,0.25206052909777,0.247128088497421
20280007,20284007,25,182,2224.29674223897,0.484822627486529,0.462002941026659,0.00133146458542183,0.000234902740690821,0.25206052909777,0.247128088497421
20280007,20284007,25,183,2223.6150941196,0.484674050893319,0.462647572949497,0.00132574251395611,0.000233893452970877,0.25206052909777,0.247128088497421
20280007,20284007,25,184,2222.93881076505,0.484526643640206,0.463289399540326,0.00132008117223578,0.000232894875412882,0.25206052909777,0.247128088497421
20280007,20284007,25,185,2222.26781601162,0.484380389126044,0.463928450193955,0.00131447950470903,0.000231906821878493,0.25206052909777,0.247128088497421
20280007,20284007,25,186,2221.602035283,0.484235271095681,0.464564753831108,0.00130893647079336,0.000230929108868506,0.25206052909777,0.247128088497421
20280007,20284007,25,187,2220.9413955568,0.484091273632664,0.46519833890442,0.00130345104524324,0.000229961555587754,0.25206052909777,0.247128088497421
20280007,20284007,25,188,2220.28582533126,0.483948381151993,0.465829233404461,0.00129802221847841,0.000229003984003059,0.25206052909777,0.247128088497421
20280007,20284007,25,189,2219.63525459225,0.483806578392916,0.466457464865817,0.00129264899687362,0.00022805621889437,0.25206052909777,0.247128088497421
20280007,20284007,25,190,2218.98961478045,0.483665850411788,0.467083060373203,0.0012873304030106,0.000227118087899258,0.25206052909777,0.247128088497421
20280007,20284007,25,191,2218.3488387589,0.483526182574983,0.46770604656762,0.00128206547589368,0.000226189421550978,0.25206052909777,0.247128088497421
20280007,20284007,25,192,2217.71286078076,0.483387560551883,0.46832644965256,0.00127685327113038,0.000225270053310357,0.25206052909777,0.247128088497421
20280007,20284007,25,193,2217.08161645751,0.483249970307933,0.468944295400243,0.00127169286107799,0.000224359819591685,0.25206052909777,0.247128088497421
20280007,20284007,25,194,2216.45504272746,0.483113398097783,0.469559609157895,0.00126658333495778,0.000223458559782896,0.25206052909777,0.247128088497421
20280007,20284007,25,195,2215.83307782466,0.482977830458512,0.470172415854051,0.00126152379893759,0.000222566116260155,0.25206052909777,0.247128088497421
20280007,20284007,25,196,2215.21566124821,0.482843254202943,0.470782740004894,0.00125651337618419,0.000221682334397134,0.25206052909777,0.247128088497421
20280007,20284007,25,197,2214.60273373208,0.48270965641305,0.471390605720609,0.00125155120688605,0.000220807062569047,0.25206052909777,0.247128088497421
20280007,20284007,25,198,2213.99423721526,0.482577024433469,0.471996036711752,0.00124663644824764,0.000219940152151676,0.25206052909777,0.247128088497421
20280007,20284007,25,199,2213.39011481251,0.482445345865109,0.472599056295639,0.001241768274456,0.000219081457515491,0.25206052909777,0.247128088497421
20280007,20284007,25,200,2212.7903107855,0.482314608558871,0.473199687402725,0.00123694587661997,0.000218230836014967,0.25206052909777,0.247128088497421
20280007,20284007,25,201,2212.19477051451,0.482184800609477,0.473797952582992,0.00123216846268315,0.000217388147973238,0.25206052909777,0.247128088497421
20280007,20284007,25,202,2211.60344047066,0.482055910349411,0.474393874012327,0.00122743525731118,0.000216553256662241,0.25206052909777,0.247128088497421
20280007,20284007,25,203,2211.01626818865,0.481927926342985,0.474987473498878,0.00122274550175403,0.000215726028278449,0.25206052909777,0.247128088497421
20280007,20284007,25,204,2210.43320224003,0.48180083738051,0.475578772489399,0.001218098453684,0.000214906331914306,0.25206052909777,0.247128088497421
20280007,20284007,25,205,2209.85419220711,0.481674632472607,0.476167792075567,0.00121349338701088,0.000214094039525639,0.25206052909777,0.247128088497421
20280007,20284007,25,206,2209.27918865732,0.481549300844625,0.476754553000259,0.00120892959167451,0.000213289025895093,0.25206052909777,0.247128088497421
20280007,20284007,25,207,2208.70814311829,0.481424831931196,0.477339075663805,0.0012044063734168,0.000212491168591916,0.25206052909777,0.247128088497421
20280007,20284007,25,208,2208.14100805337,0.481301215370918,0.477921380130187,0.00119992305353401,0.00021170034792829,0.25206052909777,0.247128088497421
20280007,20284007,25,209,2207.57773683787,0.481178441001158,0.478501486133194,0.00119547896861095,0.000210916446912451,0.25206052909777,0.247128088497421
20280007,20284007,25,210,2207.01828373581,0.481056498852999,0.479079413082531,0.0011910734702388,0.000210139351198926,0.25206052909777,0.247128088497421
20280007,20284007,25,211,2206.46260387734,0.480935379146301,0.479655180069864,0.00118670592471824,0.000209368949036184,0.25206052909777,0.247128088497421
20280007,20284007,25,212,2205.91065323665,0.48081507228491,0.480228805874804,0.00118237571274998,0.000208605131212048,0.25206052909777,0.247128088497421
20280007,20284007,25,213,2205.36238861064,0.480695568851985,0.480800308970837,0.00117808222911428,0.000207847790997182,0.25206052909777,0.247128088497421
20280007,20284007,25,214,2204.81776759803,0.480576859605462,0.481369707531178,0.00117382488234177,0.000207096824087031,0.25206052909777,0.247128088497421
20280007,20284007,25,215,2204.27674857918,0.480458935473642,0.481937019434554,0.00116960309437769,0.000206352128542604,0.25206052909777,0.247128088497421
20280007,20284007,25,216,2203.73929069643,0.480341787550916,0.482502262270923,0.00116541630024115,0.000205613604730376,0.25206052909777,0.247128088497421
20280007,20284007,25,217,2203.20535383506,0.480225407093611,0.483065453347103,0.00116126394768171,0.000204881155261719,0.25206052909777,0.247128088497421
20280007,20284007,25,218,2202.67489860478,0.480109785515957,0.483626609692343,0.00115714549683531,0.000204154684932225,0.25206052909777,0.247128088497421
20280007,20284007,25,219,2202.14788632184,0.479994914386184,0.484185748063793,0.00115306041988092,0.000203434100661138,0.25206052909777,0.247128088497421
20280007,20284007,25,220,2201.62427899167,0.47988078542274,0.484742884951908,0.00114900820069983,0.000202719311431266,0.25206052909777,0.247128088497421
20280007,20284007,25,221,2201.10403929201,0.479767390490615,0.485298036585765,0.00114498833453917,0.00020201022822964,0.25206052909777,0.247128088497421
20280007,20284007,25,222,2200.58713055665,0.479654721597797,0.485851218938293,0.00114100032768084,0.000201306763989116,0.25206052909777,0.247128088497421
20280007,20284007,25,223,2200.07351675962,0.479542770891823,0.486402447731419,0.00113704369711706,0.00020060883353116,0.25206052909777,0.247128088497421
20280007,20284007,25,224,2199.5631624999,0.479431530656449,0.486951738441136,0.00113311797023368,0.000199916353509989,0.25206052909777,0.247128088497421
20280007,20284007,25,225,2199.0560329866,0.479320993308422,0.487499106302471,0.00112922268450192,0.0001992292423582,0.25206052909777,0.247128088497421
20280007,20284007,25,226,2198.55209402464,0.47921115139435,0.488044566314378,0.001125357387179,0.000198547420233985,0.25206052909777,0.247128088497421
20280007,20284007,25,227,2198.05131200082,0.479101997587677,0.488588133244536,0.0011215216350187,0.000197870808970068,0.25206052909777,0.247128088497421
20280007,20284007,25,228,2197.55365387038,0.478993524685745,0.489129821634065,0.00111771499399128,0.000197199332024327,0.25206052909777,0.247128088497421
20280007,20284007,25,229,2197.05908714395,0.478885725606951,0.48966964580215,0.00111393703901385,0.000196532914432232,0.25206052909777,0.247128088497421
20280007,20284007,25,230,2196.56757987488,0.478778593387993,0.49020761985058,0.00111018735369038,0.000195871482760995,0.25206052909777,0.247128088497421
20280007,20284007,25,231,2196.07910064702,0.478672121181193,0.490743757668197,0.00110646553006182,0.000195214965065511,0.25206052909777,0.247128088497421
20280007,20284007,25,232,2195.5936185628,0.478566302251911,0.491278072935259,0.00110277116836576,0.000194563290845967,0.25206052909777,0.247128088497421
20280007,20284007,25,233,2195.11110323171,0.478461129976026,0.491810579127715,0.00109910387680566,0.000193916391007151,0.25206052909777,0.247128088497421
20280007,20284007,25,234,2194.63152475908,0.478356597837498,0.492341289521393,0.00109546327132912,0.000193274197819352,0.25206052909777,0.247128088497421
20280007,20284007,25,235,2194.15485373524,0.478252699426,0.492870217196104,0.00109184897541468,0.000192636644880762,0.25206052909777,0.247128088497421
20280007,20284007,25,236,2193.68106122497,0.478149428434611,0.493397375039651,0.00108826061986729,0.000192003667081417,0.25206052909777,0.247128088497421
20280007,20284007,25,237,2193.21011875721,0.478046778657592,0.493922775751762,0.00108469784262142,0.000191375200568473,0.25206052909777,0.247128088497421
20280007,20284007,25,238,2192.74199831511,0.477944743988203,0.494446431847933,0.00108116028855194,0.000190751182712861,0.25206052909777,0.247128088497421
20280007,20284007,25,239,2192.27667232635,0.477843318416594,0.494968355663184,0.00107764760929179,0.00019013155207714,0.25206052909777,0.247128088497421
20280007,20284007,25,240,2191.8141136537,0.477742496027754,0.495488559355734,0.00107415946305691,0.000189516248384632,0.25206052909777,0.247128088497421
20280007,20284007,25,241,2191.35429558585,0.477642270999506,0.496007054910591,0.00107069551447743,0.000188905212489648,0.25206052909777,0.247128088497421
20280007,20284007,25,242,2190.89719182848,0.477542637600566,0.496523854143061,0.00106725543443498,0.000188298386348816,0.25206052909777,0.247128088497421
20280007,20284007,25,243,2190.44277649559,0.477443590188645,0.497038968702168,0.00106383889990635,0.000187695712993512,0.25206052909777,0.247128088497421
20280007,20284007,25,244,2189.99102410101,0.477345123208608,0.497552410074003,0.00106044559381254,0.000187097136503246,0.25206052909777,0.247128088497421
20280007,20284007,25,245,2189.54190955015,0.47724723119067,0.498064189584983,0.00105707520487387,0.000186502601980118,0.25206052909777,0.247128088497421
20280007,20284007,25,246,2189.09540813197,0.477149908748648,0.498574318405038,0.00105372742747037,0.000185912055524209,0.25206052909777,0.247128088497421
20280007,20284007,25,247,2188.65149551115,0.47705315057825,0.499082807550712,0.00105040196150774,0.000185325444209947,0.25206052909777,0.247128088497421
20280007,20284007,25,248,2188.21014772041,0.476956951455409,0.499589667888198,0.00104709851228894,0.000184742716063476,0.25206052909777,0.247128088497421
20280007,20284007,25,249,2187.77134115307,0.476861306234655,0.500094910136282,0.0010438167903907,0.000184163820040874,0.25206052909777,0.247128088497421
20280007,20284007,25,250,2187.33505255578,0.47676620984753,0.500598544869224,0.00104055651154597,0.000183588706007447,0.25206052909777,0.247128088497421
20280007,20284007,25,251,2186.90125902138,0.476671657301036,0.501100582519565,0.00103731739653139,0.000183017324717885,0.25206052909777,0.247128088497421
20280007,20284007,25,252,2186.46993798194,0.476577643676118,0.501601033380852,0.00103409917106044,0.000182449627797422,0.25206052909777,0.247128088497421
20280007,20284007,25,253,2186.04106720203,0.476484164126192,0.502099907610308,0.00103090156568136,0.000181885567723856,0.25206052909777,0.247128088497421
20280007,20284007,25,254,2185.61462477202,0.476391213875687,0.502597215231418,0.00102772431568124,0.000181325097810634,0.25206052909777,0.247128088497421
20280007,20284007,25,255,2185.19058910162,0.476298788218639,0.503092966136456,0.00102456716099463,0.000180768172190748,0.25206052909777,0.247128088497421
20280007,20284007,25,256,2184.76893891353,0.476206882517304,0.503587170088951,0.00102142984611774,0.000180214745801613,0.25206052909777,0.247128088497421
20280007,20284007,25,257,2184.34965323718,0.476115492200799,0.504079836726073,0.00101831212002755,0.000179664774370807,0.25206052909777,0.247128088497421
20280007,20284007,25,258,2183.93271140271,0.476024612763779,0.504570975560978,0.00101521373610585,0.000179118214402693,0.25206052909777,0.247128088497421
20280007,20284007,25,259,2183.51809303494,0.475934239765138,0.505060595985077,0.00101213445206802,0.000178575023165858,0.25206052909777,0.247128088497421
20280007,20284007,25,260,2183.10577804758,0.475844368826729,0.505548707270253,0.00100907402989649,0.000178035158681397,0.25206052909777,0.247128088497421
20280007,20284007,25,261,2182.69574663745,0.475754995632121,0.506035318571022,0.00100603223577807,0.000177498579711859,0.25206052909777,0.247128088497421
20280007,20284007,25,262,2182.2879792789,0.475666115925372,0.50652043892664,0.0010030088400456,0.000176965245750976,0.25206052909777,0.247128088497421
20280007,20284007,25,263,2181.88245671827,0.475577725509823,0.507004077263155,0.00100000361712302,0.000176435117013981,0.25206052909777,0.247128088497421
20280007,20284007,25,264,2181.4791599685,0.475489820246929,0.507486242395412,0.000997016345473766,0.000175908154428514,0.25206052909777,0.247128088497421
20280007,20284007,25,265,2181.07807030379,0.475402396055088,0.507966943029004,0.000994046807552092,0.000175384319626045,0.25206052909777,0.247128088497421
20280007,20284007,25,266,2180.67916925441,0.475315448908516,0.508446187762188,0.000991094789756651,0.0001748635749337,0.25206052909777,0.247128088497421
20280007,20284007,25,267,2180.28243860158,0.475228974836125,0.508923985087739,0.000988160082386286,0.00017434588336647,0.25206052909777,0.247128088497421
20280007,20284007,25,268,2179.88786037244,0.475142969920428,0.509400343394782,0.000985242479597551,0.000173831208619725,0.25206052909777,0.247128088497421
20280007,20284007,25,269,2179.4954168351,0.475057430296464,0.509875270970561,0.000982341779362803,0.000173319515061835,0.25206052909777,0.247128088497421
20280007,20284007,25,270,2179.10509049378,0.474972352150738,0.510348776002189,0.000979457783429696,0.000172810767727029,0.25206052909777,0.247128088497421
20280007,20284007,25,271,2178.71686408408,0.474887731720184,0.510820866578348,0.000976590297280514,0.000172304932308231,0.25206052909777,0.247128088497421
20280007,20284007,25,272,2178.3307205683,0.474803565291148,0.511291550690957,0.000973739130091275,0.000171801975149856,0.25206052909777,0.247128088497421
20280007,20284007,25,273,2177.9466431308,0.474719849198384,0.511760836236807,0.000970904094690533,0.000171301863240544,0.25206052909777,0.247128088497421
20280007,20284007,25,274,2177.56461517353,0.47463657982407,0.512228731019164,0.000968085007517027,0.000170804564205702,0.25206052909777,0.247128088497421
20280007,20284007,25,275,2177.18462031163,0.474553753596849,0.512695242749336,0.000965281688575966,0.000170310046299796,0.25206052909777,0.247128088497421
20280007,20284007,25,276,2176.80664236903,0.47447136699088,0.513160379048215,0.000962493961393793,0.000169818278398376,0.25206052909777,0.247128088497421
20280007,20284007,25,277,2176.43066537425,0.474389416524909,0.513624147447793,0.000959721652970964,0.000169329229989757,0.25206052909777,0.247128088497421
20280007,20284007,25,278,2176.0566735562,0.474307898761366,0.514086555392642,0.000956964593732487,0.000168842871166291,0.25206052909777,0.247128088497421
20280007,20284007,25,279,2175.68465134013,0.47422681030547,0.514547610241379,0.00095422261747615,0.000168359172615244,0.25206052909777,0.247128088497421
20280007,20284007,25,280,2175.31458334358,0.474146147804362,0.515007319268096,0.000951495561318166,0.000167878105609212,0.25206052909777,0.247128088497421
20280007,20284007,25,281,2174.94645437252,0.474065907946248,0.515465689663775,0.000948783265636331,0.000167399641996095,0.25206052909777,0.247128088497421
20280007,20284007,25,282,2174.58024941753,0.473986087459572,0.515922728537673,0.000946085574010333,0.000166923754188571,0.25206052909777,0.247128088497421
20280007,20284007,25,283,2174.21595365003,0.473906683112199,0.516378442918687,0.000943402333159439,0.000166450415153107,0.25206052909777,0.247128088497421
20280007,20284007,25,284,2173.85355241867,0.473827691710621,0.516832839756703,0.000940733392877525,0.000165979598398503,0.25206052909777,0.247128088497421
20280007,20284007,25,285,2173.49303124575,0.473749110099184,0.517285925923917,0.000938078605965763,0.000165511277964013,0.25206052909777,0.247128088497421
20280007,20284007,25,286,2173.13437582379,0.473670935159334,0.517737708216137,0.000935437828162488,0.000165045428406981,0.25206052909777,0.247128088497421
20280007,20284007,25,287,2172.77757201215,0.473593163808878,0.518188193354072,0.000932810918071266,0.000164582024790153,0.25206052909777,0.247128088497421
20280007,20284007,25,288,2172.42260583372,0.473515793001274,0.518637387984595,0.000930197737086739,0.000164121042668591,0.25206052909777,0.247128088497421
20280007,20284007,25,289,2172.06946347176,0.473438819724936,0.51908529868199,0.000927598149318816,0.000163662458076306,0.25206052909777,0.247128088497421
20280007,20284007,25,290,2171.71813126682,0.473362241002553,0.519531931949183,0.000925012021515356,0.000163206247512618,0.25206052909777,0.247128088497421
20280007,20284007,25,291,2171.36859571368,0.47328605389044,0.519977294218953,0.000922439222983911,0.000162752387928347,0.25206052909777,0.247128088497421
20280007,20284007,25,292,2171.02084345849,0.473210255477902,0.520421391855124,0.000919879625512441,0.000162300856711833,0.25206052909777,0.247128088497421
20280007,20284007,25,293,2170.67486129592,0.473134842886616,0.520864231153746,0.000917333103289842,0.000161851631674912,0.25206052909777,0.247128088497421
20280007,20284007,25,294,2170.33063616641,0.473059813270034,0.521305818344252,0.000914799532826429,0.000161404691038887,0.25206052909777,0.247128088497421
20280007,20284007,25,295,2169.98815515356,0.472985163812809,0.521746159590605,0.000912278792874661,0.000160960013420546,0.25206052909777,0.247128088497421
20280007,20284007,25,296,2169.64740548153,0.472910891730235,0.522185260992423,0.000909770764350795,0.000160517577818339,0.25206052909777,0.247128088497421
20280007,20284007,25,297,2169.30837451258,0.472836994267704,0.522623128586093,0.00090727533025753,0.000160077363598728,0.25206052909777,0.247128088497421
20280007,20284007,25,298,2168.97104974467,0.47276346870019,0.523059768345863,0.000904792375608424,0.000159639350482855,0.25206052909777,0.247128088497421
20280007,20284007,25,299,2168.63541880915,0.472690312331738,0.523495186184926,0.000902321787354037,0.000159203518533514,0.25206052909777,0.247128088497421
20280007,20284007,25,300,2168.30146946853,0.47261752249498,0.52392938795648,0.000899863454310362,0.000158769848142517,0.25206052909777,0.247128088497421
20280007,20284007,25,301,2167.96918961429,0.472545096550665,0.524362379454779,0.000897417267089974,0.000158338320018555,0.25206052909777,0.247128088497421
20280007,20284007,25,302,2167.63856726481,0.472473031887198,0.524794166416168,0.000894983118036167,0.000157908915175571,0.25206052909777,0.247128088497421
20280007,20284007,25,303,2167.30959056336,0.472401325920206,0.525224754520095,0.000892560901159977,0.000157481614921653,0.25206052909777,0.247128088497421
20280007,20284007,25,304,2166.98224777613,0.47232997609211,0.525654149390121,0.00089015051208107,0.000157056400848604,0.25206052909777,0.247128088497421
20280007,20284007,25,305,2166.65652729033,0.472258979871708,0.526082356594904,0.000887751847972166,0.000156633254822134,0.25206052909777,0.247128088497421
20280007,20284007,25,306,2166.33241761239,0.472188334753785,0.526509381649173,0.000885364807507273,0.000156212158972729,0.25206052909777,0.247128088497421
20280007,20284007,25,307,2166.00990736615,0.472118038258716,0.526935230014689,0.000882989290813996,0.000155793095687237,0.25206052909777,0.247128088497421
20280007,20284007,25,308,2165.68898529117,0.472048087932099,0.527359907101188,0.000880625199430032,0.000155376047601191,0.25206052909777,0.247128088497421
20280007,20284007,25,309,2165.36964024101,0.471978481344384,0.52778341826731,0.000878272436263825,0.000154960997591864,0.25206052909777,0.247128088497421
20280007,20284007,25,310,2165.05186118166,0.471909216090521,0.528205768821519,0.000875930905559289,0.000154547928772052,0.25206052909777,0.247128088497421
20280007,20284007,25,311,2164.73563718989,0.471840289789614,0.528626964023001,0.000873600512865009,0.000154136824484632,0.25206052909777,0.247128088497421
20280007,20284007,25,312,2164.42095745176,0.471771700084581,0.529047009082555,0.000871281165007398,0.000153727668297832,0.25206052909777,0.247128088497421
20280007,20284007,25,313,2164.10781126106,0.471703444641826,0.529465909163469,0.000868972770068012,0.000153320444001224,0.25206052909777,0.247128088497421
20280007,20284007,25,314,2163.79618801787,0.471635521150915,0.529883669382378,0.000866675237364619,0.000152915135602387,0.25206052909777,0.247128088497421
20280007,20284007,25,315,2163.48607722704,0.471567927324262,0.530300294810116,0.000864388477436253,0.000152511727324267,0.25206052909777,0.247128088497421
20280007,20284007,25,316,2163.17746849685,0.471500660896813,0.53071579047255,0.000862112402031706,0.000152110203603151,0.25206052909777,0.247128088497421
20280007,20284007,25,317,2162.87035153752,0.47143371962574,0.531130161351401,0.000859846924101315,0.000151710549087211,0.25206052909777,0.247128088497421
20280007,20284007,25,318,2162.56471615987,0.471367101290143,0.531543412385057,0.000857591957791959,0.000151312748635629,0.25206052909777,0.247128088497421
20280007,20284007,25,319,2162.26055227396,0.471300803690747,0.531955548469365,0.000855347418444807,0.000150916787318195,0.25206052909777,0.247128088497421
20280007,20284007,25,320,2161.95784988768,0.471234824649608,0.53236657445842,0.000853113222595474,0.000150522650415337,0.25206052909777,0.247128088497421
20280007,20284007,30,10,4926.20354496666,1,0.302175541010297,NaN,NaN,0.252254449048089,0.247128088497421
20280007,20284007,30,11,3886.9253140657,0.78903059497758,0.27119204731049,0.0642722196698485,0.0114358303371277,0.252254449048089,0.247128088497421
20280007,20284007,30,12,3450.93813869747,0.700526908236154,0.254113542768696,0.0411105395021338,0.0072856659243932,0.252254449048089,0.247128088497421
20280007,20284007,30,13,3196.80942351802,0.648939775698946,0.243724689603565,0.0314845116410734,0.00556971939423062,0.252254449048089,0.247128088497421
20280007,20284007,30,14,3029.30012339127,0.614936044712659,0.237388010294093,0.0257029500645742,0.00454229052860237,0.252254449048089,0.247128088497421
20280007,20284007,30,15,2909.31001839454,0.590578523976568,0.233672700861373,0.0218218047075964,0.00385397702784339,0.252254449048089,0.247128088497421
20280007,20284007,30,16,2817.65210788774,0.571972327608484,0.231720520704905,0.0190630384113219,0.0033653731077175,0.252254449048089,0.247128088497421
20280007,20284007,30,17,2744.09538393317,0.55704060112111,0.230990496475873,0.0170158229270046,0.0030031288303749,0.252254449048089,0.247128088497421
20280007,20284007,30,18,2682.88163051023,0.544614449244889,0.231128639455961,0.0154322113126009,0.00272310855054568,0.252254449048089,0.247128088497421
20280007,20284007,30,19,2630.62137763317,0.534005822865562,0.231895257144869,0.0141560880578473,0.0024975794456366,0.252254449048089,0.247128088497421
20280007,20284007,30,20,2585.21279314525,0.524788058298298,0.233122556579867,0.0130912606615943,0.00230947232017008,0.252254449048089,0.247128088497421
20280007,20284007,30,21,2545.26470769429,0.516678753620506,0.234689489595673,0.0121802713943908,0.00214859601029514,0.252254449048089,0.247128088497421
20280007,20284007,30,22,2509.79198896338,0.509477930835351,0.236506641653889,0.0113881120792291,0.00200874250843823,0.252254449048089,0.247128088497421
20280007,20284007,30,23,2478.0546583485,0.50303537718827,0.238506865367592,0.0106925745578661,0.00188597418505355,0.252254449048089,0.247128088497421
20280007,20284007,30,24,2449.47216387309,0.497233242904839,0.240639234579418,0.0100783762545312,0.00177758217509252,0.252254449048089,0.247128088497421
20280007,20284007,30,25,2423.57806852582,0.491976843101034,0.242864925010442,0.00953325849151768,0.00168139530158239,0.252254449048089,0.247128088497421
20280007,20284007,30,26,2399.99368190804,0.487189305111079,0.245154228686536,0.00904661939478889,0.00159553738570494,0.252254449048089,0.247128088497421
20280007,20284007,30,27,2378.40919609451,0.482807739141157,0.247484325564201,0.0086095604498679,0.00151843455420129,0.252254449048089,0.247128088497421
20280007,20284007,30,28,2358.56872045464,0.478780200396816,0.249837627463496,0.00821491531325676,0.00144881974535695,0.252254449048089,0.247128088497421
20280007,20284007,30,29,2340.25857350743,0.475063312375427,0.252200556394657,0.00785697436273428,0.00138568373687212,0.252254449048089,0.247128088497421
20280007,20284007,30,30,2323.29849872064,0.471620483707878,0.254562638853557,0.00753109987960087,0.00132820700356312,0.252254449048089,0.247128088497421
20280007,20284007,30,31,2307.53526367911,0.468420608814842,0.256915823728492,0.00723338338814562,0.00127569909269901,0.252254449048089,0.247128088497421
20280007,20284007,30,32,2292.83797559149,0.465437116973008,0.259253957998766,0.00696041625363349,0.00122755803207156,0.252254449048089,0.247128088497421
20280007,20284007,30,33,2279.09448504407,0.462647242291224,0.261572376315597,0.00670918379227384,0.00118325156044974,0.252254449048089,0.247128088497421
20280007,20284007,30,34,2266.20842830157,0.460031423309146,0.263867576633693,0.00647704244142582,0.00114231303316374,0.252254449048089,0.247128088497421
20280007,20284007,30,35,2254.09667746364,0.457572785389017,0.266136964144434,0.00626172189639408,0.00110434174952435,0.252254449048089,0.247128088497421
20280007,20284007,30,36,2242.68712974583,0.455256691948365,0.268378650866967,0.00606131111799669,0.0010690004499736,0.252254449048089,0.247128088497421
20280007,20284007,30,37,2231.91683563123,0.453070364482135,0.270591300368374,0.00587421723868448,0.00103600804476934,0.252254449048089,0.247128088497421
20280007,20284007,30,38,2221.73046387744,0.451002570965118,0.272774008141301,0.00569910791029499,0.0010051294306527,0.252254449048089,0.247128088497421
20280007,20284007,30,39,2212.07907390171,0.44904337665095,0.274926209297592,0.00553485301577165,0.000976165200825318,0.252254449048089,0.247128088497421
20280007,20284007,30,40,2202.91914446247,0.447183946898276,0.27704760671523,0.00538047645479109,0.000948943134871275,0.252254449048089,0.247128088497421
20280007,20284007,30,41,2194.21180151592,0.44541639042866,0.279138114403727,0.00523512135296608,0.00092331205795466,0.252254449048089,0.247128088497421
20280007,20284007,30,42,2185.92219417809,0.443733632649336,0.281197812342546,0.00509802709326704,0.000899137786108273,0.252254449048089,0.247128088497421
20280007,20284007,30,43,2178.01897923177,0.44212931101013,0.283226910216007,0.00496851463084591,0.000876300533146805,0.252254449048089,0.247128088497421
20280007,20284007,30,44,2170.47388652308,0.440597686780677,0.285225718271845,0.00484597660939656,0.000854693164977779,0.252254449048089,0.247128088497421
20280007,20284007,30,45,2163.26134722233,0.439133569588825,0.287194624021243,0.00472986974505191,0.000834219854321252,0.252254449048089,0.247128088497421
20280007,20284007,30,46,2156.35817345194,0.437732252386362,0.289134073770949,0.00461970805009581,0.000814794883972219,0.252254449048089,0.247128088497421
20280007,20284007,30,47,2149.74328153381,0.436389455269323,0.291044558128354,0.00451505635068773,0.000796341502280458,0.252254449048089,0.247128088497421
20280007,20284007,30,48,2143.39745293549,0.435101276950991,0.292926600719697,0.0044155240751524,0.000778790826649139,0.252254449048089,0.247128088497421
20280007,20284007,30,49,2137.30312781174,0.433864152851646,0.294780749450625,0.00432075948237224,0.000762080824893393,0.252254449048089,0.247128088497421
20280007,20284007,30,50,2131.44422651491,0.43267481886588,0.296607569732135,0.00423044448289378,0.000746155401320204,0.252254449048089,0.247128088497421
20280007,20284007,30,51,2125.80599491879,0.431530279963935,0.29840763919285,0.00414429011129762,0.000730963597808135,0.252254449048089,0.247128088497421
20280007,20284007,30,52,2120.37486993802,0.430427782892671,0.300181543494068,0.00406203262823818,0.000716458906038414,0.252254449048089,0.247128088497421
20280007,20284007,30,53,2115.13836217239,0.429364792352831,0.301929872950877,0.00398343019654512,0.000702598681038457,0.252254449048089,0.247128088497421
20280007,20284007,30,54,2110.08495309198,0.428338970128011,0.303653219737539,0.00390826007691981,0.000689343646409214,0.252254449048089,0.247128088497421
20280007,20284007,30,55,2105.20400457468,0.427348156721147,0.305352175517483,0.00383631629923815,0.000676657483464016,0.252254449048089,0.247128088497421
20280007,20284007,30,56,2100.48567892815,0.426390355119272,0.307027329388241,0.00376740776671981,0.000664506496733396,0.252254449048089,0.247128088497421
20280007,20284007,30,57,2095.92086780383,0.42546371636335,0.308679266070494,0.0037013567388767,0.000652859346293597,0.252254449048089,0.247128088497421
20280007,20284007,30,58,2091.50112866782,0.424566526652113,0.310308564299028,0.00363799762318151,0.000641686834561837,0.252254449048089,0.247128088497421
20280007,20284007,30,59,2087.21862773825,0.42369719575856,0.311915795392874,0.00357717599551128,0.000630961733458651,0.252254449048089,0.247128088497421
20280007,20284007,30,60,2083.06608852215,0.422854246583156,0.313501521993531,0.00351874777207522,0.000620658638305472,0.252254449048089,0.247128088497421
20280007,20284007,30,61,2079.03674527367,0.422036305706029,0.315066296965569,0.00346257847041565,0.000610753837449355,0.252254449048089,0.247128088497421
20280007,20284007,30,62,2075.12430083851,0.421242094829551,0.316610662455023,0.00340854251876061,0.000601225190431296,0.252254449048089,0.247128088497421
20280007,20284007,30,63,2071.32288844758,0.420470423022603,0.31813514909956,0.00335652259456506,0.000592052011316302,0.252254449048089,0.247128088497421
20280007,20284007,30,64,2067.62703708361,0.419720179690139,0.319640275382073,0.00330640898926345,0.000583214956657707,0.252254449048089,0.247128088497421
20280007,20284007,30,65,2064.0316400807,0.418990328199008,0.321126547117077,0.00325809900500558,0.000574695919111089,0.252254449048089,0.247128088497421
20280007,20284007,30,66,2060.53192664016,0.418279900095786,0.322594457057758,0.00321149639130493,0.000566477928093738,0.252254449048089,0.247128088497421
20280007,20284007,30,67,2057.12343596665,0.417587989856512,0.324044484610825,0.00316651082751286,0.000558545058530248,0.252254449048089,0.247128088497421
20280007,20284007,30,68,2053.80199374994,0.41691375011258,0.325477095646475,0.00312305745343233,0.000550882348090337,0.252254449048089,0.247128088497421
20280007,20284007,30,69,2050.56369074191,0.416256387301956,0.326892742391491,0.00308105644704609,0.000543475722736491,0.252254449048089,0.247128088497421
20280007,20284007,30,70,2047.404863204,0.415615157700079,0.328291863394619,0.003040432646105,0.000536311930006316,0.252254449048089,0.247128088497421
20280007,20284007,30,71,2044.32207502591,0.414989363790032,0.329674883554642,0.00300111520926697,0.000529378479268789,0.252254449048089,0.247128088497421
20280007,20284007,30,72,2041.31210134102,0.41437835093654,0.331042214202815,0.00296303731226131,0.000522663588155928,0.252254449048089,0.247128088497421
20280007,20284007,30,73,2038.3719134858,0.413781504332784,0.332394253232569,0.00292613587477225,0.000516156134410272,0.252254449048089,0.247128088497421
20280007,20284007,30,74,2035.49866517032,0.413198246193072,0.333731385270345,0.00289035131410177,0.00050984561245342,0.252254449048089,0.247128088497421
20280007,20284007,30,75,2032.68967974372,0.412628033167775,0.335053981882303,0.00285562732204985,0.000503722094047645,0.252254449048089,0.247128088497421
20280007,20284007,30,76,2029.94243845332,0.41207035395998,0.336362401812237,0.00282191066182378,0.00049777619248855,0.252254449048089,0.247128088497421
20280007,20284007,30,77,2027.25456960836,0.411524727125762,0.337656991246545,0.00278915098218466,0.000491999029836638,0.252254449048089,0.247128088497421
20280007,20284007,30,78,2024.62383856962,0.41099069904212,0.338938084102354,0.00275730064649233,0.000486382206775629,0.252254449048089,0.247128088497421
20280007,20284007,30,79,2022.04813849488,0.410467842028352,0.340206002335199,0.0027263145748191,0.00048091777477501,0.252254449048089,0.247128088497421
20280007,20284007,30,80,2019.52548177705,0.409955752608009,0.341461056262752,0.00269615009784366,0.000475598210329731,0.252254449048089,0.247128088497421
20280007,20284007,30,81,2017.05399211689,0.409454049899707,0.342703544901309,0.00266676682176021,0.000470416391142261,0.252254449048089,0.247128088497421
20280007,20284007,30,82,2014.63189717712,0.408962374125926,0.343933756311859,0.00263812650389602,0.000465365574192935,0.252254449048089,0.247128088497421
20280007,20284007,30,83,2012.25752176736,0.408480385229591,0.345151967952799,0.00261019293906869,0.000460439375704154,0.252254449048089,0.247128088497421
20280007,20284007,30,84,2009.92928151279,0.408007761588826,0.346358447036609,0.00258293185690343,0.000455631753037324,0.252254449048089,0.247128088497421
20280007,20284007,30,85,2007.64567696136,0.407544198820746,0.347553450888072,0.00255631083034826,0.000450936988564443,0.252254449048089,0.247128088497421
20280007,20284007,30,86,2005.40528808729,0.407089408665687,0.348737227302017,0.0025302991954709,0.000446349675529171,0.252254449048089,0.247128088497421
20280007,20284007,30,87,2003.20676915106,0.406643117943804,0.349910014898875,0.00250486798231687,0.00044186470585842,0.252254449048089,0.247128088497421
20280007,20284007,30,88,2001.04884387944,0.406205067576634,0.351072043476744,0.00247998985618656,0.00043747725981125,0.252254449048089,0.247128088497421
20280007,20284007,30,89,1998.93030093247,0.40577501166692,0.352223534359003,0.00245563906820416,0.000433182797266238,0.252254449048089,0.247128088497421
20280007,20284007,30,90,1996.84998962876,0.405352716630851,0.353364700736818,0.00243179141356206,0.000428977050362267,0.252254449048089,0.247128088497421
20280007,20284007,30,91,1994.80681590459,0.40493796037778,0.354495748006171,0.00240842419539624,0.00042485601713212,0.252254449048089,0.247128088497421
20280007,20284007,30,92,1992.79973848717,0.404530531533419,0.355616874099223,0.00238551619193983,0.000420815955713928,0.252254449048089,0.247128088497421
20280007,20284007,30,93,1990.82776526729,0.404130228703485,0.356728269809957,0.00236304762446031,0.000416853378700483,0.252254449048089,0.247128088497421
20280007,20284007,30,94,1988.88994986061,0.403736859775669,0.357830119114098,0.00234100012353859,0.000412965047195765,0.252254449048089,0.247128088497421
20280007,20284007,30,95,1986.98538835122,0.403350241258589,0.358922599483288,0.00231935669149776,0.000409147964192042,0.252254449048089,0.247128088497421
20280007,20284007,30,96,1985.11321621418,0.402970197657071,0.360005882193448,0.00229810165921738,0.000405399366956378,0.252254449048089,0.247128088497421
20280007,20284007,30,97,1983.27260541599,0.402596560883563,0.361080132627106,0.00227722063613046,0.000401716718214423,0.252254449048089,0.247128088497421
20280007,20284007,30,98,1981.46276169375,0.402229169705808,0.36214551056939,0.00225670045284132,0.000398097696032407,0.252254449048089,0.247128088497421
20280007,20284007,30,99,1979.6829220138,0.401867869230969,0.363202170497194,0.00223652909645463,0.000394540182413294,0.252254449048089,0.247128088497421
20280007,20284007,30,100,1977.93235221091,0.401512510426384,0.364250261860955,0.00221669563931053,0.000391042250729692,0.252254449048089,0.247128088497421
20280007,20284007,30,101,1976.21034480748,0.40116294967687,0.365289929358324,0.0021971901623215,0.00038760215220443,0.252254449048089,0.247128088497421
20280007,20284007,30,102,1974.516217011,0.400819048378231,0.366321313199002,0.00217800367446925,0.000384218301713698,0.252254449048089,0.247128088497421
20280007,20284007,30,103,1972.84930888632,0.400480672566216,0.367344549359955,0.00215912803022414,0.000380889263223647,0.252254449048089,0.247128088497421
20280007,20284007,30,104,1971.20898169688,0.400147692579809,0.368359769830276,0.00214055584669618,0.000377613735179545,0.252254449048089,0.247128088497421
20280007,20284007,30,105,1969.59461640783,0.399819982757363,0.369367102845005,0.0021222804222323,0.000374390536149976,0.252254449048089,0.247128088497421
20280007,20284007,30,106,1968.00561234195,0.39949742116376,0.370366673107336,0.00210429565796756,0.000371218590991989,0.252254449048089,0.247128088497421
20280007,20284007,30,107,1966.44138597835,0.399179889346545,0.371358601998761,0.00208659598355171,0.000368096917752654,0.252254449048089,0.247128088497421
20280007,20284007,30,108,1964.90136988282,0.398867272118801,0.372343007776843,0.00206917628794604,0.000365024615464871,0.252254449048089,0.247128088497421
20280007,20284007,30,109,1963.38501175867,0.398559457366466,0.373320005760472,0.0020520318558502,0.000362000852936152,0.252254449048089,0.247128088497421
20280007,20284007,30,110,1961.8917736065,0.398256335877769,0.374289708502607,0.0020351583100057,0.000359024858573852,0.252254449048089,0.247128088497421
20280007,20284007,30,111,1960.42113098176,0.397957801192527,0.37525222595064,0.00201855155935141,0.000356095911242533,0.252254449048089,0.247128088497421
20280007,20284007,30,112,1958.97257233981,0.39766374946918,0.376207665594651,0.00200220775278984,0.000353213332110828,0.252254449048089,0.247128088497421
20280007,20284007,30,113,1957.54559845829,0.397374079367551,0.377156132603949,0.00198612323816928,0.000350376477418216,0.252254449048089,0.247128088497421
20280007,20284007,30,114,1956.13972192831,0.397088691945543,0.378097729952345,0.00197029452599134,0.00034758473207511,0.252254449048089,0.247128088497421
20280007,20284007,30,115,1954.75446670601,0.396807490568122,0.379032558532696,0.00195471825731392,0.000344837504002839,0.252254449048089,0.247128088497421
20280007,20284007,30,116,1953.38936771766,0.396530380827145,0.379960717261297,0.00193939117532523,0.000342134219120982,0.252254449048089,0.247128088497421
20280007,20284007,30,117,1952.04397051181,0.396257270470748,0.380882303172723,0.00192431010010346,0.00033947431689645,0.252254449048089,0.247128088497421
20280007,20284007,30,118,1950.71783095297,0.395988069341169,0.38179741150573,0.00190947190614101,0.000336857246380056,0.252254449048089,0.247128088497421
20280007,20284007,30,119,1949.4105149519,0.395722689319996,0.382706135780819,0.00189487350228636,0.000334282462669391,0.252254449048089,0.247128088497421
20280007,20284007,30,120,1948.12159822821,0.395461044279972,0.383608567870065,0.00188051181383715,0.000331749423750993,0.252254449048089,0.247128088497421
20280007,20284007,30,121,1946.85066610118,0.395203050042536,0.384504798059789,0.00186638376659106,0.000329257587687746,0.252254449048089,0.247128088497421
20280007,20284007,30,122,1945.59731330536,0.394948624340396,0.385394915106608,0.00185248627272789,0.000326806410129171,0.252254449048089,0.247128088497421
20280007,20284007,30,123,1944.36114382769,0.394697686784449,0.386279006287399,0.00183881621844785,0.000324395342131394,0.252254449048089,0.247128088497421
20280007,20284007,30,124,1943.14177076289,0.394450158834442,0.38715715744368,0.00182537045332945,0.00032202382828037,0.252254449048089,0.247128088497421
20280007,20284007,30,125,1941.93881618446,0.394205963772778,0.38802945302085,0.00181214578139392,0.000319691305116049,0.252254449048089,0.247128088497421
20280007,20284007,30,126,1940.75191102846,0.393965026680926,0.388895976102775,0.00179913895387355,0.00031739719985705,0.252254449048089,0.247128088497421
20280007,20284007,30,127,1939.58069498754,0.393727274417904,0.3897568084421,0.00178634666368006,0.000315140929425179,0.252254449048089,0.247128088497421
20280007,20284007,30,128,1938.42481641276,0.393492635600359,0.390612030486726,0.00177376554155844,0.000312921899767201,0.252254449048089,0.247128088497421
20280007,20284007,30,129,1937.28393222106,0.393261040583774,0.391461721402805,0.0017613921538954,0.000310739505468483,0.252254449048089,0.247128088497421
20280007,20284007,30,130,1936.15770780615,0.393032421444383,0.392305959094649,0.00174922300213024,0.00030859312964926,0.252254449048089,0.247128088497421
20280007,20284007,30,131,1935.04581695101,0.392806711961414,0.393144820221875,0.00173725452369319,0.000306482144130344,0.252254449048089,0.247128088497421
20280007,20284007,30,132,1933.94794174029,0.392583847599293,0.393978380214147,0.00172548309437452,0.00030440590985121,0.252254449048089,0.247128088497421
20280007,20284007,30,133,1932.86377247096,0.392363765489523,0.394806713283819,0.0017139050320062,0.000302363777519614,0.252254449048089,0.247128088497421
20280007,20284007,30,134,1931.79300756013,0.39214640441196,0.3956298924368,0.00170251660132171,0.000300355088469037,0.252254449048089,0.247128088497421
20280007,20284007,30,135,1930.73535344875,0.391931704775269,0.396447989481918,0.00169131401984486,0.000298379175697649,0.252254449048089,0.247128088497421
20280007,20284007,30,136,1929.69052450044,0.39171960859638,0.397261075039075,0.00168029346465061,0.000296435365061101,0.252254449048089,0.247128088497421
20280007,20284007,30,137,1928.65824289467,0.391510059478819,0.398069218546439,0.00166945107983522,0.000294522976590438,0.252254449048089,0.247128088497421
20280007,20284007,30,138,1927.638238514,0.391303002589805,0.398872488266932,0.0016587829845336,0.000292641325906563,0.252254449048089,0.247128088497421
20280007,20284007,30,139,1926.63024882491,0.391098384636064,0.399670951294221,0.00164828528132468,0.000290789725703139,0.252254449048089,0.247128088497421
20280007,20284007,30,140,1925.63401875225,0.390896153838337,0.400464673558436,0.00163795406487419,0.000288967487271382,0.252254449048089,0.247128088497421
20280007,20284007,30,141,1924.64930054722,0.390696259904593,0.40125371983179,0.00162778543067266,0.000287173922041645,0.252254449048089,0.247128088497421
20280007,20284007,30,142,1923.67585364929,0.390498654001985,0.402038153734278,0.0016177754837406,0.000285408343119237,0.252254449048089,0.247128088497421
20280007,20284007,30,143,1922.71344454206,0.390303288727603,0.402818037739602,0.00160792034718589,0.000283670066794157,0.252254449048089,0.247128088497421
20280007,20284007,30,144,1921.76184660375,0.390110118078111,0.403593433181447,0.00159821617051366,0.000281958414007165,0.252254449048089,0.247128088497421
20280007,20284007,30,145,1920.82083995253,0.389919097418361,0.404364400260224,0.00158865913760427,0.000280272711757328,0.252254449048089,0.247128088497421
20280007,20284007,30,146,1919.89021128744,0.389730183449095,0.405130998050374,0.00157924547429035,0.000278612294438814,0.252254449048089,0.247128088497421
20280007,20284007,30,147,1918.96975372533,0.389543334173845,0.405893284508301,0.00156997145547802,0.000276976505097299,0.252254449048089,0.247128088497421
20280007,20284007,30,148,1918.05926663447,0.389358508865157,0.406651316480999,0.00156083341177144,0.000275364696598732,0.252254449048089,0.247128088497421
20280007,20284007,30,149,1917.15855546546,0.389175668030264,0.407405149715415,0.00155182773557181,0.00027377623270542,0.252254449048089,0.247128088497421
20280007,20284007,30,150,1916.26743157997,0.388994773376327,0.408154838868567,0.00154295088663278,0.000272210489056198,0.252254449048089,0.247128088497421
20280007,20284007,30,151,1915.38571207805,0.388815787775373,0.408900437518453,0.00153419939706415,0.000270666854049274,0.252254449048089,0.247128088497421
20280007,20284007,30,152,1914.51321962445,0.388638675229042,0.409641998175728,0.00152556987578317,0.000269144729627626,0.252254449048089,0.247128088497421
20280007,20284007,30,153,1913.64978227466,0.388463400833271,0.410379572296168,0.00151705901241893,0.000267643531967931,0.252254449048089,0.247128088497421
20280007,20284007,30,154,1912.79523330104,0.388289930743003,0.411113210293886,0.00150866358068158,0.000266162692075054,0.252254449048089,0.247128088497421
20280007,20284007,30,155,1911.94941101973,0.38811823213705,0.411842961555285,0.00150038044121038,0.000264701656284629,0.252254449048089,0.247128088497421
20280007,20284007,30,156,1911.11215861871,0.387948273183186,0.412568874453721,0.00149220654391904,0.000263259886676923,0.252254449048089,0.247128088497421
20280007,20284007,30,157,1910.28332398744,0.38778002300357,0.413290996364825,0.00148413892985746,0.000261836861405407,0.252254449048089,0.247128088497421
20280007,20284007,30,158,1909.4627595486,0.387613451640583,0.414009373682463,0.00147617473261118,0.000260432074943763,0.252254449048089,0.247128088497421
20280007,20284007,30,159,1908.6503220922,0.387448530023159,0.41472405183527,0.00146831117926042,0.000259045038255191,0.252254449048089,0.247128088497421
20280007,20284007,30,160,1907.84587261245,0.387285229933666,0.415435075303726,0.0014605455909207,0.000257675278887908,0.252254449048089,0.247128088497421
20280007,20284007,30,161,1907.04927614772,0.387123523975425,0.416142487637715,0.00145287538288779,0.000256322341000831,0.252254449048089,0.247128088497421
20280007,20284007,30,162,1906.26040162389,0.386963385540901,0.416846331474515,0.00144529806440937,0.000254985785323414,0.252254449048089,0.247128088497421
20280007,20284007,30,163,1905.47912170127,0.38680478878064,0.417546648557174,0.0014378112381063,0.000253665189053662,0.252254449048089,0.247128088497421
20280007,20284007,30,164,1904.70531262546,0.386647708572982,0.418243479753212,0.00143041259906604,0.000252360145698306,0.252254449048089,0.247128088497421
20280007,20284007,30,165,1903.93885408218,0.3864921204946,0.418936865073595,0.00142309993363111,0.000251070264859173,0.252254449048089,0.247128088497421
20280007,20284007,30,166,1903.1796290564,0.386338000791903,0.419626843691941,0.0014158711179057,0.000249795171969843,0.252254449048089,0.247128088497421
20280007,20284007,30,167,1902.42752369583,0.38618532635332,0.420313453963881,0.00140872411600349,0.000248534507986623,0.252254449048089,0.247128088497421
20280007,20284007,30,168,1901.68242717892,0.386034074682513,0.420996733446554,0.00140165697806046,0.000247287929038087,0.252254449048089,0.247128088497421
20280007,20284007,30,169,1900.94423158749,0.385884223872514,0.421676718918156,0.00139466783803587,0.000246055106037228,0.252254449048089,0.247128088497421
20280007,20284007,30,170,1900.21283178403,0.385735752580822,0.42235344639752,0.00138775491132593,0.000244835724260555,0.252254449048089,0.247128088497421
20280007,20284007,30,171,1899.48812529375,0.385588640005456,0.423026951163661,0.0013809164922133,0.000243629482898248,0.252254449048089,0.247128088497421
20280007,20284007,30,172,1898.77001219141,0.385442865861983,0.423697267775252,0.00137415095117713,0.000242436094579686,0.252254449048089,0.247128088497421
20280007,20284007,30,173,1898.05839499288,0.385298410361509,0.424364430089976,0.00136745673208671,0.00024125528487845,0.252254449048089,0.247128088497421
20280007,20284007,30,174,1897.35317855155,0.385155254189642,0.425028471283733,0.00136083234930276,0.000240086791801027,0.252254449048089,0.247128088497421
20280007,20284007,30,175,1896.65426995935,0.385013378486412,0.425689423869633,0.00135427638470853,0.000238930365263133,0.252254449048089,0.247128088497421
20280007,20284007,30,176,1895.96157845258,0.38487276482714,0.426347319716771,0.00134778748469372,0.000237785766557702,0.252254449048089,0.247128088497421
20280007,20284007,30,177,1895.2750153222,0.384733395204242,0.427002190068726,0.0013413643571118,0.000236652767818187,0.252254449048089,0.247128088497421
20280007,20284007,30,178,1894.59449382877,0.384595252009952,0.427654065561761,0.00133500576823144,0.00023553115148082,0.252254449048089,0.247128088497421
20280007,20284007,30,179,1893.91992912169,0.384458318019929,0.428302976242695,0.00132871053970087,0.000234420709749152,0.252254449048089,0.247128088497421
20280007,20284007,30,180,1893.2512381628,0.384322576377752,0.428948951586426,0.0013224775455428,0.000233321244063977,0.252254449048089,0.247128088497421
20280007,20284007,30,181,1892.58833965409,0.384188010580245,0.429592020513066,0.00131630570919625,0.00023223256458153,0.252254449048089,0.247128088497421
20280007,20284007,30,182,1891.93115396949,0.384054604463627,0.430232211404688,0.00131019400061977,0.000231154489662524,0.252254449048089,0.247128088497421
20280007,20284007,30,183,1891.27960309047,0.383922342190445,0.430869552121652,0.00130414143346895,0.000230086845374285,0.252254449048089,0.247128088497421
20280007,20284007,30,184,1890.63361054542,0.383791208237258,0.431504070018496,0.00129814706235986,0.000229029465008038,0.252254449048089,0.247128088497421
20280007,20284007,30,185,1889.99310135252,0.383661187383054,0.432135791959389,0.00129220998022777,0.000227982188613013,0.252254449048089,0.247128088497421
20280007,20284007,30,186,1889.35800196605,0.383532264698339,0.432764744333127,0.00128632931578948,0.000226944862548819,0.252254449048089,0.247128088497421
20280007,20284007,30,187,1888.7282402259,0.383404425534894,0.433390953067663,0.00128050423111547,0.000225917339057196,0.252254449048089,0.247128088497421
20280007,20284007,30,188,1888.10374531013,0.383277655516143,0.434014443644175,0.00127473391931695,0.000224899475854034,0.252254449048089,0.247128088497421
20280007,20284007,30,189,1887.48444769044,0.383151940528113,0.434635241110663,0.0012690176023513,0.000223891135742274,0.252254449048089,0.247128088497421
20280007,20284007,30,190,1886.87027909031,0.383027266710937,0.43525337009507,0.00126335452894812,0.000222892186246093,0.252254449048089,0.247128088497421
20280007,20284007,30,191,1886.26117244571,0.382903620450884,0.435868854817938,0.00125774397265641,0.000221902499266447,0.252254449048089,0.247128088497421
20280007,20284007,30,192,1885.65706186828,0.382780988372872,0.436481719104592,0.00125218523001341,0.00022092195075808,0.252254449048089,0.247128088497421
20280007,20284007,30,193,1885.05788261061,0.38265935733343,0.437091986396866,0.00124667761883309,0.000219950420427645,0.252254449048089,0.247128088497421
20280007,20284007,30,194,1884.46357103367,0.382538714414088,0.437699679764367,0.00124122047661258,0.000218987791452618,0.252254449048089,0.247128088497421
20280007,20284007,30,195,1883.87406457623,0.382419046915159,0.438304821915293,0.00123581315905379,0.000218033950220547,0.252254449048089,0.247128088497421
20280007,20284007,30,196,1883.28930172599,0.382300342349888,0.438907435206812,0.00123045503869618,0.000217088786087897,0.252254449048089,0.247128088497421
20280007,20284007,30,197,1882.70922199241,0.382182588438935,0.439507541655008,0.00122514550365705,0.000216152191157859,0.252254449048089,0.247128088497421
20280007,20284007,30,198,1882.13376588112,0.382065773105171,0.440105162944404,0.00121988395647449,0.000215224060076285,0.252254449048089,0.247128088497421
20280007,20284007,30,199,1881.56287486965,0.381949884468768,0.440700320437088,0.00121466981304806,0.000214304289844852,0.252254449048089,0.247128088497421
20280007,20284007,30,200,1880.99649138457,0.381834910842545,0.441293035181432,0.00120950250167227,0.000213392779650585,0.252254449048089,0.247128088497421
20280007,20284007,30,201,1880.43455877979,0.381720840727566,0.441883327920436,0.00120438146215711,0.000212489430710759,0.252254449048089,0.247128088497421
20280007,20284007,30,202,1879.87702131592,0.381607662808957,0.442471219099698,0.00119930614503048,0.000211594146132232,0.252254449048089,0.247128088497421
20280007,20284007,30,203,1879.32382414075,0.381495365951929,0.443056728875034,0.0011942760108165,0.000210706830784168,0.252254449048089,0.247128088497421
20280007,20284007,30,204,1878.77491327051,0.381383939197994,0.443639877119752,0.00118929052938483,0.000209827391183285,0.252254449048089,0.247128088497421
20280007,20284007,30,205,1878.23023557213,0.381273371761345,0.444220683431599,0.00118434917936472,0.000208955735390519,0.252254449048089,0.247128088497421
20280007,20284007,30,206,1877.68973874617,0.3811636530254,0.444799167139404,0.00117945144761928,0.000208091772918315,0.252254449048089,0.247128088497421
20280007,20284007,30,207,1877.1533713105,0.381054772539491,0.445375347309403,0.00117459682877374,0.000207235414647443,0.252254449048089,0.247128088497421
20280007,20284007,30,208,1876.62108258466,0.380946720015679,0.445949242751303,0.00116978482479378,0.000206386572752634,0.252254449048089,0.247128088497421
20280007,20284007,30,209,1876.09282267474,0.3808394853257,0.446520872024054,0.00116501494460805,0.000205545160636025,0.252254449048089,0.247128088497421
20280007,20284007,30,210,1875.5685424589,0.380733058498012,0.447090253441378,0.00116028670377099,0.000204711092867701,0.252254449048089,0.247128088497421
20280007,20284007,30,211,1875.04819357335,0.380627429714953,0.447657405077045,0.00115559962416118,0.000203884285132514,0.252254449048089,0.247128088497421
20280007,20284007,30,212,1874.53172839877,0.380522589309992,0.448222344769921,0.00115095323371134,0.000203064654182475,0.252254449048089,0.247128088497421
20280007,20284007,30,213,1874.01910004723,0.380418527765059,0.4487850901288,0.00114634706616621,0.00020225211779407,0.252254449048089,0.247128088497421
20280007,20284007,30,214,1873.51026234943,0.38031523570797,0.449345658537021,0.0011417806608643,0.000201446594729785,0.252254449048089,0.247128088497421
20280007,20284007,30,215,1873.00516984239,0.380212703909916,0.449904067156902,0.00113725356254111,0.000200648004703409,0.252254449048089,0.247128088497421
20280007,20284007,30,216,1872.5037777574,0.380110923283027,0.450460332933979,0.00113276532115,0.000199856268348465,0.252254449048089,0.247128088497421
20280007,20284007,30,217,1872.00604200838,0.380009884878002,0.45101447260108,0.00112831549169857,0.000199071307189363,0.252254449048089,0.247128088497421
20280007,20284007,30,218,1871.51191918052,0.3799095798818,0.451566502682232,0.00112390363409798,0.000198293043614845,0.252254449048089,0.247128088497421
20280007,20284007,30,219,1871.02136651913,0.379809999615391,0.452116439496415,0.00111952931302303,0.000197521400853315,0.252254449048089,0.247128088497421
20280007,20284007,30,220,1870.53434191889,0.37971113553156,0.452664299161178,0.00111519209778145,0.000196756302949805,0.252254449048089,0.247128088497421
20280007,20284007,30,221,1870.05080391329,0.379612979212768,0.453210097596114,0.00111089156219025,0.000195997674744184,0.252254449048089,0.247128088497421
20280007,20284007,30,222,1869.57071166434,0.379515522369061,0.45375385052621,0.00110662728445846,0.000195245441850479,0.252254449048089,0.247128088497421
20280007,20284007,30,223,1869.09402495249,0.379418756836029,0.454295573485082,0.00110239884707451,0.000194499530637041,0.252254449048089,0.247128088497421
20280007,20284007,30,224,1868.62070416681,0.37932267457281,0.454835281818093,0.00109820583669775,0.000193759868207408,0.252254449048089,0.247128088497421
20280007,20284007,30,225,1868.15071029544,0.379227267660147,0.455372990685374,0.00109404784405332,0.000193026382381791,0.252254449048089,0.247128088497421
20280007,20284007,30,226,1867.68400491612,0.379132528298475,0.455908715064739,0.00108992446382961,0.000192299001678986,0.252254449048089,0.247128088497421
20280007,20284007,30,227,1867.22055018711,0.379038448806067,0.456442469754515,0.00108583529457825,0.000191577655298758,0.252254449048089,0.247128088497421
20280007,20284007,30,228,1866.76030883815,0.378945021617207,0.456974269376282,0.00108177993861622,0.000190862273104581,0.252254449048089,0.247128088497421
20280007,20284007,30,229,1866.30324416173,0.378852239280413,0.457504128377536,0.00107775800193007,0.000190152785606751,0.252254449048089,0.247128088497421
20280007,20284007,30,230,1865.84932000448,0.378760094456695,0.458032061034269,0.0010737690940822,0.000189449123945875,0.252254449048089,0.247128088497421
20280007,20284007,30,231,1865.39850075882,0.378668579917854,0.458558081453489,0.00106981282811933,0.000188751219876731,0.252254449048089,0.247128088497421
20280007,20284007,30,232,1864.95075135473,0.37857768854481,0.459082203575661,0.00106588882048348,0.000188059005752581,0.252254449048089,0.247128088497421
20280007,20284007,30,233,1864.5060372517,0.378487413325979,0.459604441177091,0.00106199669092539,0.000187372414509901,0.252254449048089,0.247128088497421
20280007,20284007,30,234,1864.06432443091,0.378397747355672,0.460124807872253,0.00105813606242108,0.000186691379653684,0.252254449048089,0.247128088497421
20280007,20284007,30,235,1863.6255793875,0.378308683832534,0.460643317116052,0.00105430656109159,0.000186015835243281,0.252254449048089,0.247128088497421
20280007,20284007,30,236,1863.18976912306,0.378220216058017,0.461159982206044,0.00105050781612628,0.000185345715878891,0.252254449048089,0.247128088497421
20280007,20284007,30,237,1862.75686113823,0.378132337434879,0.461674816284594,0.00104673945971029,0.000184680956688771,0.252254449048089,0.247128088497421
20280007,20284007,30,238,1862.32682342549,0.378045041465719,0.462187832341,0.001043001126956,0.000184021493317153,0.252254449048089,0.247128088497421
20280007,20284007,30,239,1861.89962446206,0.377958321751534,0.462699043213561,0.00103929245583949,0.00018336726191305,0.252254449048089,0.247128088497421
20280007,20284007,30,240,1861.47523320293,0.377872171990313,0.463208461591607,0.00103561308714172,0.000182718199119882,0.252254449048089,0.247128088497421
20280007,20284007,30,241,1861.05361907408,0.377786585975647,0.46371610001749,0.00103196266439503,0.000182074242066058,0.252254449048089,0.247128088497421
20280007,20284007,30,242,1860.63475196576,0.377701557595374,0.464221970888537,0.00102834083383526,0.000181435328356533,0.252254449048089,0.247128088497421
20280007,20284007,30,243,1860.2186022259,0.377617080830241,0.46472608645896,0.0010247472443594,0.000180801396065338,0.252254449048089,0.247128088497421
20280007,20284007,30,244,1859.80514065366,0.377533149752594,0.465228458841737,0.00102118154748919,0.00018017238372919,0.252254449048089,0.247128088497421
20280007,20284007,30,245,1859.39433849308,0.377449758525084,0.465729100010465,0.00101764339734081,0.000179548230342131,0.252254449048089,0.247128088497421
20280007,20284007,30,246,1858.98616742679,0.377366901399396,0.466228021801165,0.00101413245060055,0.000178928875351257,0.252254449048089,0.247128088497421
20280007,20284007,30,247,1858.58059956986,0.377284572715,0.466725235914077,0.00101064836650664,0.000178314258653523,0.252254449048089,0.247128088497421
20280007,20284007,30,248,1858.17760746375,0.377202766897917,0.467220753915409,0.00100719080683716,0.000177704320593609,0.252254449048089,0.247128088497421
20280007,20284007,30,249,1857.77716407026,0.3771214784595,0.467714587239071,0.00100375943590391,0.000177099001962862,0.252254449048089,0.247128088497421
20280007,20284007,30,250,1857.37924276562,0.377040701995231,0.468206747188377,0.00100035392055245,0.000176498243999292,0.252254449048089,0.247128088497421
20280007,20284007,30,251,1856.98381733471,0.376960432183538,0.468697244937719,0.000996973930167569,0.000175901988388567,0.252254449048089,0.247128088497421
20280007,20284007,30,252,1856.59086196517,0.376880663784617,0.469186091534225,0.000993619136684618,0.000175310177266004,0.252254449048089,0.247128088497421
20280007,20284007,30,253,1856.20035124177,0.376801391639276,0.469673297899387,0.000990289214606081,0.000174722753219508,0.252254449048089,0.247128088497421
20280007,20284007,30,254,1855.81226014071,0.376722610667779,0.470158874830671,0.000986983841023355,0.000174139659293422,0.252254449048089,0.247128088497421
20280007,20284007,30,255,1855.42656402398,0.37664431586871,0.470642833003101,0.000983702695643159,0.000173560838993192,0.252254449048089,0.247128088497421
20280007,20284007,30,256,1855.04323863387,0.376566502317846,0.471125182970829,0.000980445460818741,0.000172986236290883,0.252254449048089,0.247128088497421
20280007,20284007,30,257,1854.66226008736,0.376489165167029,0.471605935168683,0.000977211821585079,0.000172415795631394,0.252254449048089,0.247128088497421
20280007,20284007,30,258,1854.28360487072,0.376412299643065,0.472085099913693,0.000974001465697985,0.000171849461939367,0.252254449048089,0.247128088497421
20280007,20284007,30,259,1853.90724983403,0.376335901046609,0.472562687406601,0.000970814083676728,0.000171287180626711,0.252254449048089,0.247128088497421
20280007,20284007,30,260,1853.53317218577,0.376259964751074,0.473038707733358,0.00096764936884977,0.000170728897600682,0.252254449048089,0.247128088497421
20280007,20284007,30,261,1853.16134948748,0.376184486201539,0.473513170866596,0.000964507017403194,0.000170174559272431,0.252254449048089,0.247128088497421
20280007,20284007,30,262,1852.79175964839,0.376109460913664,0.473986086667094,0.000961386728431529,0.000169624112565975,0.252254449048089,0.247128088497421
20280007,20284007,30,263,1852.4243809201,0.376034884472611,0.474457464885215,0.000958288203990689,0.000169077504927551,0.252254449048089,0.247128088497421
20280007,20284007,30,264,1852.05919189133,0.375960752531971,0.474927315162344,0.000955211149152311,0.000168534684335203,0.252254449048089,0.247128088497421
20280007,20284007,30,265,1851.69617148261,0.375887060812698,0.475395647032299,0.000952155272059566,0.000167995599308636,0.252254449048089,0.247128088497421
20280007,20284007,30,266,1851.33529894109,0.375813805102041,0.475862469922733,0.000949120283983738,0.000167460198919206,0.252254449048089,0.247128088497421
20280007,20284007,30,267,1850.97655383528,0.375740981252492,0.476327793156524,0.000946105899381342,0.000166928432800002,0.252254449048089,0.247128088497421
20280007,20284007,30,268,1850.6199160499,0.375668585180726,0.476791625953146,0.000943111835951552,0.000166400251155984,0.252254449048089,0.247128088497421
20280007,20284007,30,269,1850.2653657807,0.375596612866557,0.477253977430036,0.000940137814693498,0.000165875604774096,0.252254449048089,0.247128088497421
20280007,20284007,30,270,1849.9128835293,0.375525060351889,0.47771485660394,0.000937183559962967,0.000165354445033277,0.252254449048089,0.247128088497421
20280007,20284007,30,271,1849.56245009806,0.375453923739682,0.478174272392252,0.000934248799528782,0.000164836723914416,0.252254449048089,0.247128088497421
20280007,20284007,30,272,1849.21404658504,0.37538319919291,0.47863223361434,0.000931333264627697,0.000164322394010036,0.252254449048089,0.247128088497421
20280007,20284007,30,273,1848.86765437884,0.375312882933536,0.479088748992859,0.000928436690018537,0.000163811408533856,0.252254449048089,0.247128088497421
20280007,20284007,30,274,1848.52325515362,0.375242971241485,0.479543827155059,0.000925558814034437,0.000163303721330009,0.252254449048089,0.247128088497421
20280007,20284007,30,275,1848.18083086404,0.375173460453621,0.479997476634071,0.000922699378633728,0.000162799286882031,0.252254449048089,0.247128088497421
20280007,20284007,30,276,1847.84036374024,0.375104346962736,0.480449705870191,0.00091985812944866,0.000162298060321452,0.252254449048089,0.247128088497421
20280007,20284007,30,277,1847.50183628291,0.375035627216539,0.480900523212153,0.000917034815832148,0.000161799997436059,0.252254449048089,0.247128088497421
20280007,20284007,30,278,1847.16523125833,0.374967297716649,0.481349936918387,0.000914229190902196,0.000161305054677731,0.252254449048089,0.247128088497421
20280007,20284007,30,279,1846.83053169342,0.374899355017602,0.481797955158269,0.000911441011583939,0.000160813189169861,0.252254449048089,0.247128088497421
20280007,20284007,30,280,1846.49772087092,0.374831795725853,0.482244586013365,0.000908670038649093,0.000160324358714326,0.252254449048089,0.247128088497421
20280007,20284007,30,281,1846.16678232445,0.374764616498798,0.482689837478653,0.000905916036752697,0.000159838521797968,0.252254449048089,0.247128088497421
20280007,20284007,30,282,1845.83769983378,0.37469781404379,0.483133717463754,0.000903178774467195,0.000159355637598616,0.252254449048089,0.247128088497421
20280007,20284007,30,283,1845.51045741997,0.374631385117169,0.48357623379413,0.000900458024313332,0.000158875665990535,0.252254449048089,0.247128088497421
20280007,20284007,30,284,1845.18503934066,0.374565326523296,0.484017394212297,0.000897753562788452,0.000158398567549429,0.252254449048089,0.247128088497421
20280007,20284007,30,285,1844.86143008535,0.374499635113603,0.484457206379005,0.000895065170391457,0.000157924303556844,0.252254449048089,0.247128088497421
20280007,20284007,30,286,1844.53961437073,0.374434307785634,0.484895677874427,0.000892392631644833,0.000157452836004061,0.252254449048089,0.247128088497421
20280007,20284007,30,287,1844.21957713603,0.374369341482115,0.485332816199325,0.000889735735113454,0.000156984127595414,0.252254449048089,0.247128088497421
20280007,20284007,30,288,1843.90130353845,0.374304733190015,0.485768628776216,0.000887094273420264,0.000156518141751063,0.252254449048089,0.247128088497421
20280007,20284007,30,289,1843.58477894862,0.374240479939628,0.48620312295052,0.000884468043258733,0.000156054842609195,0.252254449048089,0.247128088497421
20280007,20284007,30,290,1843.26998894607,0.374176578803658,0.486636305991709,0.000881856845402016,0.00015559419502764,0.252254449048089,0.247128088497421
20280007,20284007,30,291,1842.95691931482,0.374113026896311,0.487068185094434,0.000879260484708989,0.000155136164584945,0.252254449048089,0.247128088497421
20280007,20284007,30,292,1842.64555603891,0.37404982137241,0.487498767379649,0.00087667877012701,0.00015468071758086,0.252254449048089,0.247128088497421
20280007,20284007,30,293,1842.33588529813,0.3739869594265,0.487928059895732,0.000874111514691398,0.00015422782103625,0.252254449048089,0.247128088497421
20280007,20284007,30,294,1842.02789346363,0.373924438291983,0.488356069619579,0.00087155853552174,0.000153777442692449,0.252254449048089,0.247128088497421
20280007,20284007,30,295,1841.72156709376,0.373862255240251,0.488782803457707,0.000869019653814966,0.000153329551010037,0.252254449048089,0.247128088497421
20280007,20284007,30,296,1841.41689292977,0.373800407579835,0.489208268247334,0.000866494694835242,0.000152884115167065,0.252254449048089,0.247128088497421
20280007,20284007,30,297,1841.11385789175,0.373738892655564,0.489632470757458,0.000863983487900691,0.000152441105056711,0.252254449048089,0.247128088497421
20280007,20284007,30,298,1840.81244907452,0.373677707847734,0.490055417689917,0.000861485866367029,0.000152000491284396,0.252254449048089,0.247128088497421
20280007,20284007,30,299,1840.5126537436,0.373616850571296,0.490477115680451,0.000859001667607946,0.000151562245164329,0.252254449048089,0.247128088497421
20280007,20284007,30,300,1840.21445933122,0.373556318275044,0.490897571299744,0.000856530732992695,0.000151126338715553,0.252254449048089,0.247128088497421
20280007,20284007,30,301,1839.91785343244,0.373496108440825,0.491316791054458,0.000854072907860336,0.000150692744657401,0.252254449048089,0.247128088497421
20280007,20284007,30,302,1839.62282380133,0.373436218582758,0.491734781388262,0.000851628041491353,0.000150261436404496,0.252254449048089,0.247128088497421
20280007,20284007,30,303,1839.32935834711,0.373376646246467,0.492151548682848,0.000849195987075949,0.000149832388061158,0.252254449048089,0.247128088497421
20280007,20284007,30,304,1839.03744513049,0.37331738900832,0.492567099258933,0.000846776601679844,0.000149405574415371,0.252254449048089,0.247128088497421
20280007,20284007,30,305,1838.74707235999,0.373258444474697,0.492981439377257,0.000844369746206952,0.000148980970932201,0.252254449048089,0.247128088497421
20280007,20284007,30,306,1838.45822838838,0.37319981028125,0.493394575239565,0.00084197528535946,0.000148558553746754,0.252254449048089,0.247128088497421
20280007,20284007,30,307,1838.17090170909,0.373141484092194,0.493806512989584,0.000839593087595144,0.000148138299656652,0.252254449048089,0.247128088497421
20280007,20284007,30,308,1837.88508095282,0.373083463599605,0.494217258713986,0.00083722302508204,0.000147720186114033,0.252254449048089,0.247128088497421
20280007,20284007,30,309,1837.6007548841,0.373025746522729,0.494626818443341,0.000834864973650518,0.000147304191217098,0.252254449048089,0.247128088497421
20280007,20284007,30,310,1837.31791239802,0.372968330607309,0.49503519815306,0.00083251881274283,0.000146890293701213,0.252254449048089,0.247128088497421
20280007,20284007,30,311,1837.03654251692,0.372911213624923,0.495442403764324,0.000830184425360362,0.000146478472929608,0.252254449048089,0.247128088497421
20280007,20284007,30,312,1836.75663438723,0.372854393372343,0.495848441145009,0.000827861698008214,0.000146068708883594,0.252254449048089,0.247128088497421
20280007,20284007,30,313,1836.47817727638,0.372797867670896,0.496253316110594,0.00082555052063787,0.000145660982152456,0.252254449048089,0.247128088497421
20280007,20284007,30,314,1836.20116056972,0.372741634365851,0.496657034425059,0.00082325078658723,0.000145255273922873,0.252254449048089,0.247128088497421
20280007,20284007,30,315,1835.92557376758,0.372685691325816,0.497059601801772,0.000820962392519021,0.000144851565968052,0.252254449048089,0.247128088497421
20280007,20284007,30,316,1835.65140648235,0.372630036442145,0.497461023904366,0.000818685238356607,0.000144449840636407,0.252254449048089,0.247128088497421
20280007,20284007,30,317,1835.37864843564,0.372574667628368,0.497861306347605,0.000816419227218314,0.000144050080839974,0.252254449048089,0.247128088497421
20280007,20284007,30,318,1835.10728945556,0.37251958281963,0.498260454698234,0.000814164265349704,0.000143652270042461,0.252254449048089,0.247128088497421
20280007,20284007,30,319,1834.83731947401,0.372464779972146,0.498658474475823,0.000811920262053922,0.000143256392246962,0.252254449048089,0.247128088497421
20280007,20284007,30,320,1834.56872852408,0.372410257062672,0.499055371153595,0.000809687129620773,0.000142862431983447,0.252254449048089,0.247128088497421
20280008,20284008,25,10,4282.51486885991,1,0.257052783138258,NaN,NaN,0.252205857952822,0.247123347902761
20280008,20284008,25,11,3640.28049615854,0.850033358349471,0.240655093931701,0.0532048685510389,0.00942670620457887,0.252205857952822,0.247123347902761
20280008,20284008,25,12,3351.48995673368,0.782598557007676,0.233973568888897,0.0358397311779393,0.00633543175199813,0.252205857952822,0.247123347902761
20280008,20284008,25,13,3167.65930647506,0.739672693143119,0.231665993921027,0.0286185168689409,0.00505353551769304,0.252205857952822,0.247123347902761
20280008,20284008,25,14,3035.33519306056,0.708773999859719,0.231841679308636,0.0240887518205612,0.00425100913346702,0.252205857952822,0.247123347902761
20280008,20284008,25,15,2934.01346298204,0.68511460037572,0.233512543761046,0.0207710702917555,0.00366411742679304,0.252205857952822,0.247123347902761
20280008,20284008,25,16,2853.47774389411,0.666308893552952,0.236092856619781,0.0181973029012234,0.00320931913481199,0.252205857952822,0.247123347902761
20280008,20284008,25,17,2787.74696183453,0.650960252842434,0.239218021107325,0.0161550225624154,0.00284871067449512,0.252205857952822,0.247123347902761
20280008,20284008,25,18,2732.97368049537,0.638170272418212,0.242656356616254,0.014514022163789,0.00255910784501676,0.252205857952822,0.247123347902761
20280008,20284008,25,19,2686.54676904388,0.627329233245391,0.246259184400771,0.0131790214233766,0.00232359396855073,0.252205857952822,0.247123347902761
20280008,20284008,25,20,2646.63519778924,0.618009575876576,0.249930633786304,0.0120755212377719,0.00212897210578838,0.252205857952822,0.247123347902761
20280008,20284008,25,21,2611.91487499028,0.609902114755674,0.253608735037527,0.0111491375508339,0.00196562018609953,0.252205857952822,0.247123347902761
20280008,20284008,25,22,2581.39803922951,0.602776200031438,0.257253557939343,0.0103618658931212,0.0018268187070104,0.252205857952822,0.247123347902761
20280008,20284008,25,23,2554.32944099222,0.596455475161544,0.260839744663067,0.00968616620462621,0.00170770107742953,0.252205857952822,0.247123347902761
20280008,20284008,25,24,2530.12231474883,0.590802925903769,0.264351696444328,0.00910080695961813,0.00160451748603622,0.252205857952822,0.247123347902761
20280008,20284008,25,25,2508.31582389179,0.585710943383031,0.267780377735802,0.00858895748602142,0.00151429672943238,0.252205857952822,0.247123347902761
20280008,20284008,25,26,2488.54431498569,0.58109414472347,0.271121155419094,0.00813739317615081,0.00143470502735152,0.252205857952822,0.247123347902761
20280008,20284008,25,27,2470.51426386838,0.576883989786609,0.274372331847305,0.00773587643939211,0.00136393623430069,0.252205857952822,0.247123347902761
20280008,20284008,25,28,2453.9870872643,0.573024767551502,0.277534150792329,0.00737648029875992,0.00130059218169446,0.252205857952822,0.247123347902761
20280008,20284008,25,29,2438.76652644352,0.569470650102557,0.280608124393289,0.00705297272823826,0.00124357388150737,0.252205857952822,0.247123347902761
20280008,20284008,25,30,2424.68944266674,0.566183543295493,0.283596576467021,0.00676034293574368,0.00119199785255428,0.252205857952822,0.247123347902761
20280008,20284008,25,31,2411.61905227852,0.563131507099832,0.286502330813751,0.00649446582230148,0.00114513686948066,0.252205857952822,0.247123347902761
20280008,20284008,25,32,2399.43985656222,0.560287571681216,0.289328496422964,0.00625187873927974,0.00110238054963698,0.252205857952822,0.247123347902761
20280008,20284008,25,33,2388.05373682655,0.557628825574234,0.292078318052231,0.00602964144900956,0.00106321063348888,0.252205857952822,0.247123347902761
20280008,20284008,25,34,2377.37686648108,0.555135694628419,0.294755072136527,0.00582524820021145,0.00102718546751371,0.252205857952822,0.247123347902761
20280008,20284008,25,35,2367.33722487194,0.552791361469849,0.29736199527501,0.00563656571265113,0.000993929063018495,0.252205857952822,0.247123347902761
20280008,20284008,25,36,2357.87258024563,0.550581294507763,0.299902236724938,0.00546178121194368,0.00096312193105266,0.252205857952822,0.247123347902761
20280008,20284008,25,37,2348.92885322493,0.54849286579366,0.302378828621246,0.00529935400558065,0.00093449254373154,0.252205857952822,0.247123347902761
20280008,20284008,25,38,2340.45879401692,0.546515042139246,0.304794668989816,0.00514796930782713,0.000907809192958322,0.252205857952822,0.247123347902761
20280008,20284008,25,39,2332.42091818118,0.544638136610164,0.307152513589383,0.00500649514355371,0.000882872392293443,0.252205857952822,0.247123347902761
20280008,20284008,25,40,2324.77865284664,0.542853609161091,0.309454973455201,0.00487394409444613,0.000859508132654255,0.252205857952822,0.247123347902761
20280008,20284008,25,41,2317.49965006051,0.541153906297464,0.311704515816029,0.00474944202771413,0.000837562369176954,0.252205857952822,0.247123347902761
20280008,20284008,25,42,2310.55522810265,0.539532330618098,0.313903466820027,0.00463220546430361,0.000816897031490507,0.252205857952822,0.247123347902761
20280008,20284008,25,43,2303.91990664764,0.537982932271988,0.31605401519078,0.00452152781852282,0.000797387598363269,0.252205857952822,0.247123347902761
20280008,20284008,25,44,2297.57100842089,0.53650041594194,0.31815821647601,0.00441677294291349,0.000778921960564887,0.252205857952822,0.247123347902761
20280008,20284008,25,45,2291.48830807376,0.535080058854248,0.320217997894635,0.00431737308675362,0.000761400062004367,0.252205857952822,0.247123347902761
20280008,20284008,25,46,2285.65371703827,0.533717637189841,0.322235163920381,0.00422282809486635,0.000744733759500274,0.252205857952822,0.247123347902761
20280008,20284008,25,47,2280.05099956313,0.532409359776518,0.324211402701545,0.00413270343710334,0.000728846476215877,0.252205857952822,0.247123347902761
20280008,20284008,25,48,2274.66551902892,0.531151808851624,0.326148293283137,0.00404662597459476,0.000713672455837026,0.252205857952822,0.247123347902761
20280008,20284008,25,49,2269.48401498954,0.529941887999498,0.328047313451516,0.00396427759564003,0.000699155640935549,0.252205857952822,0.247123347902761
20280008,20284008,25,50,2264.49441094102,0.528776777264027,0.329909847921294,0.00388538757063414,0.000685248325333922,0.252205857952822,0.247123347902761
20280008,20284008,25,51,2259.68565157882,0.527653895146986,0.331737196551734,0.00380972462479955,0.000671909756632387,0.252205857952822,0.247123347902761
20280008,20284008,25,52,2255.04756706907,0.526570866914328,0.333530582306837,0.00373708950814197,0.000659104826370928,0.252205857952822,0.247123347902761
20280008,20284008,25,53,2250.57076104237,0.52552549844188,0.335291158736494,0.00366730850435142,0.000646802925736708,0.252205857952822,0.247123347902761
20280008,20284008,25,54,2246.246518703,0.524515754758138,0.337020016831581,0.00360022803093723,0.000634976993678104,0.252205857952822,0.247123347902761
20280008,20284008,25,55,2242.06673152902,0.523539742461164,0.338718191176639,0.00353571029957621,0.000623602751955453,0.252205857952822,0.247123347902761
20280008,20284008,25,56,2238.02383536705,0.52259569526325,0.340386665381336,0.00347362991685724,0.000612658105997791,0.252205857952822,0.247123347902761
20280008,20284008,25,57,2234.11075916824,0.521681962020369,0.342026376813715,0.00341387127677396,0.000602122685350792,0.252205857952822,0.247123347902761
20280008,20284008,25,58,2230.32088208014,0.520796996712797,0.343638220685629,0.00335632659723933,0.000591977497664685,0.252205857952822,0.247123347902761
20280008,20284008,25,59,2226.64799705305,0.519939349946922,0.345223053556272,0.00330089446560971,0.000582204672414113,0.252205857952822,0.247123347902761
20280008,20284008,25,60,2223.08627951447,0.519107661640484,0.346781696326187,0.00324747877480737,0.000572787273470258,0.252205857952822,0.247123347902761
20280008,20284008,25,61,2219.63026000085,0.51830065463188,0.348314936794152,0.00319598794962144,0.000563709162818796,0.252205857952822,0.247123347902761
20280008,20284008,25,62,2216.27479991065,0.517517129018321,0.349823531845068,0.0031463343815132,0.000554954901023235,0.252205857952822,0.247123347902761
20280008,20284008,25,63,2213.01506975869,0.516755957078051,0.351308209330106,0.00309843400917059,0.000546509673369677,0.252205857952822,0.247123347902761
20280008,20284008,25,64,2209.84652947418,0.516016078669793,0.352769669692338,0.00305220600015626,0.000538359233820796,0.252205857952822,0.247123347902761
20280008,20284008,25,65,2206.76491040166,0.515296497029826,0.354208587382879,0.00300757250501691,0.000530489861732575,0.252205857952822,0.247123347902761
20280008,20284008,25,66,2203.76619874334,0.514596274905644,0.355625612104931,0.00296445846802754,0.000522888328545444,0.252205857952822,0.247123347902761
20280008,20284008,25,67,2200.84662023335,0.513914530977276,0.357021369916482,0.00292279148760395,0.000515541873223814,0.252205857952822,0.247123347902761
20280008,20284008,25,68,2198.0026258677,0.513250436525129,0.358396464216972,0.00288250172418594,0.000508438186058732,0.252205857952822,0.247123347902761
20280008,20284008,25,69,2195.23087853679,0.512603212308566,0.359751476638958,0.0028435218545106,0.000501565400645097,0.252205857952822,0.247123347902761
20280008,20284008,25,70,2192.52824042595,0.51197212562385,0.361086967862534,0.00280578706955607,0.000494912093555453,0.252205857952822,0.247123347902761
20280008,20284008,25,71,2189.89176106843,0.511356487514408,0.362403478367768,0.00276923511021687,0.000488467290664309,0.252205857952822,0.247123347902761
20280008,20284008,25,72,2187.31866595579,0.510755650111285,0.363701529138424,0.00273380633117701,0.000482220478442501,0.252205857952822,0.247123347902761
20280008,20284008,25,73,2184.80634563386,0.510169004086959,0.364981622328485,0.00269944378053316,0.000476161618026966,0.252205857952822,0.247123347902761
20280008,20284008,25,74,2182.35234523611,0.509595976211308,0.366244241901359,0.00266609328121367,0.000470281159605322,0.252205857952822,0.247123347902761
20280008,20284008,25,75,2179.95435442945,0.50903602700387,0.367489854249942,0.00263370350047602,0.000464570054696135,0.252205857952822,0.247123347902761
20280008,20284008,25,76,2177.61019776733,0.508488648481226,0.368718908803954,0.00260222599567849,0.000459019764243159,0.252205857952822,0.247123347902761
20280008,20284008,25,77,2175.31782546045,0.507953362001883,0.369931838629203,0.00257161522773047,0.000453622261007566,0.252205857952822,0.247123347902761
20280008,20284008,25,78,2173.07530458494,0.507429716213326,0.371129061021655,0.00254182853754816,0.000448370025433994,0.252205857952822,0.247123347902761
20280008,20284008,25,79,2170.8808107517,0.506917285106736,0.372310978097609,0.00251282608485495,0.000443256034873923,0.252205857952822,0.247123347902761
20280008,20284008,25,80,2168.73262025905,0.506415666184577,0.37347797737986,0.00248457075220905,0.000438273746674838,0.252205857952822,0.247123347902761
20280008,20284008,25,81,2166.62910274522,0.505924478744895,0.374630432378679,0.00245702801982954,0.000433417076117885,0.252205857952822,0.247123347902761
20280008,20284008,25,82,2164.5687143488,0.505443362284238,0.375768703165624,0.00243016581843444,0.000428680370476409,0.252205857952822,0.247123347902761
20280008,20284008,25,83,2162.54999137593,0.504971975018884,0.376893136937784,0.00240395436790119,0.000424058380573026,0.252205857952822,0.247123347902761
20280008,20284008,25,84,2160.57154446324,0.504509992521854,0.378004068569907,0.00237836600926309,0.000419546231160564,0.252205857952822,0.247123347902761
20280008,20284008,25,85,2158.63205321757,0.504057106471234,0.379101821151966,0.00235337503660282,0.000415139391284142,0.252205857952822,0.247123347902761
20280008,20284008,25,86,2156.73026130657,0.503613023503812,0.380186706510006,0.00232895753406204,0.000410833645544973,0.252205857952822,0.247123347902761
20280008,20284008,25,87,2154.86497197026,0.503177464166966,0.381259025708525,0.00230509122170497,0.00040662506692522,0.252205857952822,0.247123347902761
20280008,20284008,25,88,2153.03504392045,0.502750161961172,0.382319069533119,0.00228175531254749,0.000402509991581588,0.252205857952822,0.247123347902761
20280008,20284008,25,89,2151.23938759494,0.502330862465315,0.383367118952588,0.00225893038182591,0.000398484995797144,0.252205857952822,0.247123347902761
20280008,20284008,25,90,2149.47696173362,0.501919322537191,0.384403445560137,0.00223659824860017,0.000394546875108037,0.252205857952822,0.247123347902761
20280008,20284008,25,91,2147.74677024587,0.501515309582018,0.385428311993725,0.00221474186908181,0.000390692625497602,0.252205857952822,0.247123347902761
20280008,20284008,25,92,2146.04785934087,0.501118600882335,0.386441972335878,0.00219334524063039,0.0003869194264715,0.252205857952822,0.247123347902761
20280008,20284008,25,93,2144.37931489544,0.500728982983384,0.387444672493566,0.00217239331513134,0.000383224625786917,0.252205857952822,0.247123347902761
20280008,20284008,25,94,2142.74026003704,0.500346251128715,0.388436650558886,0.00215187192040746,0.000379605725598074,0.252205857952822,0.247123347902761
20280008,20284008,25,95,2141.12985292218,0.499970208741433,0.389418137151375,0.00213176768837658,0.000376060369791019,0.252205857952822,0.247123347902761
20280008,20284008,25,96,2139.54728469329,0.499600666947101,0.390389355742859,0.00211206798880866,0.000372586332305421,0.252205857952822,0.247123347902761
20280008,20284008,25,97,2137.99177759896,0.499237444134814,0.3913505229657,0.00209276086772295,0.000369181506274256,0.252205857952822,0.247123347902761
20280008,20284008,25,98,2136.46258326474,0.498880365553409,0.39230184890529,0.00207383498967404,0.000365843893848858,0.252205857952822,0.247123347902761
20280008,20284008,25,99,2134.95898110272,0.498529262940092,0.393243537377597,0.00205527958338363,0.000362571596613658,0.252205857952822,0.247123347902761
20280008,20284008,25,100,2133.48027684956,0.498183974179063,0.39417578619247,0.00203708439037261,0.000359362806529688,0.252205857952822,0.247123347902761
20280008,20284008,25,101,2132.02580122333,0.497844342987865,0.395098787403384,0.00201923961642042,0.000356215797376412,0.252205857952822,0.247123347902761
20280008,20284008,25,102,2130.59490869011,0.49751021862939,0.396012727544203,0.00200173588582391,0.000353128916687025,0.252205857952822,0.247123347902761
20280008,20284008,25,103,2129.18697633178,0.497181455647488,0.396917787853508,0.00198456419853828,0.00035010057819186,0.252205857952822,0.247123347902761
20280008,20284008,25,104,2127.8014028067,0.496857913624281,0.397814144486977,0.00196771589035857,0.000347129254797879,0.252205857952822,0.247123347902761
20280008,20284008,25,105,2126.43760739507,0.496539456957255,0.398701968718276,0.00195118259634166,0.000344213472139575,0.252205857952822,0.247123347902761
20280008,20284008,25,106,2125.09502912119,0.496225954654288,0.399581427128902,0.00193495621767626,0.000341351802737919,0.252205857952822,0.247123347902761
20280008,20284008,25,107,2123.77312594478,0.495917280144825,0.400452681787393,0.00191902889218751,0.000338542860800297,0.252205857952822,0.247123347902761
20280008,20284008,25,108,2122.47137401379,0.495613311105404,0.401315890418345,0.00190339296861863,0.000335785297686586,0.252205857952822,0.247123347902761
20280008,20284008,25,109,2121.1892669716,0.495313929297881,0.402171206561663,0.00188804098476692,0.000333077798055035,0.252205857952822,0.247123347902761
20280008,20284008,25,110,2119.92631531158,0.495019020418707,0.403018779722507,0.00187296564947678,0.000330419076688415,0.252205857952822,0.247123347902761
20280008,20284008,25,111,2118.68204577251,0.494728473957766,0.403858755512405,0.00185815982840879,0.00032780787598618,0.252205857952822,0.247123347902761
20280008,20284008,25,112,2117.4560007689,0.494442183065345,0.40469127578202,0.00184361653342256,0.000325242964094016,0.252205857952822,0.247123347902761
20280008,20284008,25,113,2116.2477378507,0.494160044425971,0.405516478746094,0.00182932891533174,0.000322723133628155,0.252205857952822,0.247123347902761
20280008,20284008,25,114,2115.05682918745,0.493881958137956,0.406334499101095,0.00181529025972257,0.000320247200940011,0.252205857952822,0.247123347902761
20280008,20284008,25,115,2113.88286107261,0.493607827597658,0.407145468136114,0.0018014939854703,0.000317814005856637,0.252205857952822,0.247123347902761
20280008,20284008,25,116,2112.72543344443,0.493337559387594,0.407949513837559,0.0017879336455477,0.000315422411825421,0.252205857952822,0.247123347902761
20280008,20284008,25,117,2111.58415942026,0.493071063167704,0.408746760988196,0.00177460292969418,0.0003130713063869,0.252205857952822,0.247123347902761
20280008,20284008,25,118,2110.45866484191,0.49280825156919,0.409537331261078,0.00176149566850613,0.000310759601898188,0.252205857952822,0.247123347902761
20280008,20284008,25,119,2109.34858783028,0.492549040090509,0.410321343308896,0.00174860583851514,0.000308486236430553,0.252205857952822,0.247123347902761
20280008,20284008,25,120,2108.25357834781,0.492293346995213,0.411098912849234,0.00173592756784085,0.000306250174768279,0.252205857952822,0.247123347902761
20280008,20284008,25,121,2107.1732977681,0.492041093211444,0.411870152746235,0.00172345514203773,0.000304050409441623,0.252205857952822,0.247123347902761
20280008,20284008,25,122,2106.10741845214,0.491792202232989,0.412635173089084,0.00171118300979501,0.000301885961733767,0.252205857952822,0.247123347902761
20280008,20284008,25,123,2105.05562333129,0.491546600021893,0.413394081267734,0.00169910578819707,0.00029975588261014,0.252205857952822,0.247123347902761
20280008,20284008,25,124,2104.01760549714,0.49130421491269,0.414146982046233,0.00168721826730206,0.000297659253527378,0.252205857952822,0.247123347902761
20280008,20284008,25,125,2102.99306779873,0.49106497751836,0.414893977633944,0.00167551541384881,0.000295595187088409,0.252205857952822,0.247123347902761
20280008,20284008,25,126,2101.98172244793,0.490828820638168,0.415635167754967,0.00166399237395381,0.00029356282751931,0.252205857952822,0.247123347902761
20280008,20284008,25,127,2100.98329063353,0.490595679167567,0.416370649715955,0.00165264447470869,0.000291561350952121,0.252205857952822,0.247123347902761
20280008,20284008,25,128,2099.99750214506,0.490365490010342,0.417100518472527,0.00164146722463341,0.000289589965505718,0.252205857952822,0.247123347902761
20280008,20284008,25,129,2099.02409500696,0.490138191993192,0.417824866694412,0.00163045631298002,0.000287647911163871,0.252205857952822,0.247123347902761
20280008,20284008,25,130,2098.06281512402,0.489913725782945,0.41854378482944,0.0016196076079162,0.000285734459455604,0.252205857952822,0.247123347902761
20280008,20284008,25,131,2097.11341593879,0.489692033806547,0.41925736116643,0.00160891715364598,0.000283848912948032,0.252205857952822,0.247123347902761
20280008,20284008,25,132,2096.17565810153,0.489473060174002,0.419965681897037,0.00159838116654686,0.00028199060456562,0.252205857952822,0.247123347902761
20280008,20284008,25,133,2095.24930915329,0.489256750604367,0.420668831176556,0.00158799603042026,0.000280158896752996,0.252205857952822,0.247123347902761
20280008,20284008,25,134,2094.3341432225,0.4890430523549,0.421366891183687,0.00157775829096255,0.000278353180500217,0.252205857952822,0.247123347902761
20280008,20284008,25,135,2093.42994073539,0.488831914153447,0.422059942179217,0.0015676646495714,0.000276572874250755,0.252205857952822,0.247123347902761
20280008,20284008,25,136,2092.53648814037,0.488623286134075,0.422748062563608,0.0015577119566044,0.000274817422712821,0.252205857952822,0.247123347902761
20280008,20284008,25,137,2091.65357764641,0.488417119775989,0.423431328933408,0.00154789720420626,0.000273086295594566,0.252205857952822,0.247123347902761
20280008,20284008,25,138,2090.78100697542,0.488213367845708,0.424109816136464,0.00153821751881718,0.000271378986283,0.252205857952822,0.247123347902761
20280008,20284008,25,139,2089.91857912838,0.488011984342452,0.424783597325845,0.00152867015346917,0.000269695010485488,0.252205857952822,0.247123347902761
20280008,20284008,25,140,2089.066102165,0.487812924446692,0.425452744012451,0.00151925247996957,0.000268033904851329,0.252205857952822,0.247123347902761
20280008,20284008,25,141,2088.22338899652,0.487616144471775,0.426117326116227,0.00150996198106234,0.000266395225589389,0.252205857952822,0.247123347902761
20280008,20284008,25,142,2087.3902571913,0.487421601818514,0.426777412015935,0.00150079624264911,0.000264778547096258,0.252205857952822,0.247123347902761
20280008,20284008,25,143,2086.56652879267,0.487229254932664,0.427433068597456,0.00149175294614117,0.000263183460607497,0.252205857952822,0.247123347902761
20280008,20284008,25,144,2085.75203014848,0.48703906326512,0.428084361300561,0.00148282986100575,0.00026160957288313,0.252205857952822,0.247123347902761
20280008,20284008,25,145,2084.94659175189,0.486850987234738,0.428731354164135,0.00147402483755949,0.000260056504936737,0.252205857952822,0.247123347902761
20280008,20284008,25,146,2084.15004809277,0.486664988193634,0.429374109869827,0.00146533580005389,0.000258523890816043,0.252205857952822,0.247123347902761
20280008,20284008,25,147,2083.36223751901,0.486481028394804,0.430012689784119,0.00145676074008894,0.000257011376441371,0.252205857952822,0.247123347902761
20280008,20284008,25,148,2082.5830021073,0.486299070961948,0.430647153998804,0.00144829771038421,0.000255518618507154,0.252205857952822,0.247123347902761
20280008,20284008,25,149,2081.81218754267,0.486119079861336,0.431277561369877,0.0014399448189289,0.000254045283450281,0.252205857952822,0.247123347902761
20280008,20284008,25,150,2081.04964300613,0.485941019875582,0.431903969554862,0.0014317002235266,0.000252591046488056,0.252205857952822,0.247123347902761
20280008,20284008,25,151,2080.29522106994,0.485764856579179,0.432526435048585,0.00142356212674481,0.000251155590727553,0.252205857952822,0.247123347902761
20280008,20284008,25,152,2079.54877759983,0.485590556315675,0.433145013217423,0.00141552877127381,0.000249738606347164,0.252205857952822,0.247123347902761
20280008,20284008,25,153,2078.81017166367,0.485418086176333,0.433759758332066,0.00140759843569498,0.000248339789850375,0.252205857952822,0.247123347902761
20280008,20284008,25,154,2078.07926544593,0.485247413980178,0.434370723598828,0.00139976943065482,0.000246958843391087,0.252205857952822,0.247123347902761
20280008,20284008,25,155,2077.35592416758,0.485078508255271,0.434977961189557,0.00139204009543631,0.000245595474169033,0.252205857952822,0.247123347902761
20280008,20284008,25,156,2076.64001601079,0.484911338221139,0.435581522270177,0.00138440879491705,0.000244249393893401,0.252205857952822,0.247123347902761
20280008,20284008,25,157,2075.93141204799,0.484745873772212,0.436181457027933,0.00137687391689946,0.000242920318312093,0.252205857952822,0.247123347902761
20280008,20284008,25,158,2075.22998617497,0.484582085462189,0.436777814697377,0.00136943386979648,0.000241607966803683,0.252205857952822,0.247123347902761
20280008,20284008,25,159,2074.53561504737,0.484419944489217,0.437370643585151,0.00136208708065368,0.000240312062028706,0.252205857952822,0.247123347902761
20280008,20284008,25,160,2073.84817802043,0.484259422681823,0.437959991093633,0.00135483199348634,0.000239032329636505,0.252205857952822,0.247123347902761
20280008,20284008,25,161,2073.16755709146,0.484100492485477,0.43854590374349,0.00134766706790929,0.000237768498023717,0.252205857952822,0.247123347902761
20280008,20284008,25,162,2072.49363684484,0.483943126949744,0.439128427195197,0.00134059077803537,0.000236520298140132,0.252205857952822,0.247123347902761
20280008,20284008,25,163,2071.8263043991,0.483787299715939,0.43970760626958,0.00133360161161801,0.000235287463337609,0.252205857952822,0.247123347902761
20280008,20284008,25,164,2071.16544935599,0.483632985005229,0.440283484967434,0.00132669806941293,0.000234069729257644,0.252205857952822,0.247123347902761
20280008,20284008,25,165,2070.51096375124,0.483480157607122,0.440856106488267,0.00131987866473385,0.000232866833753147,0.252205857952822,0.247123347902761
20280008,20284008,25,166,2069.86274200661,0.483328792868301,0.441425513248216,0.00131314192317777,0.000231678516840132,0.252205857952822,0.247123347902761
20280008,20284008,25,167,2069.22068088346,0.483178866681746,0.4419917468972,0.00130648638249607,0.000230504520675121,0.252205857952822,0.247123347902761
20280008,20284008,25,168,2068.58467943721,0.483030355476129,0.442554848335325,0.00129991059258858,0.000229344589554229,0.252205857952822,0.247123347902761
20280008,20284008,25,169,2067.95463897291,0.482883236205422,0.443114857728622,0.00129341311559949,0.00022819846993022,0.252205857952822,0.247123347902761
20280008,20284008,25,170,2067.33046300163,0.48273748633872,0.443671814524122,0.00128699252609607,0.000227065910444154,0.252205857952822,0.247123347902761
20280008,20284008,25,171,2066.71205719755,0.482593083850225,0.444225757464336,0.00128064741131176,0.000225946661968388,0.252205857952822,0.247123347902761
20280008,20284008,25,172,2066.09932935582,0.482450007209398,0.444776724601159,0.00127437637143883,0.000224840477658312,0.252205857952822,0.247123347902761
20280008,20284008,25,173,2065.49218935098,0.482308235371255,0.445324753309236,0.00126817801995713,0.000223747113010457,0.252205857952822,0.247123347902761
20280008,20284008,25,174,2064.89054909594,0.482167747766782,0.445869880298828,0.00126205098398728,0.000222666325924893,0.252205857952822,0.247123347902761
20280008,20284008,25,175,2064.29432250144,0.482028524293483,0.446412141628196,0.00125599390465965,0.00022159787677042,0.252205857952822,0.247123347902761
20280008,20284008,25,176,2063.70342543606,0.481890545306024,0.446951572715544,0.00125000543749164,0.000220541528451218,0.252205857952822,0.247123347902761
20280008,20284008,25,177,2063.11777568662,0.481753791607,0.44748820835054,0.00124408425276844,0.000219497046474099,0.252205857952822,0.247123347902761
20280008,20284008,25,178,2062.53729291903,0.481618244437786,0.448022082705442,0.0012382290359231,0.000218464199015641,0.252205857952822,0.247123347902761
20280008,20284008,25,179,2061.96189863955,0.481483885469494,0.448553229345847,0.00123243848791405,0.000217442756988866,0.252205857952822,0.247123347902761
20280008,20284008,25,180,2061.39151615648,0.481350696794023,0.449081681241102,0.00122671132559918,0.000216432494109312,0.252205857952822,0.247123347902761
20280008,20284008,25,181,2060.82607054217,0.481218660915193,0.44960747077438,0.00122104628210654,0.000215433186960492,0.252205857952822,0.247123347902761
20280008,20284008,25,182,2060.26548859546,0.481087760739974,0.450130629752447,0.00121544210720166,0.000214444615058778,0.252205857952822,0.247123347902761
20280008,20284008,25,183,2059.70969880448,0.480957979569797,0.450651189415157,0.00120989756765392,0.000213466560918091,0.252205857952822,0.247123347902761
20280008,20284008,25,184,2059.15863130978,0.480829301091946,0.451169180444664,0.00120441144760229,0.000212498810114491,0.252205857952822,0.247123347902761
20280008,20284008,25,185,2058.61221786786,0.480701709371041,0.451684632974396,0.00119898254892239,0.000211541151351002,0.252205857952822,0.247123347902761
20280008,20284008,25,186,2058.07039181497,0.480575188840586,0.452197576597804,0.00119360969159634,0.00021059337652291,0.252205857952822,0.247123347902761
20280008,20284008,25,187,2057.53308803128,0.480449724294602,0.452708040376891,0.00118829171408607,0.000209655280783691,0.252205857952822,0.247123347902761
20280008,20284008,25,188,2057.00024290536,0.480325300879335,0.453216052850556,0.00118302747371113,0.000208726662611716,0.252205857952822,0.247123347902761
20280008,20284008,25,189,2056.47179429898,0.480201904085029,0.453721642042767,0.00117781584703115,0.000207807323877775,0.252205857952822,0.247123347902761
20280008,20284008,25,190,2055.94768151215,0.480079519737775,0.454224835470567,0.00117265573023232,0.000206897069913327,0.252205857952822,0.247123347902761
20280008,20284008,25,191,2055.42784524854,0.479958133991427,0.454725660151949,0.00116754603951743,0.000205995709579353,0.252205857952822,0.247123347902761
20280008,20284008,25,192,2054.91222758112,0.479837733319575,0.455224142613605,0.0011624857114979,0.000205103055335575,0.252205857952822,0.247123347902761
20280008,20284008,25,193,2054.40077191806,0.479718304507598,0.455720308898568,0.00115747370358586,0.000204218923309674,0.252205857952822,0.247123347902761
20280008,20284008,25,194,2053.89342296896,0.479599834644765,0.456214184573756,0.00115250899438374,0.000203343133366072,0.252205857952822,0.247123347902761
20280008,20284008,25,195,2053.39012671133,0.479482311116408,0.456705794737455,0.00114759058406887,0.000202475509173832,0.252205857952822,0.247123347902761
20280008,20284008,25,196,2052.8908303573,0.479365721596156,0.457195164026717,0.00114271749476965,0.000201615878273067,0.252205857952822,0.247123347902761
20280008,20284008,25,197,2052.39548232063,0.479250054038229,0.457682316624729,0.00113788877092998,0.000200764072139281,0.252205857952822,0.247123347902761
20280008,20284008,25,198,2051.90403218402,0.479135296669799,0.45816727626813,0.00113310347965829,0.000199919926244987,0.252205857952822,0.247123347902761
20280008,20284008,25,199,2051.41643066666,0.479021437983421,0.458650066254313,0.0011283607110577,0.000199083280117992,0.252205857952822,0.247123347902761
20280008,20284008,25,200,2050.93262959206,0.478908466729518,0.459130709448702,0.001123659578533,0.000198253977395612,0.252205857952822,0.247123347902761
20280008,20284008,25,201,2050.45258185628,0.478796371908955,0.459609228292033,0.00111899921907177,0.000197431865874287,0.252205857952822,0.247123347902761
20280008,20284008,25,202,2049.97624139633,0.478685142765675,0.460085644807631,0.00111437879349493,0.00019661679755384,0.252205857952822,0.247123347902761
20280008,20284008,25,203,2049.50356315904,0.478574768779414,0.4605599806087,0.00110979748667464,0.000195808628675948,0.252205857952822,0.247123347902761
20280008,20284008,25,204,2049.03450307017,0.478465239658504,0.46103225690563,0.00110525450771552,0.000195007219756152,0.252205857952822,0.247123347902761
20280008,20284008,25,205,2048.56901800399,0.478356545332756,0.461502494513322,0.00110074909009701,0.000194212435609006,0.252205857952822,0.247123347902761
20280008,20284008,25,206,2048.1070657532,0.478248675946441,0.461970713858536,0.00109628049177421,0.000193424145365911,0.252205857952822,0.247123347902761
20280008,20284008,25,207,2047.64860499925,0.478141621851363,0.462436934987275,0.00109184799523528,0.000192642222485263,0.252205857952822,0.247123347902761
20280008,20284008,25,208,2047.19359528315,0.478035373600033,0.462901177572184,0.00108745090751367,0.000191866544754652,0.252205857952822,0.247123347902761
20280008,20284008,25,209,2046.74199697667,0.477929921938965,0.463363460919989,0.00108308856015389,0.000191096994284852,0.252205857952822,0.247123347902761
20280008,20284008,25,210,2046.29377125416,0.477825257802063,0.463823803978953,0.00107876030912987,0.000190333457495451,0.252205857952822,0.247123347902761
20280008,20284008,25,211,2045.84888006468,0.477721372304149,0.464282225346362,0.0010744655347159,0.000189575825092108,0.252205857952822,0.247123347902761
20280008,20284008,25,212,2045.40728610489,0.477618256734604,0.464738743276032,0.00107020364130909,0.000188823992035264,0.252205857952822,0.247123347902761
20280008,20284008,25,213,2044.96895279233,0.477515902551142,0.46519337568583,0.00106597405720449,0.000188077857500499,0.252205857952822,0.247123347902761
20280008,20284008,25,214,2044.53384423936,0.477414301373727,0.465646140165211,0.00106177623432308,0.000187337324830566,0.252205857952822,0.247123347902761
20280008,20284008,25,215,2044.10192522769,0.47731344497862,0.466097053982758,0.00105760964789351,0.000186602301479276,0.252205857952822,0.247123347902761
20280008,20284008,25,216,2043.67316118356,0.477213325292582,0.466546134093718,0.00105347379608877,0.000185872698947421,0.252205857952822,0.247123347902761
20280008,20284008,25,217,2043.24751815353,0.477113934387221,0.46699339714754,0.00104936819961965,0.00018514843271108,0.252205857952822,0.247123347902761
20280008,20284008,25,218,2042.82496278093,0.477015264473505,0.467438859495383,0.00104529240128613,0.000184429422142498,0.252205857952822,0.247123347902761
20280008,20284008,25,219,2042.40546228306,0.476917307896419,0.467882537197613,0.00104124596548942,0.000183715590424028,0.252205857952822,0.247123347902761
20280008,20284008,25,220,2041.988984429,0.476820057129799,0.468324446031256,0.00103722847770617,0.000183006864455393,0.252205857952822,0.247123347902761
20280008,20284008,25,221,2041.57549751821,0.476723504771325,0.468764601497416,0.00103323954392777,0.000182303174754784,0.252205857952822,0.247123347902761
20280008,20284008,25,222,2041.16497035977,0.476627643537679,0.469203018828636,0.00102927879006706,0.000181604455354226,0.252205857952822,0.247123347902761
20280008,20284008,25,223,2040.75737225244,0.476532466259885,0.469639712996206,0.00102534586133509,0.000180910643689634,0.252205857952822,0.247123347902761
20280008,20284008,25,224,2040.35267296538,0.476437965878811,0.470074698717393,0.00102144042159136,0.000180221680486214,0.252205857952822,0.247123347902761
20280008,20284008,25,225,2039.95084271967,0.476344135440852,0.470507990462595,0.00101756215266947,0.000179537509639511,0.252205857952822,0.247123347902761
20280008,20284008,25,226,2039.55185217053,0.476250968093777,0.470939602462411,0.0010137107536824,0.000178858078092861,0.252205857952822,0.247123347902761
20280008,20284008,25,227,2039.15567239036,0.47615845708277,0.471369548714608,0.00100988594030963,0.000178183335711653,0.252205857952822,0.247123347902761
20280008,20284008,25,228,2038.76227485243,0.476066595746622,0.471797842990988,0.00100608744406968,0.000177513235155003,0.252205857952822,0.247123347902761
20280008,20284008,25,229,2038.37163141541,0.475975377514115,0.47222449884414,0.00100231501158129,0.000176847731745428,0.252205857952822,0.247123347902761
20280008,20284008,25,230,2037.98371430856,0.475884795900571,0.472649529614068,0.000998568403816038,0.000176186783337014,0.252205857952822,0.247123347902761
20280008,20284008,25,231,2037.59849611773,0.475794844504573,0.473072948434695,0.000994847395345872,0.00017553035018268,0.252205857952822,0.247123347902761
20280008,20284008,25,232,2037.21594977199,0.475705517004855,0.473494768240233,0.000991151773588614,0.000174878394801087,0.252205857952822,0.247123347902761
20280008,20284008,25,233,2036.83604853107,0.47561680715736,0.473915001771406,0.000987481338054199,0.000174230881843672,0.252205857952822,0.247123347902761
20280008,20284008,25,234,2036.45876597346,0.475528708792458,0.474333661581534,0.000983835899594739,0.000173587777962362,0.252205857952822,0.247123347902761
20280008,20284008,25,235,2036.08407598514,0.47544121581233,0.474750760042457,0.000980215279661289,0.000172949051678467,0.252205857952822,0.247123347902761
20280008,20284008,25,236,2035.71195274907,0.475354322188499,0.47516630935031,0.00097661930956958,0.00017231467325315,0.252205857952822,0.247123347902761
20280008,20284008,25,237,2035.34237073531,0.475268021959526,0.475580321531136,0.000973047829777818,0.000171684614560032,0.252205857952822,0.247123347902761
20280008,20284008,25,238,2034.97530469172,0.475182309228845,0.475992808446328,0.000969500689178194,0.000171058848960216,0.252205857952822,0.247123347902761
20280008,20284008,25,239,2034.61072963533,0.475097178162742,0.47640378179792,0.000965977744404817,0.000170437351180197,0.252205857952822,0.247123347902761
20280008,20284008,25,240,2034.24862084431,0.475012622988478,0.476813253133694,0.00096247885915958,0.000169820097192947,0.252205857952822,0.247123347902761
20280008,20284008,25,241,2033.88895385044,0.474928637992539,0.477221233852125,0.000959003903558181,0.000169207064102552,0.252205857952822,0.247123347902761
20280008,20284008,25,242,2033.53170443223,0.474845217519022,0.477627735207161,0.000955552753497286,0.000168598230032573,0.252205857952822,0.247123347902761
20280008,20284008,25,243,2033.1768486085,0.474762355968135,0.478032768312814,0.000952125290044505,0.000167993574018441,0.252205857952822,0.247123347902761
20280008,20284008,25,244,2032.82436263247,0.474680047794825,0.478436344147602,0.000948721398852441,0.000167393075904086,0.252205857952822,0.247123347902761
20280008,20284008,25,245,2032.47422298635,0.474598287507506,0.478838473558803,0.000945340969597341,0.000166796716242918,0.252205857952822,0.247123347902761
20280008,20284008,25,246,2032.12640637637,0.474517069666907,0.479239167266547,0.000941983895443251,0.000166204476203301,0.252205857952822,0.247123347902761
20280008,20284008,25,247,2031.78088972824,0.474436388885006,0.479638435867742,0.000938650072532403,0.000165616337478654,0.252205857952822,0.247123347902761
20280008,20284008,25,248,2031.43765018307,0.474356239824073,0.480036289839828,0.000935339399501867,0.000165032282202185,0.252205857952822,0.247123347902761
20280008,20284008,25,249,2031.09666509355,0.47427661719579,0.480432739544372,0.000932051777026825,0.000164452292866328,0.252205857952822,0.247123347902761
20280008,20284008,25,250,2030.75791202064,0.474197515760469,0.4808277952305,0.00092878710739039,0.000163876352246851,0.252205857952822,0.247123347902761
20280008,20284008,25,251,2030.42136873048,0.474118930326333,0.481221467038173,0.000925545294079993,0.000163304443331664,0.252205857952822,0.247123347902761
20280008,20284008,25,252,2030.08701319166,0.474040855748882,0.481613765001304,0.000922326241409835,0.000162736549254213,0.252205857952822,0.247123347902761
20280008,20284008,25,253,2029.75482357283,0.473963286930325,0.482004699050728,0.000919129854169229,0.000162172653231449,0.252205857952822,0.247123347902761
20280008,20284008,25,254,2029.42477824047,0.473886218819069,0.482394279017022,0.000915956037296227,0.000161612738506258,0.252205857952822,0.247123347902761
20280008,20284008,25,255,2029.09685575697,0.473809646409274,0.482782514633182,0.00091280469557594,0.000161056788294239,0.252205857952822,0.247123347902761
20280008,20284008,25,256,2028.77103487901,0.473733564740455,0.483169415537164,0.000909675733363015,0.000160504785734752,0.252205857952822,0.247123347902761
20280008,20284008,25,257,2028.44729455599,0.473657968897141,0.483554991274281,0.000906569054327236,0.000159956713846044,0.252205857952822,0.247123347902761
20280008,20284008,25,258,2028.12561392879,0.473582854008564,0.48393925129948,0.000903484561221882,0.000159412555484383,0.252205857952822,0.247123347902761
20280008,20284008,25,259,2027.80597232864,0.473508215248411,0.484322204979486,0.000900422155673596,0.000158872293306997,0.252205857952822,0.247123347902761
20280008,20284008,25,260,2027.48834927615,0.473434047834586,0.484703861594826,0.000897381737993125,0.000158335909738687,0.252205857952822,0.247123347902761
20280008,20284008,25,261,2027.17272448049,0.473360347029025,0.485084230341738,0.000894363207006079,0.000157803386941973,0.252205857952822,0.247123347902761
20280008,20284008,25,262,2026.85907783869,0.473287108137533,0.485463320333963,0.000891366459902604,0.00015727470679058,0.252205857952822,0.247123347902761
20280008,20284008,25,263,2026.54738943507,0.473214326509642,0.485841140604432,0.000888391392105269,0.000156749850846136,0.252205857952822,0.247123347902761
20280008,20284008,25,264,2026.2376395407,0.473141997538498,0.486217700106855,0.000885437897153953,0.000156228800337864,0.252205857952822,0.247123347902761
20280008,20284008,25,265,2025.92980861303,0.473070116660768,0.486593007717201,0.000882505866607352,0.000155711536145215,0.252205857952822,0.247123347902761
20280008,20284008,25,266,2025.62387729554,0.472998679356554,0.486967072235091,0.000879595189959616,0.000155198038783161,0.252205857952822,0.247123347902761
20280008,20284008,25,267,2025.31982641745,0.472927681149332,0.487339902385102,0.000876705754571503,0.000154688288390057,0.252205857952822,0.247123347902761
20280008,20284008,25,268,2025.0176369935,0.472857117605898,0.487711506817985,0.000873837445615428,0.000154182264717948,0.252205857952822,0.247123347902761
20280008,20284008,25,269,2024.71729022373,0.472786984336319,0.488081894111799,0.000870990146033037,0.000153679947125088,0.252205857952822,0.247123347902761
20280008,20284008,25,270,2024.41876749336,0.472717276993902,0.488451072772973,0.000868163736504941,0.000153181314570609,0.252205857952822,0.247123347902761
20280008,20284008,25,271,2024.12205037261,0.472647991275152,0.488819051237297,0.00086535809543163,0.000152686345611149,0.252205857952822,0.247123347902761
20280008,20284008,25,272,2023.82712061661,0.47257912291975,0.48918583787084,0.000862573098924752,0.000152195018399327,0.252205857952822,0.247123347902761
20280008,20284008,25,273,2023.53396016523,0.47251066771052,0.489551440970808,0.000859808620808132,0.000151707310683919,0.252205857952822,0.247123347902761
20280008,20284008,25,274,2023.242551143,0.472442621473403,0.489915868766341,0.000857064532627836,0.000151223199811641,0.252205857952822,0.247123347902761
20280008,20284008,25,275,2022.95287585899,0.472374980077427,0.490279129419255,0.0008543407036705,0.000150742662730386,0.252205857952822,0.247123347902761
20280008,20284008,25,276,2022.6649168066,0.472307739434674,0.490641231024726,0.000851637000989162,0.000150265675993784,0.252205857952822,0.247123347902761
20280008,20284008,25,277,2022.37865666352,0.472240895500244,0.491002181611935,0.000848953289436314,0.000149792215767037,0.252205857952822,0.247123347902761
20280008,20284008,25,278,2022.09407829143,0.472174444272217,0.491361989144655,0.00084628943170334,0.000149322257833881,0.252205857952822,0.247123347902761
20280008,20284008,25,279,2021.81116473592,0.4721083817916,0.491720661521805,0.000843645288365626,0.000148855777604548,0.252205857952822,0.247123347902761
20280008,20284008,25,280,2021.52989922616,0.472042704142281,0.492078206577961,0.000841020717933222,0.000148392750124704,0.252205857952822,0.247123347902761
20280008,20284008,25,281,2021.25026517471,0.471977407450966,0.492434632083827,0.00083841557690594,0.00014793315008518,0.252205857952822,0.247123347902761
20280008,20284008,25,282,2020.97224617721,0.471912487887108,0.492789945746683,0.000835829719832969,0.000147476951832486,0.252205857952822,0.247123347902761
20280008,20284008,25,283,2020.69582601203,0.471847941662835,0.493144155210789,0.000833262999376228,0.000147024129379995,0.252205857952822,0.247123347902761
20280008,20284008,25,284,2020.42098863993,0.47178376503286,0.493497268057768,0.000830715266376961,0.000146574656419695,0.252205857952822,0.247123347902761
20280008,20284008,25,285,2020.14771820365,0.471719954294392,0.493849291806966,0.000828186369925291,0.000146128506334461,0.252205857952822,0.247123347902761
20280008,20284008,25,286,2019.87599902745,0.471656505787026,0.49420023391578,0.000825676157432151,0.000145685652210752,0.252205857952822,0.247123347902761
20280008,20284008,25,287,2019.60581561663,0.471593415892631,0.494550101779971,0.000823184474703485,0.000145246066851703,0.252205857952822,0.247123347902761
20280008,20284008,25,288,2019.33715265701,0.471530681035228,0.494898902733957,0.000820711166016018,0.000144809722790495,0.252205857952822,0.247123347902761
20280008,20284008,25,289,2019.06999501434,0.471468297680856,0.495246644051088,0.000818256074194475,0.000144376592303986,0.252205857952822,0.247123347902761
20280008,20284008,25,290,2018.80432773369,0.471406262337423,0.495593332943905,0.00081581904068984,0.000143946647426514,0.252205857952822,0.247123347902761
20280008,20284008,25,291,2018.5401360388,0.471344571554557,0.495938976564384,0.000813399905658262,0.000143519859963828,0.252205857952822,0.247123347902761
20280008,20284008,25,292,2018.27740533135,0.471283221923442,0.496283582004175,0.000810998508040649,0.000143096201507129,0.252205857952822,0.247123347902761
20280008,20284008,25,293,2018.01612119024,0.47122221007664,0.496627156294822,0.000808614685642166,0.000142675643447099,0.252205857952822,0.247123347902761
20280008,20284008,25,294,2017.75626937079,0.471161532687908,0.496969706407979,0.000806248275211931,0.000142258156987966,0.252205857952822,0.247123347902761
20280008,20284008,25,295,2017.49783580392,0.471101186472008,0.497311239255617,0.000803899112522232,0.000141843713161484,0.252205857952822,0.247123347902761
20280008,20284008,25,296,2017.24080659526,0.471041168184498,0.497651761690225,0.000801567032447465,0.000141432282840857,0.252205857952822,0.247123347902761
20280008,20284008,25,297,2016.98516802425,0.470981474621525,0.497991280505004,0.000799251869042237,0.000141023836754528,0.252205857952822,0.247123347902761
20280008,20284008,25,298,2016.73090654319,0.470922102619596,0.498329802434061,0.000796953455618725,0.000140618345499826,0.252205857952822,0.247123347902761
20280008,20284008,25,299,2016.47800877627,0.470863049055355,0.498667334152593,0.000794671624823146,0.000140215779556459,0.252205857952822,0.247123347902761
20280008,20284008,25,300,2016.22646151852,0.470804310845341,0.499003882277077,0.000792406208710981,0.000139816109299794,0.252205857952822,0.247123347902761
20280008,20284008,25,301,2015.97625173474,0.470745884945739,0.499339453365452,0.000790157038821146,0.000139419305013939,0.252205857952822,0.247123347902761
20280008,20284008,25,302,2015.72736655847,0.470687768352125,0.499674053917302,0.000787923946248894,0.000139025336904612,0.252205857952822,0.247123347902761
20280008,20284008,25,303,2015.47979329076,0.470629958099205,0.500007690374041,0.00078570676171736,0.000138634175111761,0.252205857952822,0.247123347902761
20280008,20284008,25,304,2015.23351939914,0.470572451260544,0.500340369119096,0.000783505315647828,0.000138245789721972,0.252205857952822,0.247123347902761
20280008,20284008,25,305,2014.9885325163,0.470515244948286,0.500672096478091,0.000781319438228405,0.000137860150780578,0.252205857952822,0.247123347902761
20280008,20284008,25,306,2014.74482043898,0.470458336312873,0.501002878719038,0.000779148959481676,0.000137477228303604,0.252205857952822,0.247123347902761
20280008,20284008,25,307,2014.50237112666,0.470401722542754,0.501332722052521,0.000776993709330765,0.000137096992289421,0.252205857952822,0.247123347902761
20280008,20284008,25,308,2014.26117270031,0.470345400864083,0.501661632631891,0.000774853517664072,0.000136719412730174,0.252205857952822,0.247123347902761
20280008,20284008,25,309,2014.02121344112,0.470289368540427,0.501989616553458,0.000772728214398911,0.000136344459623005,0.252205857952822,0.247123347902761
20280008,20284008,25,310,2013.78248178911,0.470233622872445,0.502316679856693,0.000770617629543754,0.000135972102981045,0.252205857952822,0.247123347902761
20280008,20284008,25,311,2013.54496634187,0.470178161197586,0.502642828524423,0.000768521593259519,0.000135602312844223,0.252205857952822,0.247123347902761
20280008,20284008,25,312,2013.30865585315,0.470122980889761,0.502968068483043,0.000766439935919815,0.000135235059289898,0.252205857952822,0.247123347902761
20280008,20284008,25,313,2013.07353923145,0.470068079359026,0.503292405602718,0.000764372488170151,0.000134870312443311,0.252205857952822,0.247123347902761
20280008,20284008,25,314,2012.83960553869,0.470013454051252,0.503615845697605,0.000762319080986453,0.000134508042487907,0.252205857952822,0.247123347902761
20280008,20284008,25,315,2012.60684398872,0.469959102447789,0.503938394526064,0.000760279545733,0.000134148219675563,0.252205857952822,0.247123347902761
20280008,20284008,25,316,2012.3752439459,0.469905022065138,0.504260057790885,0.000758253714219556,0.000133790814336664,0.252205857952822,0.247123347902761
20280008,20284008,25,317,2012.14479492365,0.469851210454598,0.504580841139513,0.000756241418758376,0.000133435796890167,0.252205857952822,0.247123347902761
20280008,20284008,25,318,2011.91548658295,0.469797665201934,0.504900750164283,0.000754242492220748,0.000133083137853577,0.252205857952822,0.247123347902761
20280008,20284008,25,319,2011.6873087309,0.469744383927019,0.505219790402655,0.000752256768093515,0.000132732807852924,0.252205857952822,0.247123347902761
20280008,20284008,25,320,2011.46025131913,0.469691364283486,0.505537967337463,0.000750284080535432,0.000132384777632701,0.252205857952822,0.247123347902761
20280008,20284008,30,10,4537.17084480557,1,0.288059007685922,NaN,NaN,0.252078306327746,0.247123347902761
20280008,20284008,30,11,3640.77149030927,0.802432091460133,0.259840371130405,0.059882907672237,0.0106459967927396,0.252078306327746,0.247123347902761
20280008,20284008,30,12,3248.30864084603,0.715932626730354,0.244248446003342,0.0392666312088615,0.00695632061519867,0.252078306327746,0.247123347902761
20280008,20284008,30,13,3012.55785142707,0.663972760663405,0.234919266869847,0.0306371376142395,0.00541860026431948,0.252078306327746,0.247123347902761
20280008,20284008,30,14,2851.98405547632,0.628582028984305,0.229446948416197,0.0254783026073366,0.0045018622572118,0.252078306327746,0.247123347902761
20280008,20284008,30,15,2732.97247683381,0.602351679122395,0.226508677990387,0.0220184620431444,0.00388818208665174,0.252078306327746,0.247123347902761
20280008,20284008,30,16,2639.2396567825,0.58169280969529,0.22529920425785,0.0195207920987385,0.0034457445622108,0.252078306327746,0.247123347902761
20280008,20284008,30,17,2562.35961613622,0.564748320877042,0.225300270026519,0.0175876084511971,0.00310364569514727,0.252078306327746,0.247123347902761
20280008,20284008,30,18,2497.65072466343,0.550486373578569,0.226161729928368,0.0160101208966816,0.00282471429535822,0.252078306327746,0.247123347902761
20280008,20284008,30,19,2442.23363436731,0.538272354712702,0.22763765741558,0.0146851878296194,0.0025905847827382,0.252078306327746,0.247123347902761
20280008,20284008,30,20,2394.18558699377,0.527682485162485,0.229551265988358,0.0135495100201494,0.00238999558801645,0.252078306327746,0.247123347902761
20280008,20284008,30,21,2352.14779676514,0.518417286282712,0.231773406091721,0.0125595628414522,0.00221521274465404,0.252078306327746,0.247123347902761
20280008,20284008,30,22,2315.10647025816,0.510253316316849,0.23420852483354,0.0116876034062508,0.00206130801366649,0.252078306327746,0.247123347902761
20280008,20284008,30,23,2282.26883714152,0.503015847365414,0.236785438494427,0.0109156101875639,0.00192508032545869,0.252078306327746,0.247123347902761
20280008,20284008,30,24,2252.99545614258,0.496563945508454,0.239451034051628,0.0102300550333367,0.00180412864022089,0.252078306327746,0.247123347902761
20280008,20284008,30,25,2226.76192681037,0.490782032014445,0.242165745677012,0.00961937078807374,0.00169640260734941,0.252078306327746,0.247123347902761
20280008,20284008,30,26,2203.13431185056,0.485574466382028,0.244900196489079,0.00907348200629458,0.00160011819929659,0.252078306327746,0.247123347902761
20280008,20284008,30,27,2181.75110893024,0.480861572895816,0.247632684013526,0.00858390178575364,0.00151377376070757,0.252078306327746,0.247123347902761
20280008,20284008,30,28,2162.30940807401,0.476576589693455,0.25034730701918,0.00814354737964182,0.00143611680206591,0.252078306327746,0.247123347902761
20280008,20284008,30,29,2144.5541947401,0.472663311145824,0.253032569929616,0.0077464082006863,0.00136608497918376,0.252078306327746,0.247123347902761
20280008,20284008,30,30,2128.26999039133,0.469074245424967,0.255680332430057,0.00738728427096052,0.00130275964242908,0.252078306327746,0.247123347902761
20280008,20284008,30,31,2113.27420441223,0.465769149255563,0.258285008190595,0.00706162049758727,0.00124533638700716,0.252078306327746,0.247123347902761
20280008,20284008,30,32,2099.41173080492,0.46271383701772,0.260842947306636,0.00676541006002924,0.00119310786091962,0.252078306327746,0.247123347902761
20280008,20284008,30,33,2086.5504597087,0.459879191478433,0.263351958342589,0.00649514212479452,0.0011454544365581,0.252078306327746,0.247123347902761
20280008,20284008,30,34,2074.57750437094,0.457240332209672,0.265810939166545,0.00624776424409098,0.00110183750290983,0.252078306327746,0.247123347902761
20280008,20284008,30,35,2063.39603852095,0.454775918540349,0.268219593414095,0.00602063659093216,0.00106179133961823,0.252078306327746,0.247123347902761
20280008,20284008,30,36,2052.92267612064,0.452467572048989,0.270578213871354,0.00581147471587699,0.00102491298222229,0.252078306327746,0.247123347902761
20280008,20284008,30,37,2043.08532277022,0.450299403009976,0.27288751733866,0.00561829142752173,0.000990851944132099,0.252078306327746,0.247123347902761
20280008,20284008,30,38,2033.82141735703,0.448257622850036,0.275148518625719,0.0054393486236372,0.000959301701733608,0.252078306327746,0.247123347902761
20280008,20284008,30,39,2025.07648301243,0.446330224776715,0.277362434302258,0.00527312242615015,0.000929993531808645,0.252078306327746,0.247123347902761
20280008,20284008,30,40,2016.80291974783,0.444506717673369,0.279530609365753,0.00511827825099362,0.000902692105525962,0.252078306327746,0.247123347902761
20280008,20284008,30,41,2008.95898967116,0.44277790243917,0.281654461853791,0.00497365027052227,0.00087719186036272,0.252078306327746,0.247123347902761
20280008,20284008,30,42,2001.50796154176,0.441135683447584,0.283735441637352,0.00483822139258463,0.000853313465468715,0.252078306327746,0.247123347902761
20280008,20284008,30,43,1994.41739097343,0.43957290990194,0.285775000378511,0.00471110284373841,0.000830900218814129,0.252078306327746,0.247123347902761
20280008,20284008,30,44,1987.65851659947,0.438083242749181,0.287774570151166,0.00459151454691113,0.000809814585488366,0.252078306327746,0.247123347902761
20280008,20284008,30,45,1981.20575383653,0.436661043104589,0.289735548661141,0.00447876794321729,0.000789935167691291,0.252078306327746,0.247123347902761
20280008,20284008,30,46,1975.03626908379,0.435301278404566,0.291659289416153,0.00437225216448739,0.000771154266022469,0.252078306327746,0.247123347902761
20280008,20284008,30,47,1969.12961935,0.433999442979842,0.293547095574266,0.00427142342201543,0.000753376008173743,0.252078306327746,0.247123347902761
20280008,20284008,30,48,1963.46744518769,0.432751490377663,0.295400216513194,0.00417579680891265,0.000736514903372681,0.252078306327746,0.247123347902761
20280008,20284008,30,49,1958.03320768771,0.431553775394943,0.297219846399418,0.00408493959817334,0.000720494660641953,0.252078306327746,0.247123347902761
20280008,20284008,30,50,1952.8119625643,0.430403004286251,0.299007124204769,0.00399846537723371,0.000705247154589993,0.252078306327746,0.247123347902761
20280008,20284008,30,51,1947.79016587118,0.429296191943297,0.300763134739327,0.00391602871504049,0.000690711485114164,0.252078306327746,0.247123347902761
20280008,20284008,30,52,1942.95550678832,0.428230625040874,0.302488910363655,0.00383732031623569,0.000676833123009211,0.252078306327746,0.247123347902761
20280008,20284008,30,53,1938.29676348515,0.427203830268862,0.304185433122955,0.00376206271963087,0.000663563151563046,0.252078306327746,0.247123347902761
20280008,20284008,30,54,1933.80367852754,0.426213546871719,0.305853637115381,0.00369000658062398,0.000650857611129995,0.252078306327746,0.247123347902761
20280008,20284008,30,55,1929.46685077063,0.425257702821483,0.307494410965718,0.00362092750896789,0.000638676941633962,0.252078306327746,0.247123347902761
20280008,20284008,30,56,1925.27764118167,0.42433439406097,0.309108600322063,0.00355462337200558,0.000626985507143316,0.252078306327746,0.247123347902761
20280008,20284008,30,57,1921.22809052599,0.423441866361618,0.310697010326045,0.00349091194726726,0.000615751182036193,0.252078306327746,0.247123347902761
20280008,20284008,30,58,1917.31084727479,0.422578499434255,0.312260408027678,0.00342962881837892,0.000604944980050391,0.252078306327746,0.247123347902761
20280008,20284008,30,59,1913.51910442511,0.421742793004108,0.313799524726806,0.00337062544066975,0.000594540713235648,0.252078306327746,0.247123347902761
20280008,20284008,30,60,1909.8465441546,0.420933354612624,0.315315058227783,0.00331376734065488,0.000584514674493319,0.252078306327746,0.247123347902761
20280008,20284008,30,61,1906.28728938414,0.420148888941789,0.316807674995644,0.00325893244411498,0.000574845342777088,0.252078306327746,0.247123347902761
20280008,20284008,30,62,1902.83586141538,0.419388188477377,0.31827801220288,0.00320600954509575,0.000565513113133475,0.252078306327746,0.247123347902761
20280008,20284008,30,63,1899.48714287539,0.418650125341884,0.319726679657483,0.00315489693295976,0.000556500054608745,0.252078306327746,0.247123347902761
20280008,20284008,30,64,1896.23634525618,0.417933644140182,0.32115426160541,0.00310550119013016,0.000547789698255627,0.252078306327746,0.247123347902761
20280008,20284008,30,65,1893.07898039557,0.417237755673865,0.322561318404053,0.00305773616381059,0.000539366855822022,0.252078306327746,0.247123347902761
20280008,20284008,30,66,1890.01083531223,0.416561531394841,0.323948388067013,0.00301152210459288,0.00053121746787323,0.252078306327746,0.247123347902761
20280008,20284008,30,67,1887.02794988012,0.415904098484743,0.32531598768407,0.00296678495605693,0.0005233284785448,0.252078306327746,0.247123347902761
20280008,20284008,30,68,1884.12659690377,0.415264635463492,0.326664614723152,0.00292345577352275,0.00051568773307388,0.252078306327746,0.247123347902761
20280008,20284008,30,69,1881.30326423029,0.41464236824675,0.327994748223183,0.0028814702473318,0.000508283893765604,0.252078306327746,0.247123347902761
20280008,20284008,30,70,1878.55463860296,0.414036566587225,0.329306849887796,0.00284076830608174,0.000501106370059137,0.252078306327746,0.247123347902761
20280008,20284008,30,71,1875.87759102215,0.413446540848196,0.330601365090074,0.00280129377746733,0.000494145258751041,0.252078306327746,0.247123347902761
20280008,20284008,30,72,1873.2691634298,0.412871639068747,0.331878723798012,0.00276299408804876,0.000487391291080775,0.252078306327746,0.247123347902761
20280008,20284008,30,73,1870.72655657367,0.412311244289025,0.333139341429357,0.00272581998766207,0.000480835784158351,0.252078306327746,0.247123347902761
20280008,20284008,30,74,1868.24711893737,0.411764772110411,0.334383619643181,0.00268972528869271,0.000474470595009124,0.252078306327746,0.247123347902761
20280008,20284008,30,75,1865.82833664323,0.411231668470087,0.335611947074174,0.00265466661456453,0.000468288076239668,0.252078306327746,0.247123347902761
20280008,20284008,30,76,1863.46782424849,0.410711407612499,0.336824700014337,0.00262060315521872,0.000462281032932486,0.252078306327746,0.247123347902761
20280008,20284008,30,77,1861.16331636355,0.410203490242013,0.338022243045615,0.00258749642988491,0.000456442680823233,0.252078306327746,0.247123347902761
20280008,20284008,30,78,1858.91266002556,0.409707441842037,0.339204929626172,0.00255531005904538,0.000450766606096241,0.252078306327746,0.247123347902761
20280008,20284008,30,79,1856.71380776299,0.409222811146437,0.34037310263238,0.00252400954824995,0.000445246727267573,0.252078306327746,0.247123347902761
20280008,20284008,30,80,1854.56481128824,0.408749168749389,0.341527094858276,0.0024935620865286,0.000439877259640667,0.252078306327746,0.247123347902761
20280008,20284008,30,81,1852.46381575717,0.408286105840158,0.3426672294741,0.00246393636178436,0.000434652682755199,0.252078306327746,0.247123347902761
20280008,20284008,30,82,1850.40905453595,0.407833233049712,0.343793820445593,0.00243510239493927,0.00042956771114229,0.252078306327746,0.247123347902761
20280008,20284008,30,83,1848.39884441861,0.407390179396653,0.344907172915905,0.00240703139392148,0.000424617268578265,0.252078306327746,0.247123347902761
20280008,20284008,30,84,1846.43158124161,0.406956591320672,0.346007583552177,0.00237969562793259,0.000419796465914686,0.252078306327746,0.247123347902761
20280008,20284008,30,85,1844.50573584566,0.406532131792517,0.347095340859167,0.00235306832187886,0.000415100582464346,0.252078306327746,0.247123347902761
20280008,20284008,30,86,1842.61985033891,0.406116479490398,0.348170725462501,0.00232712357039454,0.000410525050842504,0.252078306327746,0.247123347902761
20280008,20284008,30,87,1840.77253461996,0.405709328033656,0.349234010364371,0.00230183627051221,0.000406065445096795,0.252078306327746,0.247123347902761
20280008,20284008,30,88,1838.96246312354,0.4053103852655,0.350285461174673,0.00227718207171842,0.000401717471903352,0.252078306327746,0.247123347902761
20280008,20284008,30,89,1837.18837175575,0.404919372577534,0.351325336320637,0.00225313734184876,0.000397476964556516,0.252078306327746,0.247123347902761
20280008,20284008,30,90,1835.44905499045,0.404536024269791,0.352353887238079,0.00222967914701799,0.000393339879433926,0.252078306327746,0.247123347902761
20280008,20284008,30,91,1833.74336310224,0.404160086940879,0.353371358547323,0.00220678524355224,0.000389302294578401,0.252078306327746,0.247123347902761
20280008,20284008,30,92,1832.07019951584,0.403791318903786,0.35437798821674,0.00218443407970678,0.000385360410005687,0.252078306327746,0.247123347902761
20280008,20284008,30,93,1830.42851825564,0.403429489623743,0.355374007716682,0.00216260480483397,0.000381510549326112,0.252078306327746,0.247123347902761
20280008,20284008,30,94,1828.81732148275,0.403074379175404,0.356359642166347,0.00214127728362887,0.000377749162261691,0.252078306327746,0.247123347902761
20280008,20284008,30,95,1827.23565711076,0.40272577771734,0.357335110475834,0.00212043211313567,0.000374072827649975,0.252078306327746,0.247123347902761
20280008,20284008,30,96,1825.6826164941,0.402383484982553,0.358300625485358,0.00210005064034745,0.000370478256552336,0.252078306327746,0.247123347902761
20280008,20284008,30,97,1824.15733218596,0.402047309784327,0.359256394103234,0.00208011497846692,0.000366962295125826,0.252078306327746,0.247123347902761
20280008,20284008,30,98,1822.65897576483,0.40171706953718,0.360202617443928,0.00206060802020054,0.00036352192697151,0.252078306327746,0.247123347902761
20280008,20284008,30,99,1821.1867557304,0.401392589793131,0.361139490967131,0.00204151344680932,0.000360154274734054,0.252078306327746,0.247123347902761
20280008,20284008,30,100,1819.73991547101,0.40107370379371,0.362067204618497,0.00202281573201369,0.000356856600793388,0.252078306327746,0.247123347902761
20280008,20284008,30,101,1818.31773130529,0.400760252038341,0.36298594297239,0.00200450014021917,0.000353626306954354,0.252078306327746,0.247123347902761
20280008,20284008,30,102,1816.91951060135,0.4004520818698,0.363895885376736,0.00198655271887635,0.000350460933101458,0.252078306327746,0.247123347902761
20280008,20284008,30,103,1815.54458997636,0.400149047077412,0.364797206099853,0.00196896028509008,0.000347358154839018,0.252078306327746,0.247123347902761
20280008,20284008,30,104,1814.1923335796,0.399851007518616,0.365690074478949,0.00195171040684221,0.000344315780180977,0.252078306327746,0.247123347902761
20280008,20284008,30,105,1812.86213146079,0.399557828759361,0.366574655069836,0.00193479137937903,0.000341331745387614,0.252078306327746,0.247123347902761
20280008,20284008,30,106,1811.55339802552,0.399269381733662,0.367451107797334,0.00191819219744052,0.000338404110068626,0.252078306327746,0.247123347902761
20280008,20284008,30,107,1810.26557057817,0.39898554242247,0.368319588105743,0.00190190252407733,0.000335531051684163,0.252078306327746,0.247123347902761
20280008,20284008,30,108,1808.99810795233,0.398706191551809,0.36918024710876,0.00188591265681855,0.000332710859578428,0.252078306327746,0.247123347902761
20280008,20284008,30,109,1807.75048922779,0.398431214309994,0.370033231738212,0.00187021349193147,0.000329941928676617,0.252078306327746,0.247123347902761
20280008,20284008,30,110,1806.52221253234,0.398160500083562,0.370878684890981,0.0018547964874601,0.000327222752966357,0.252078306327746,0.247123347902761
20280008,20284008,30,111,1805.31279392638,0.397893942211415,0.37171674557357,0.00183965362565755,0.00032455191887213,0.252078306327746,0.247123347902761
20280008,20284008,30,112,1804.12176636729,0.397631437756583,0.372547549043774,0.0018247773753421,0.000321928098616193,0.252078306327746,0.247123347902761
20280008,20284008,30,113,1802.94867875057,0.397372887294887,0.373371226949001,0.00181016065462292,0.000319350043644644,0.252078306327746,0.247123347902761
20280008,20284008,30,114,1801.79309502427,0.39711819471975,0.374187907460854,0.00179579679435763,0.000316816578182519,0.252078306327746,0.247123347902761
20280008,20284008,30,115,1800.65459337288,0.396867267062332,0.374997715405626,0.00178167950263116,0.000314326592969029,0.252078306327746,0.247123347902761
20280008,20284008,30,116,1799.53276546696,0.396620014326147,0.375800772390442,0.00176780283048191,0.000311879039212745,0.252078306327746,0.247123347902761
20280008,20284008,30,117,1798.42721577457,0.396376349335295,0.376597196924829,0.0017541611390505,0.000309472922797717,0.252078306327746,0.247123347902761
20280008,20284008,30,118,1797.33756093051,0.39613618759545,0.377387104537555,0.00174074906828521,0.000307107298764131,0.252078306327746,0.247123347902761
20280008,20284008,30,119,1796.26342915949,0.395899447166722,0.378170607888619,0.00172756150730932,0.000304781266082103,0.252078306327746,0.247123347902761
20280008,20284008,30,120,1795.20445974942,0.395666048547561,0.378947816876317,0.00171459356653314,0.000302493962733192,0.252078306327746,0.247123347902761
20280008,20284008,30,121,1794.16030257079,0.395435914568846,0.379718838739363,0.0017018405515776,0.000300244561111438,0.252078306327746,0.247123347902761
20280008,20284008,30,122,1793.13061763871,0.395208970297337,0.380483778154052,0.00168929793906367,0.000298032263753503,0.252078306327746,0.247123347902761
20280008,20284008,30,123,1792.1150747137,0.394985142947707,0.381242737326502,0.00167696135431247,0.000295856299405816,0.252078306327746,0.247123347902761
20280008,20284008,30,124,1791.11335293788,0.394764361802345,0.381995816080041,0.00166482655098918,0.000293715919434589,0.252078306327746,0.247123347902761
20280008,20284008,30,125,1790.12514050307,0.39454655813821,0.382743111937814,0.00165288939271383,0.000291610394582752,0.252078306327746,0.247123347902761
20280008,20284008,30,126,1789.15013434752,0.394331665159987,0.38348472020072,0.001641145836648,0.00028953901207541,0.252078306327746,0.247123347902761
20280008,20284008,30,127,1788.18803987811,0.394119617938861,0.384220734020816,0.001629591919052,0.000287501073072887,0.252078306327746,0.247123347902761
20280008,20284008,30,128,1787.23857071501,0.393910353356245,0.384951244470321,0.00161822374278966,0.000285495890467288,0.252078306327746,0.247123347902761
20280008,20284008,30,129,1786.30144845606,0.393703810051836,0.385676340606397,0.00160703746673914,0.000283522787015275,0.252078306327746,0.247123347902761
20280008,20284008,30,130,1785.376402458,0.393499928375412,0.386396109531885,0.00159602929704983,0.000281581093796475,0.252078306327746,0.247123347902761
20280008,20284008,30,131,1784.46316963229,0.393298650341821,0.387110636452192,0.00158519548016452,0.000279670148983265,0.252078306327746,0.247123347902761
20280008,20284008,30,132,1783.56149425309,0.393099919588662,0.387820004728542,0.00157453229750866,0.000277789296904615,0.252078306327746,0.247123347902761
20280008,20284008,30,133,1782.67112777536,0.392903681336195,0.388524295927799,0.00156403606173113,0.000275937887383615,0.252078306327746,0.247123347902761
20280008,20284008,30,134,1781.79182866123,0.392709882349071,0.389223589869101,0.00155370311436598,0.000274115275325632,0.252078306327746,0.247123347902761
20280008,20284008,30,135,1780.92336221293,0.392518470899512,0.389917964667531,0.0015435298247733,0.000272320820532104,0.252078306327746,0.247123347902761
20280008,20284008,30,136,1780.06550041089,0.392329396731626,0.390607496775061,0.00153351259020857,0.000270553887713384,0.252078306327746,0.247123347902761
20280008,20284008,30,137,1779.21802175574,0.392142611026583,0.391292261019007,0.00152364783686504,0.000268813846673202,0.252078306327746,0.247123347902761
20280008,20284008,30,138,1778.38071111317,0.391958066368421,0.391972330638225,0.00151393202173201,0.000267100072637056,0.252078306327746,0.247123347902761
20280008,20284008,30,139,1777.55335956073,0.39177571671029,0.392647777317283,0.00150436163511438,0.000265411946697212,0.252078306327746,0.247123347902761
20280008,20284008,30,140,1776.73576423613,0.391595517340998,0.393318671218828,0.00149493320366351,0.0002637488563479,0.252078306327746,0.247123347902761
20280008,20284008,30,141,1775.92772818621,0.391417424851745,0.393985081014366,0.00148564329377794,0.000262110196085726,0.252078306327746,0.247123347902761
20280008,20284008,30,142,1775.12906021651,0.391241397102951,0.394647073913649,0.00147648851524232,0.000260495368052086,0.252078306327746,0.247123347902761
20280008,20284008,30,143,1774.33957474105,0.391067393191161,0.395304715692879,0.00146746552498561,0.000258903782696609,0.252078306327746,0.247123347902761
20280008,20284008,30,144,1773.55909163232,0.390895373415968,0.395958070721886,0.00145857103085307,0.000257334859442988,0.252078306327746,0.247123347902761
20280008,20284008,30,145,1772.78743607134,0.390725299246982,0.39660720199046,0.00144980179529974,0.000255788027340969,0.252078306327746,0.247123347902761
20280008,20284008,30,146,1772.02443839805,0.390557133290842,0.39725217113398,0.00144115463892928,0.000254262725691018,0.252078306327746,0.247123347902761
20280008,20284008,30,147,1771.26993396199,0.390390839258311,0.397893038458472,0.00143262644381449,0.000252758404630458,0.252078306327746,0.247123347902761
20280008,20284008,30,148,1770.52376297356,0.390226381931499,0.398529862965222,0.00142421415655089,0.000251274525672512,0.252078306327746,0.247123347902761
20280008,20284008,30,149,1769.78577035607,0.390063727131243,0.399162702375042,0.00141591479100647,0.0002498105621917,0.252078306327746,0.247123347902761
20280008,20284008,30,150,1769.05580559881,0.389902841684733,0.399791613152273,0.00140772543074294,0.000248365999851292,0.252078306327746,0.247123347902761
20280008,20284008,30,151,1768.33372261139,0.389743693393404,0.400416650528612,0.00139964323109369,0.000246940336970167,0.252078306327746,0.247123347902761
20280008,20284008,30,152,1767.61937957968,0.389586251001184,0.40103786852682,0.001391665420893,0.000245533084828147,0.252078306327746,0.247123347902761
20280008,20284008,30,153,1766.9126388235,0.389430484163136,0.401655319984346,0.00138378930385811,0.00024414376791006,0.252078306327746,0.247123347902761
20280008,20284008,30,154,1766.21336665643,0.38927636341455,0.402269056576926,0.00137601225963243,0.000242771924090021,0.252078306327746,0.247123347902761
20280008,20284008,30,155,1765.52143324793,0.389123860140555,0.40287912884217,0.00136833174450227,0.000241417104758104,0.252078306327746,0.247123347902761
20280008,20284008,30,156,1764.83671248788,0.388972946546276,0.403485586203147,0.00136074529180435,0.000240078874892439,0.252078306327746,0.247123347902761
20280008,20284008,30,157,1764.15908185396,0.388823595627586,0.404088476991996,0.00135325051204246,0.000238756813080009,0.252078306327746,0.247123347902761
20280008,20284008,30,158,1763.48842228183,0.388675781142511,0.404687848473541,0.00134584509273518,0.000237450511489963,0.252078306327746,0.247123347902761
20280008,20284008,30,159,1762.82461803841,0.388529477583283,0.405283746868921,0.00133852679801564,0.000236159575803209,0.252078306327746,0.247123347902761
20280008,20284008,30,160,1762.16755659828,0.388384660149114,0.405876217379204,0.00133129346800643,0.0002348836251023,0.252078306327746,0.247123347902761
20280008,20284008,30,161,1761.51712852337,0.388241304719671,0.406465304208992,0.0013241430179916,0.000233622291725537,0.252078306327746,0.247123347902761
20280008,20284008,30,162,1760.87322734603,0.38809938782931,0.407051050589973,0.00131707343740722,0.000232375221089041,0.252078306327746,0.247123347902761
20280008,20284008,30,163,1760.23574945554,0.387958886642051,0.407633498804404,0.00131008278867202,0.000231142071480614,0.252078306327746,0.247123347902761
20280008,20284008,30,164,1759.604593988,0.387819778927326,0.408212690208508,0.00130316920587761,0.000229922513828816,0.252078306327746,0.247123347902761
20280008,20284008,30,165,1758.97966271984,0.387682043036494,0.40878866525574,0.00129633089335763,0.000228716231450691,0.252078306327746,0.247123347902761
20280008,20284008,30,166,1758.36085996473,0.387545657880132,0.409361463519903,0.00128956612415339,0.000227522919781192,0.252078306327746,0.247123347902761
20280008,20284008,30,167,1757.74809247407,0.387410602906092,0.409931123718086,0.00128287323839263,0.00022634228608732,0.252078306327746,0.247123347902761
20280008,20284008,30,168,1757.14126934092,0.387276858078335,0.410497683733383,0.00127625064159716,0.000225174049169667,0.252078306327746,0.247123347902761
20280008,20284008,30,169,1756.54030190742,0.387144403856518,0.411061180637381,0.00126969680293305,0.000224017939053854,0.252078306327746,0.247123347902761
20280008,20284008,30,170,1755.94510367558,0.387013221176341,0.411621650712368,0.00126321025341716,0.000222873696674239,0.252078306327746,0.247123347902761
20280008,20284008,30,171,1755.35559022148,0.386883291430633,0.412179129473248,0.00125678958409143,0.000221741073551944,0.252078306327746,0.247123347902761
20280008,20284008,30,172,1754.77167911275,0.38675459645116,0.412733651689142,0.00125043344417621,0.000220619831469175,0.252078306327746,0.247123347902761
20280008,20284008,30,173,1754.19328982929,0.386627118491162,0.413285251404627,0.00124414053921238,0.000219509742141563,0.252078306327746,0.247123347902761
20280008,20284008,30,174,1753.6203436872,0.386500840208575,0.413833961960617,0.001237909629201,0.000218410586890067,0.252078306327746,0.247123347902761
20280008,20284008,30,175,1753.05276376575,0.38637574464994,0.414379816014852,0.0012317395267484,0.000217322156313827,0.252078306327746,0.247123347902761
20280008,20284008,30,176,1752.49047483737,0.386251815234978,0.414922845561981,0.00122562909522384,0.000216244249965241,0.252078306327746,0.247123347902761
20280008,20284008,30,177,1751.93340330062,0.386129035741807,0.415463081953213,0.0012195772469353,0.000215176676028223,0.252078306327746,0.247123347902761
20280008,20284008,30,178,1751.38147711594,0.386007390292791,0.416000555915548,0.00121358294132893,0.000214119251000648,0.252078306327746,0.247123347902761
20280008,20284008,30,179,1750.8346257442,0.385886863340988,0.416535297570539,0.00120764518321611,0.000213071799381644,0.252078306327746,0.247123347902761
20280008,20284008,30,180,1750.29278008792,0.385767439657195,0.417067336452614,0.00120176302103195,0.000212034153364458,0.252078306327746,0.247123347902761
20280008,20284008,30,181,1749.75587243501,0.385649104317559,0.417596701526919,0.00119593554512759,0.000211006152535244,0.252078306327746,0.247123347902761
20280008,20284008,30,182,1749.2238364051,0.385531842691733,0.418123421206696,0.00119016188609865,0.000209987643578258,0.252078306327746,0.247123347902761
20280008,20284008,30,183,1748.69660689819,0.38541564043157,0.418647523370189,0.00118444121315107,0.00020897847998763,0.252078306327746,0.247123347902761
20280008,20284008,30,184,1748.17412004566,0.385300483460322,0.419169035377072,0.00117877273250515,0.000207978521785866,0.252078306327746,0.247123347902761
20280008,20284008,30,185,1747.65631316355,0.385186357962335,0.419687984084397,0.00117315568583809,0.000206987635249165,0.252078306327746,0.247123347902761
20280008,20284008,30,186,1747.14312470789,0.385073250373221,0.420204395862078,0.00116758934876487,0.000206005692639464,0.252078306327746,0.247123347902761
20280008,20284008,30,187,1746.63449423225,0.384961147370481,0.420718296607897,0.0011620730293569,0.000205032571943172,0.252078306327746,0.247123347902761
20280008,20284008,30,188,1746.13036234716,0.384850035864581,0.421229711762049,0.00115660606669743,0.000204068156616366,0.252078306327746,0.247123347902761
20280008,20284008,30,189,1745.63067068153,0.384739902990437,0.421738666321223,0.0011511878294726,0.000203112335336282,0.252078306327746,0.247123347902761
20280008,20284008,30,190,1745.13536184594,0.38463073609932,0.422245184852235,0.00114581771459685,0.000202165001758864,0.252078306327746,0.247123347902761
20280008,20284008,30,191,1744.64437939762,0.384522522751154,0.422749291505208,0.00114049514587104,0.000201226054282073,0.252078306327746,0.247123347902761
20280008,20284008,30,192,1744.15766780728,0.384415250707188,0.423251010026323,0.00113521957267167,0.0002002953958147,0.252078306327746,0.247123347902761
20280008,20284008,30,193,1743.67517242748,0.384308907923039,0.423750363770136,0.00112999046866993,0.000199372933550411,0.252078306327746,0.247123347902761
20280008,20284008,30,194,1743.19683946271,0.384203482542084,0.424247375711481,0.00112480733057846,0.000198458578746696,0.252078306327746,0.247123347902761
20280008,20284008,30,195,1742.7226159409,0.384098962889192,0.424742068456957,0.00111966967692489,0.000197552246508544,0.252078306327746,0.247123347902761
20280008,20284008,30,196,1742.25244968651,0.383995337464788,0.425234464256024,0.00111457704685055,0.000196653855576536,0.252078306327746,0.247123347902761
20280008,20284008,30,197,1741.78628929502,0.383892594939227,0.425724585011706,0.0011095289989332,0.000195763328119196,0.252078306327746,0.247123347902761
20280008,20284008,30,198,1741.32408410874,0.383790724147476,0.426212452290914,0.00110452511003277,0.00019488058952938,0.252078306327746,0.247123347902761
20280008,20284008,30,199,1740.86578419411,0.383689714084087,0.426698087334408,0.00109956497415934,0.0001940055682246,0.252078306327746,0.247123347902761
20280008,20284008,30,200,1740.41134032009,0.383589553898464,0.427181511066392,0.00109464820136299,0.0001931381954512,0.252078306327746,0.247123347902761
20280008,20284008,30,201,1739.96070393795,0.383490232890384,0.427662744103769,0.00108977441664486,0.000192278405092263,0.252078306327746,0.247123347902761
20280008,20284008,30,202,1739.51382716219,0.383391740505803,0.428141806765052,0.00108494325888973,0.000191426133479328,0.252078306327746,0.247123347902761
20280008,20284008,30,203,1739.0706627526,0.383294066332899,0.428618719078953,0.0010801543798198,0.000190581319207836,0.252078306327746,0.247123347902761
20280008,20284008,30,204,1738.63116409744,0.383197200098368,0.429093500792645,0.0010754074429708,0.000189743902956511,0.252078306327746,0.247123347902761
20280008,20284008,30,205,1738.19528519773,0.383101131663958,0.429566171379723,0.00107070212269008,0.000188913827310626,0.252078306327746,0.247123347902761
20280008,20284008,30,206,1737.76298065249,0.383005851023217,0.430036750047857,0.00106603810315828,0.000188091036589424,0.252078306327746,0.247123347902761
20280008,20284008,30,207,1737.33420564501,0.382911348298471,0.430505255746155,0.00106141507743512,0.000187275476677786,0.252078306327746,0.247123347902761
20280008,20284008,30,208,1736.90891593009,0.382817613738,0.430971707172245,0.00105683274653052,0.000186467094862376,0.252078306327746,0.247123347902761
20280008,20284008,30,209,1736.48706782209,0.382724637713417,0.431436122779075,0.00105229081850225,0.000185665839672462,0.252078306327746,0.247123347902761
20280008,20284008,30,210,1736.06861818393,0.382632410717239,0.431898520781448,0.00104778900758142,0.000184871660725646,0.252078306327746,0.247123347902761
20280008,20284008,30,211,1735.65352441687,0.382540923360633,0.432358919162297,0.00104332703332723,0.000184084508578753,0.252078306327746,0.247123347902761
20280008,20284008,30,212,1735.24174445107,0.382450166371337,0.432817335678699,0.0010389046198123,0.00018330433458413,0.252078306327746,0.247123347902761
20280008,20284008,30,213,1734.83323673691,0.382360130591743,0.433273787867652,0.00103452149484011,0.000182531090751573,0.252078306327746,0.247123347902761
20280008,20284008,30,214,1734.42796023695,0.382270806977135,0.433728293051605,0.00103017738919565,0.000181764729616162,0.252078306327746,0.247123347902761
20280008,20284008,30,215,1734.02587441864,0.382182186594067,0.434180868343753,0.00102587203593105,0.000181005204112221,0.252078306327746,0.247123347902761
20280008,20284008,30,216,1733.62693924755,0.382094260618885,0.434631530653113,0.00102160516968696,0.000180252467453615,0.252078306327746,0.247123347902761
20280008,20284008,30,217,1733.23111518122,0.382007020336369,0.43508029668937,0.0010173765260512,0.000179506473020607,0.252078306327746,0.247123347902761
20280008,20284008,30,218,1732.83836316359,0.381920457138495,0.435527182967509,0.00101318584095555,0.000178767174253449,0.252078306327746,0.247123347902761
20280008,20284008,30,219,1732.44864461984,0.381834562523307,0.435972205812248,0.0010090328501115,0.000178034524552839,0.252078306327746,0.247123347902761
20280008,20284008,30,220,1732.06192145172,0.38174932809389,0.436415381362255,0.00100491728848591,0.000177308477187436,0.252078306327746,0.247123347902761
20280008,20284008,30,221,1731.67815603334,0.381664745557437,0.436856725574179,0.00100083888981692,0.000176588985208453,0.252078306327746,0.247123347902761
20280008,20284008,30,222,1731.2973112073,0.381580806724393,0.437296254226479,0.000996797386170809,0.000175876001371495,0.252078306327746,0.247123347902761
20280008,20284008,30,223,1730.91935028117,0.381497503507682,0.437733982923085,0.000992792507539734,0.000175169478065591,0.252078306327746,0.247123347902761
20280008,20284008,30,224,1730.54423702425,0.381414827922003,0.438169927096861,0.000988823981480635,0.000174469367249507,0.252078306327746,0.247123347902761
20280008,20284008,30,225,1730.17193566467,0.381332772083176,0.438604102012908,0.000984891532794948,0.000173775620395242,0.252078306327746,0.247123347902761
20280008,20284008,30,226,1729.80241088669,0.381251328207549,0.439036522771696,0.000980994883249134,0.000173088188438735,0.252078306327746,0.247123347902761
20280008,20284008,30,227,1729.43562782817,0.381170488611452,0.439467204312036,0.000977133751335141,0.000172407021737617,0.252078306327746,0.247123347902761
20280008,20284008,30,228,1729.07155207828,0.381090245710678,0.439896161413893,0.000973307852070459,0.000171732070035941,0.252078306327746,0.247123347902761
20280008,20284008,30,229,1728.71014967529,0.381010592020008,0.440323408701057,0.000969516896836766,0.000171063282435728,0.252078306327746,0.247123347902761
20280008,20284008,30,230,1728.35138710455,0.380931520152755,0.440748960643665,0.000965760593256149,0.000170400607375142,0.252078306327746,0.247123347902761
20280008,20284008,30,231,1727.99523129645,0.380853022820325,0.44117283156059,0.000962038645103982,0.000169743992613125,0.252078306327746,0.247123347902761
20280008,20284008,30,232,1727.64164962455,0.380775092831794,0.441595035621695,0.000958350752256804,0.000169093385220216,0.252078306327746,0.247123347902761
20280008,20284008,30,233,1727.29060990368,0.380697723093497,0.442015586849965,0.000954696610674245,0.000168448731575372,0.252078306327746,0.247123347902761
20280008,20284008,30,234,1726.94208038805,0.38062090660861,0.442434499123525,0.000951075912413108,0.000167809977368463,0.252078306327746,0.247123347902761
20280008,20284008,30,235,1726.5960297694,0.38054463647674,0.44285178617753,0.000947488345672284,0.000167177067608209,0.252078306327746,0.247123347902761
20280008,20284008,30,236,1726.25242717506,0.380468905893501,0.44326746160597,0.000943933594866513,0.000166549946635201,0.252078306327746,0.247123347902761
20280008,20284008,30,237,1725.91124216604,0.380393708150084,0.443681538863353,0.000940411340727578,0.000165928558139772,0.252078306327746,0.247123347902761
20280008,20284008,30,238,1725.57244473495,0.380319036632816,0.444094031266309,0.000936921260430766,0.000165312845184312,0.252078306327746,0.247123347902761
20280008,20284008,30,239,1725.23600530397,0.380244884822691,0.444504951995092,0.000933463027744925,0.000164702750229759,0.252078306327746,0.247123347902761
20280008,20284008,30,240,1724.90189472259,0.380171246294895,0.444914314095011,0.000930036313204234,0.000164098215165913,0.252078306327746,0.247123347902761
20280008,20284008,30,241,1724.57008426542,0.380098114718296,0.445322130477774,0.000926640784299639,0.000163499181345223,0.252078306327746,0.247123347902761
20280008,20284008,30,242,1724.24054562967,0.38002548385492,0.445728413922765,0.000923276105688044,0.000162905589619707,0.252078306327746,0.247123347902761
20280008,20284008,30,243,1723.91325093275,0.379953347559393,0.44613317707825,0.000919941939417532,0.000162317380380692,0.252078306327746,0.247123347902761
20280008,20284008,30,244,1723.58817270952,0.379881699778353,0.446536432462523,0.000916637945166425,0.000161734493601011,0.252078306327746,0.247123347902761
20280008,20284008,30,245,1723.26528390956,0.379810534549842,0.446938192465002,0.000913363780494559,0.000161156868879341,0.252078306327746,0.247123347902761
20280008,20284008,30,246,1722.94455789422,0.379739846002658,0.447338469347262,0.000910119101104711,0.000160584445486338,0.252078306327746,0.247123347902761
20280008,20284008,30,247,1722.62596843357,0.379669628355683,0.447737275244029,0.000906903561112628,0.000160017162412291,0.252078306327746,0.247123347902761
20280008,20284008,30,248,1722.30948970319,0.379599875917168,0.448134622164135,0.000903716813323636,0.00015945495841593,0.252078306327746,0.247123347902761
20280008,20284008,30,249,1721.9950962808,0.379530583084005,0.448530521991427,0.000900558509514395,0.000158897772074151,0.252078306327746,0.247123347902761
20280008,20284008,30,250,1721.68276314279,0.379461744340943,0.448924986485648,0.000897428300718085,0.00015834554183234,0.252078306327746,0.247123347902761
20280008,20284008,30,251,1721.37246566053,0.379393354259795,0.449318027283293,0.000894325837511283,0.000157798206054996,0.252078306327746,0.247123347902761
20280008,20284008,30,252,1721.06417959665,0.379325407498601,0.449709655898432,0.000891250770301462,0.000157255703076466,0.252078306327746,0.247123347902761
20280008,20284008,30,253,1720.75788110104,0.379257898800761,0.450099883723515,0.000888202749613427,0.000156717971251489,0.252078306327746,0.247123347902761
20280008,20284008,30,254,1720.45354670686,0.379190822994144,0.450488722030167,0.000885181426373352,0.00015618494900532,0.252078306327746,0.247123347902761
20280008,20284008,30,255,1720.15115332633,0.379124174990162,0.450876181969953,0.000882186452189389,0.000155656574883245,0.252078306327746,0.247123347902761
20280008,20284008,30,256,1719.85067824639,0.379057949782822,0.451262274575148,0.000879217479627624,0.000155132787599278,0.252078306327746,0.247123347902761
20280008,20284008,30,257,1719.55209912432,0.378992142447748,0.45164701075949,0.000876274162482266,0.000154613526083842,0.252078306327746,0.247123347902761
20280008,20284008,30,258,1719.25539398314,0.378926748141179,0.452030401318926,0.000873356156039037,0.000154098729530244,0.252078306327746,0.247123347902761
20280008,20284008,30,259,1718.96054120699,0.378861762098944,0.452412456932365,0.000870463117331359,0.000153588337439885,0.252078306327746,0.247123347902761
20280008,20284008,30,260,1718.66751953637,0.378797179635412,0.452793188162417,0.000867594705387806,0.000153082289665924,0.252078306327746,0.247123347902761
20280008,20284008,30,261,1718.37630806329,0.378732996142429,0.453172605456147,0.000864750581470717,0.000152580526455387,0.252078306327746,0.247123347902761
20280008,20284008,30,262,1718.08688622634,0.378669207088226,0.453550719145819,0.000861930409305156,0.000152082988489569,0.252078306327746,0.247123347902761
20280008,20284008,30,263,1717.7992338057,0.378605808016319,0.453927539449661,0.000859133855297637,0.000151589616922632,0.252078306327746,0.247123347902761
20280008,20284008,30,264,1717.51333091802,0.378542794544388,0.45430307647262,0.000856360588744092,0.000151100353418302,0.252078306327746,0.247123347902761
20280008,20284008,30,265,1717.22915801133,0.378480162363143,0.454677340207141,0.000853610282027066,0.000150615140184672,0.252078306327746,0.247123347902761
20280008,20284008,30,266,1716.94669585981,0.378417907235184,0.45505034053394,0.000850882610801307,0.000150133920006945,0.252078306327746,0.247123347902761
20280008,20284008,30,267,1716.66592555859,0.378356024993842,0.455422087222803,0.000848177254168007,0.000149656636278189,0.252078306327746,0.247123347902761
20280008,20284008,30,268,1716.38682851842,0.37829451154202,0.455792589933388,0.000845493894837135,0.00014918323302798,0.252078306327746,0.247123347902761
20280008,20284008,30,269,1716.10938646041,0.37823336285102,0.456161858216035,0.000842832219278193,0.000148713654949009,0.252078306327746,0.247123347902761
20280008,20284008,30,270,1715.83358141071,0.378172574959372,0.456529901512601,0.000840191917858824,0.000148247847421536,0.252078306327746,0.247123347902761
20280008,20284008,30,271,1715.55939569511,0.378112143971653,0.456896729157298,0.000837572684971784,0.000147785756535804,0.252078306327746,0.247123347902761
20280008,20284008,30,272,1715.28681193376,0.378052066057315,0.45726235037755,0.00083497421915016,0.000147327329112372,0.252078306327746,0.247123347902761
20280008,20284008,30,273,1715.01581303577,0.377992337449498,0.457626774294862,0.000832396223170721,0.000146872512720347,0.252078306327746,0.247123347902761
20280008,20284008,30,274,1714.74638219391,0.37793295444386,0.457990009925704,0.000829838404146103,0.000146421255693661,0.252078306327746,0.247123347902761
20280008,20284008,30,275,1714.47850287925,0.377873913397397,0.458352066182406,0.000827300473605468,0.000145973507145305,0.252078306327746,0.247123347902761
20280008,20284008,30,276,1714.21215883589,0.37781521072728,0.458712951874073,0.000824782147564325,0.000145529216979646,0.252078306327746,0.247123347902761
20280008,20284008,30,277,1713.94733407563,0.377756842909688,0.45907267570751,0.000822283146583573,0.000145088335902856,0.252078306327746,0.247123347902761
20280008,20284008,30,278,1713.6840128728,0.377698806478652,0.459431246288158,0.000819803195818066,0.00014465081543148,0.252078306327746,0.247123347902761
20280008,20284008,30,279,1713.42217975898,0.37764109802491,0.459788672121047,0.000817342025055164,0.00014421660789924,0.252078306327746,0.247123347902761
20280008,20284008,30,280,1713.16181951789,0.377583714194765,0.460144961611765,0.000814899368743634,0.000143785666462141,0.252078306327746,0.247123347902761
20280008,20284008,30,281,1712.90291718023,0.377526651688962,0.460500123067427,0.000812474966013052,0.000143357945101897,0.252078306327746,0.247123347902761
20280008,20284008,30,282,1712.64545801867,0.377469907261572,0.460854164697672,0.000810068560684585,0.000142933398627832,0.252078306327746,0.247123347902761
20280008,20284008,30,283,1712.38942754282,0.37741347771889,0.461207094615657,0.000807679901272947,0.000142511982677236,0.252078306327746,0.247123347902761
20280008,20284008,30,284,1712.1348114943,0.377357359918341,0.461558920839071,0.000805308740980447,0.000142093653714311,0.252078306327746,0.247123347902761
20280008,20284008,30,285,1711.88159584184,0.377301550767414,0.461909651291153,0.000802954837683526,0.000141678369027799,0.252078306327746,0.247123347902761
20280008,20284008,30,286,1711.62976677653,0.377246047222601,0.46225929380172,0.000800617953911778,0.000141266086727287,0.252078306327746,0.247123347902761
20280008,20284008,30,287,1711.37931070703,0.377190846288347,0.462607856108211,0.000798297856820605,0.000140856765738383,0.252078306327746,0.247123347902761
20280008,20284008,30,288,1711.13021425495,0.377135945016034,0.462955345856722,0.00079599431815732,0.000140450365796738,0.252078306327746,0.247123347902761
20280008,20284008,30,289,1710.88246425025,0.377081340502964,0.463301770603069,0.00079370711422142,0.000140046847441035,0.252078306327746,0.247123347902761
20280008,20284008,30,290,1710.63604772676,0.37702702989137,0.463647137813837,0.000791436025819581,0.000139646172005059,0.252078306327746,0.247123347902761
20280008,20284008,30,291,1710.39095191775,0.376973010367442,0.463991454867446,0.000789180838215513,0.000139248301608845,0.252078306327746,0.247123347902761
20280008,20284008,30,292,1710.14716425157,0.376919279160372,0.464334729055222,0.000786941341075422,0.000138853199149062,0.252078306327746,0.247123347902761
20280008,20284008,30,293,1709.90467234745,0.376865833541415,0.464676967582462,0.000784717328409159,0.000138460828288625,0.252078306327746,0.247123347902761
20280008,20284008,30,294,1709.6634640113,0.376812670822971,0.465018177569511,0.000782508598507834,0.000138071153445701,0.252078306327746,0.247123347902761
20280008,20284008,30,295,1709.42352723163,0.37675978835769,0.465358366052839,0.000780314953877903,0.000137684139782071,0.252078306327746,0.247123347902761
20280008,20284008,30,296,1709.18485017555,0.376707183537585,0.465697539986112,0.000778136201172541,0.000137299753191027,0.252078306327746,0.247123347902761
20280008,20284008,30,297,1708.9474211849,0.376654853793176,0.466035706241275,0.000775972151120158,0.000136917960284766,0.252078306327746,0.247123347902761
20280008,20284008,30,298,1708.7112287724,0.376602796592647,0.466372871609626,0.00077382261845096,0.000136538728381427,0.252078306327746,0.247123347902761
20280008,20284008,30,299,1708.47626161791,0.376551009441022,0.466709042802888,0.000771687421821336,0.000136162025491759,0.252078306327746,0.247123347902761
20280008,20284008,30,300,1708.24250856482,0.376499489879365,0.467044226454289,0.00076956638373702,0.000135787820305559,0.252078306327746,0.247123347902761
20280008,20284008,30,301,1708.00995861646,0.37644823548399,0.467378429119625,0.000767459330474598,0.000135416082177831,0.252078306327746,0.247123347902761
20280008,20284008,30,302,1707.77860093263,0.376397243865701,0.467711657278333,0.00076536609200234,0.000135046781114815,0.252078306327746,0.247123347902761
20280008,20284008,30,303,1707.54842482623,0.376346512669042,0.468043917334549,0.000763286501900208,0.000134679887759878,0.252078306327746,0.247123347902761
20280008,20284008,30,304,1707.31941975993,0.376296039571569,0.468375215618168,0.000761220397279291,0.0001343153733793,0.252078306327746,0.247123347902761
20280008,20284008,30,305,1707.09157534297,0.376245822283141,0.468705558385898,0.000759167618701288,0.000133953209848069,0.252078306327746,0.247123347902761
20280008,20284008,30,306,1706.86488132801,0.376195858545229,0.469034951822305,0.000757128010097615,0.000133593369635611,0.252078306327746,0.247123347902761
20280008,20284008,30,307,1706.63932760808,0.376146146130236,0.469363402040851,0.000755101418689101,0.000133235825791622,0.252078306327746,0.247123347902761
20280008,20284008,30,308,1706.41490421359,0.37609668284085,0.469690915084929,0.000753087694905607,0.000132880551931889,0.252078306327746,0.247123347902761
20280008,20284008,30,309,1706.19160130943,0.376047466509396,0.470017496928888,0.000751086692306575,0.000132527522224274,0.252078306327746,0.247123347902761
20280008,20284008,30,310,1705.96940919214,0.375998494997216,0.470343153479049,0.000749098267502016,0.00013217671137477,0.252078306327746,0.247123347902761
20280008,20284008,30,311,1705.74831828719,0.375949766194068,0.470667890574711,0.000747122280074464,0.000131828094613739,0.252078306327746,0.247123347902761
20280008,20284008,30,312,1705.52831914627,0.375901278017526,0.470991713989154,0.000745158592501621,0.000131481647682263,0.252078306327746,0.247123347902761
20280008,20284008,30,313,1705.3094024447,0.375853028412417,0.471314629430624,0.000743207070080381,0.000131137346818736,0.252078306327746,0.247123347902761
20280008,20284008,30,314,1705.09155897889,0.375805015350255,0.471636642543317,0.000741267580851601,0.000130795168745602,0.252078306327746,0.247123347902761
20280008,20284008,30,315,1704.87477966389,0.375757236828702,0.47195775890834,0.000739339995526385,0.00013045509065634,0.252078306327746,0.247123347902761
20280008,20284008,30,316,1704.65905553097,0.375709690871035,0.47227798404468,0.000737424187413484,0.000130117090202664,0.252078306327746,0.247123347902761
20280008,20284008,30,317,1704.44437772533,0.375662375525639,0.472597323410143,0.000735520032347918,0.000129781145481925,0.252078306327746,0.247123347902761
20280008,20284008,30,318,1704.23073750377,0.3756152888655,0.472915782402291,0.00073362740862123,0.000129447235024811,0.252078306327746,0.247123347902761
20280008,20284008,30,319,1704.01812623252,0.375568428987722,0.473233366359372,0.000731746196912857,0.000129115337783239,0.252078306327746,0.247123347902761
20280008,20284008,30,320,1703.80653538512,0.375521794013056,0.473550080561228,0.000729876280222961,0.000128785433118504,0.252078306327746,0.247123347902761
20280009,20284009,25,10,4269.38477371778,1,0.257503711169387,NaN,NaN,0.252446739418993,0.24709964492946
20280009,20284009,25,11,3669.79039873424,0.859559536850688,0.242147295853594,0.0513254073357912,0.00909031237765064,0.252446739418993,0.24709964492946
20280009,20284009,25,12,3402.90526565159,0.79704815705527,0.235798611005866,0.0343684175769385,0.00607438898666763,0.252446739418993,0.24709964492946
20280009,20284009,25,13,3235.53261531571,0.757845166646389,0.233445890997931,0.0272136158707051,0.00480518008834718,0.252446739418993,0.24709964492946
20280009,20284009,25,14,3116.29819309207,0.72991739050458,0.233331555190471,0.0227892396197273,0.00402173810964259,0.252446739418993,0.24709964492946
20280009,20284009,25,15,3024.98882478182,0.708530382036204,0.23455910049256,0.0196772084213547,0.00347137960597556,0.252446739418993,0.24709964492946
20280009,20284009,25,16,2951.77334352205,0.691381428465545,0.236615157242583,0.0173453339407686,0.00305935640661842,0.252446739418993,0.24709964492946
20280009,20284009,25,17,2891.28060843095,0.677212470103326,0.23918806602966,0.0155186364923704,0.00273679885090849,0.252446739418993,0.24709964492946
20280009,20284009,25,18,2840.27357205208,0.665265306968049,0.242080570332741,0.0140402030550523,0.00247585756518533,0.252446739418993,0.24709964492946
20280009,20284009,25,19,2796.62278791304,0.65504116778815,0.24516363516591,0.0128148790321848,0.00225966194184735,0.252446739418993,0.24709964492946
20280009,20284009,25,20,2758.81967380562,0.646186703711701,0.248350673657338,0.0117846366876692,0.00207793079347583,0.252446739418993,0.24709964492946
20280009,20284009,25,21,2725.74008572174,0.638438611225982,0.251582779055675,0.0109107104373095,0.00192380098985918,0.252446739418993,0.24709964492946
20280009,20284009,25,22,2696.52544871741,0.631595789940777,0.254819808956076,0.0101626640146718,0.00179188962350301,0.252446739418993,0.24709964492946
20280009,20284009,25,23,2670.51141892003,0.625502633391027,0.258034573584415,0.00951575826090465,0.00167782491474145,0.252446739418993,0.24709964492946
20280009,20284009,25,24,2647.17652304447,0.620036999087178,0.261208891621215,0.00895107980575919,0.00157826619079515,0.252446739418993,0.24709964492946
20280009,20284009,25,25,2626.10442803426,0.615101371092267,0.264330905809303,0.00845472302855327,0.0014907580720512,0.252446739418993,0.24709964492946
20280009,20284009,25,26,2606.9577857682,0.610616733777794,0.267393243236866,0.00801614700475868,0.00141343984525188,0.252446739418993,0.24709964492946
20280009,20284009,25,27,2589.46049016307,0.606518415979679,0.270391719352612,0.00762683975948391,0.00134480940221056,0.252446739418993,0.24709964492946
20280009,20284009,25,28,2573.38508954347,0.602753142650706,0.273324398417969,0.00727964396383603,0.00128360401890781,0.252446739418993,0.24709964492946
20280009,20284009,25,29,2558.54323194656,0.599276796904529,0.276190905432804,0.00696849612145879,0.00122875416413909,0.252446739418993,0.24709964492946
20280009,20284009,25,30,2544.77810053272,0.596052648193789,0.278991926178641,0.00668829792336687,0.00117936068730929,0.252446739418993,0.24709964492946
20280009,20284009,25,31,2531.95836456032,0.593049935472433,0.28172884935297,0.00643479255919411,0.00113467292870517,0.252446739418993,0.24709964492946
20280009,20284009,25,32,2519.97337162963,0.590242741095278,0.284403513670084,0.00620442633760776,0.00109406427102086,0.252446739418993,0.24709964492946
20280009,20284009,25,33,2508.72935561216,0.587609102617273,0.287018030227461,0.0059942125000831,0.00105700809754552,0.252446739418993,0.24709964492946
20280009,20284009,25,34,2498.14645147005,0.585130313587235,0.289574657637211,0.00580161415181851,0.00102305713322113,0.252446739418993,0.24709964492946
20280009,20284009,25,35,2488.15633166256,0.582790369933293,0.292075713850405,0.00562445355491244,0.000991827441066706,0.252446739418993,0.24709964492946
20280009,20284009,25,36,2478.70031136922,0.580575526157311,0.294523513724771,0.00546084689445284,0.000962986914164054,0.252446739418993,0.24709964492946
20280009,20284009,25,37,2469.72780470665,0.578473933741045,0.296920325090614,0.00530915936130166,0.000936247352322815,0.252446739418993,0.24709964492946
20280009,20284009,25,38,2461.19504603384,0.576475341642873,0.299268338543812,0.00516797413453822,0.000911358990976989,0.252446739418993,0.24709964492946
20280009,20284009,25,39,2453.06401668063,0.574570844909933,0.30156964773809,0.00503606933329177,0.000888106436103735,0.252446739418993,0.24709964492946
20280009,20284009,25,40,2445.30153722637,0.572752672066377,0.303826237854612,0.00491239837637802,0.000866305200507707,0.252446739418993,0.24709964492946
20280009,20284009,25,41,2437.87849901686,0.571014005114828,0.306039980435292,0.00479607090808903,0.000845798340207,0.252446739418993,0.24709964492946
20280009,20284009,25,42,2430.76921675002,0.569348827895243,0.308212633056336,0.00468633312613408,0.000826452985551957,0.252446739418993,0.24709964492946
20280009,20284009,25,43,2423.95088794348,0.567751799478289,0.310345842513374,0.00458254766134909,0.000808156793394454,0.252446739418993,0.24709964492946
20280009,20284009,25,44,2417.40314642451,0.566218149581171,0.312441150363059,0.00448417391348763,0.000790814479740332,0.252446739418993,0.24709964492946
20280009,20284009,25,45,2411.10769709319,0.56474359301975,0.314499999851093,0.00439074993179855,0.000774344624853673,0.252446739418993,0.24709964492946
20280009,20284009,25,46,2405.04801919051,0.563324260206275,0.316523743456849,0.00430187669371462,0.000758676901283497,0.252446739418993,0.24709964492946
20280009,20284009,25,47,2399.20912575147,0.56195664080711,0.31851365048704,0.00421720520255211,0.000743749799029737,0.252446739418993,0.24709964492946
20280009,20284009,25,48,2393.57736799006,0.560637537924634,0.320470914337817,0.00413642639361343,0.000729508845969201,0.252446739418993,0.24709964492946
20280009,20284009,25,49,2388.14027490665,0.55936403052917,0.322396659202289,0.00405926352580582,0.000715905266590721,0.252446739418993,0.24709964492946
20280009,20284009,25,50,2382.88642017166,0.558133442279704,0.324291946121667,0.00398546657755077,0.000702894994165272,0.252446739418993,0.24709964492946
20280009,20284009,25,51,2377.80531007341,0.556943315278377,0.32615777836291,0.00391480813932144,0.000690437946815529,0.252446739418993,0.24709964492946
20280009,20284009,25,52,2372.8872878506,0.555791387662697,0.327995106158298,0.00384708035450293,0.000678497488419133,0.252446739418993,0.24709964492946
20280009,20284009,25,53,2368.12345097616,0.554675574231272,0.329804830869821,0.0037820925591945,0.000667040012728026,0.252446739418993,0.24709964492946
20280009,20284009,25,54,2363.50557890494,0.553593949520459,0.331587808650968,0.00371966937563689,0.000656034607440683,0.252446739418993,0.24709964492946
20280009,20284009,25,55,2359.02606947595,0.552544732908135,0.333344853677063,0.00365964910331046,0.000645452770725589,0.252446739418993,0.24709964492946
20280009,20284009,25,56,2354.6778826224,0.551526275429128,0.335076741007975,0.00360188231877403,0.000635268164515924,0.252446739418993,0.24709964492946
20280009,20284009,25,57,2350.4544903462,0.550537048057962,0.336784209137498,0.00354623064025236,0.000625456396821497,0.252446739418993,0.24709964492946
20280009,20284009,25,58,2346.34983210833,0.549575631260128,0.338467962274446,0.00349256563976152,0.000615994830027557,0.252446739418993,0.24709964492946
20280009,20284009,25,59,2342.35827491188,0.548640705642503,0.340128672392715,0.00344076789887489,0.00060686241449825,0.252446739418993,0.24709964492946
20280009,20284009,25,60,2338.47457744121,0.547731043553814,0.341766981081697,0.00339072620814448,0.000598039547492133,0.252446739418993,0.24709964492946
20280009,20284009,25,61,2334.69385768903,0.546845501502077,0.343383501224434,0.00334233690791231,0.000589507956994769,0.252446739418993,0.24709964492946
20280009,20284009,25,62,2331.01156356691,0.5459830132708,0.344978818528295,0.00329550336239837,0.000581250609041377,0.252446739418993,0.24709964492946
20280009,20284009,25,63,2327.42344605979,0.5451425836311,0.346553492931199,0.00325013555180691,0.000573251635841887,0.252446739418993,0.24709964492946
20280009,20284009,25,64,2323.92553455492,0.544323282563084,0.348108059904959,0.00320614976068457,0.00056549628087227,0.252446739418993,0.24709964492946
20280009,20284009,25,65,2320.51411404667,0.543524239916648,0.34964303167576,0.00316346833632485,0.000557970856312557,0.252446739418993,0.24709964492946
20280009,20284009,25,66,2317.18570398882,0.542744640458117,0.351158898379814,0.00312201948942423,0.000550662707931103,0.252446739418993,0.24709964492946
20280009,20284009,25,67,2313.93703862952,0.541983719264201,0.352656129169782,0.00308173711054965,0.000543560182753182,0.252446739418993,0.24709964492946
20280009,20284009,25,68,2310.76504871864,0.541240757437383,0.354135173284697,0.00304256057980771,0.000536652595527172,0.252446739418993,0.24709964492946
20280009,20284009,25,69,2307.6668445192,0.540515078126743,0.355596461092919,0.00300443455259965,0.000529930190970275,0.252446739418993,0.24709964492946
20280009,20284009,25,70,2304.63970008374,0.539806042845105,0.357040405114419,0.00296730871058696,0.000523384099876175,0.252446739418993,0.24709964492946
20280009,20284009,25,71,2301.68103877379,0.539113048077296,0.358467401025582,0.00293113747315866,0.000517006288254463,0.252446739418993,0.24709964492946
20280009,20284009,25,72,2298.78842000639,0.538435522175856,0.359877828646896,0.00289587967015701,0.000510789499635486,0.252446739418993,0.24709964492946
20280009,20284009,25,73,2295.95952720999,0.53777292254,0.361272052911572,0.00286149818100263,0.000504727191447505,0.252446739418993,0.24709964492946
20280009,20284009,25,74,2293.19215696394,0.537124733071794,0.362650424811321,0.00282795954849971,0.000498813466926715,0.252446739418993,0.24709964492946
20280009,20284009,25,75,2290.48420928442,0.536490461900875,0.364013282314325,0.00279523357749656,0.000493043004354832,0.252446739418993,0.24709964492946
20280009,20284009,25,76,2287.83367900692,0.535869639366018,0.365360951249774,0.0027632929293472,0.000487410985554788,0.252446739418993,0.24709964492946
20280009,20284009,25,77,2285.23864820311,0.535261816238953,0.36669374615323,0.00273211272294784,0.000481913025544779,0.252446739418993,0.24709964492946
20280009,20284009,25,78,2282.69727955851,0.53466656217325,0.36801197106743,0.00270167015221101,0.000476545105090192,0.252446739418993,0.24709964492946
20280009,20284009,25,79,2280.20781062888,0.534083464359029,0.369315920293833,0.00267194412841113,0.000471303507640938,0.252446739418993,0.24709964492946
20280009,20284009,25,80,2277.7685488874,0.533512126362861,0.370605879091189,0.00264291495407643,0.000466184761831467,0.252446739418993,0.24709964492946
20280009,20284009,25,81,2275.37786747095,0.532952167131459,0.371882124318592,0.00261456403319729,0.000461185590384828,0.252446739418993,0.24709964492946
20280009,20284009,25,82,2273.03420153417,0.53240322013769,0.373144925021674,0.00258687362060984,0.000456302865925012,0.252446739418993,0.24709964492946
20280009,20284009,25,83,2270.73604512156,0.531864932647942,0.374394542961866,0.00255982661161524,0.00045153357388467,0.252446739418993,0.24709964492946
20280009,20284009,25,84,2268.48194847257,0.531336965090915,0.375631233089812,0.00253340637129003,0.000446874782412196,0.252446739418993,0.24709964492946
20280009,20284009,25,85,2266.27051568092,0.530818990509362,0.376855243965042,0.00250759660158834,0.000442323618943287,0.252446739418993,0.24709964492946
20280009,20284009,25,86,2264.10040263661,0.530310694078066,0.378066818124926,0.0024823812432601,0.000437877252912172,0.252446739418993,0.24709964492946
20280009,20284009,25,87,2261.97031518789,0.529811772673318,0.379266192406569,0.00245774440882065,0.000433532883938612,0.252446739418993,0.24709964492946
20280009,20284009,25,88,2259.87900746905,0.529321934481241,0.380453598225838,0.00243367034229617,0.000429287734736663,0.252446739418993,0.24709964492946
20280009,20284009,25,89,2257.82528034901,0.528840898634418,0.381629261817974,0.00241014340121882,0.000425139047946954,0.252446739418993,0.24709964492946
20280009,20284009,25,90,2255.80797996437,0.528368394868287,0.38279340444437,0.00238714805632251,0.000421084086090245,0.252446739418993,0.24709964492946
20280009,20284009,25,91,2253.82599630861,0.527904163190701,0.383946242570015,0.00236466890456311,0.000417120133870452,0.252446739418993,0.24709964492946
20280009,20284009,25,92,2251.87826185667,0.527447953559766,0.38508798801596,0.00234269069141567,0.000413244502113344,0.252446739418993,0.24709964492946
20280009,20284009,25,93,2249.96375021044,0.526999525566578,0.386218848090841,0.00232119833884779,0.000409454532705865,0.252446739418993,0.24709964492946
20280009,20284009,25,94,2248.08147475628,0.526558648120781,0.387339025705119,0.00230017697589243,0.00040574760399345,0.252446739418993,0.24709964492946
20280009,20284009,25,95,2246.23048733012,0.526125099137901,0.388448719471324,0.00227961196931113,0.000402121136192844,0.252446739418993,0.24709964492946
20280009,20284009,25,96,2244.40987688916,0.525698665228229,0.389548123793115,0.00225948895241355,0.000398572596479356,0.252446739418993,0.24709964492946
20280009,20284009,25,97,2242.61876819179,0.525279141387605,0.390637428945559,0.00223979385065461,0.000395099503505344,0.252446739418993,0.24709964492946
20280009,20284009,25,98,2240.85632048882,0.524866330690892,0.391716821148614,0.00222051290314235,0.00039169943119713,0.252446739418993,0.24709964492946
20280009,20284009,25,99,2239.12172623037,0.524460043989089,0.392786482635422,0.00220163267963912,0.000388370011756671,0.252446739418993,0.24709964492946
20280009,20284009,25,100,2237.41420979304,0.524060099611191,0.393846591716686,0.00218314009301423,0.000385108937860701,0.252446739418993,0.24709964492946
20280009,20284009,25,101,2235.73302623158,0.523666323071813,0.394897322842107,0.00216502240740236,0.000381913964102157,0.252446739418993,0.24709964492946
20280009,20284009,25,102,2234.07746005932,0.523278546785533,0.395938846659622,0.00214726724253686,0.000378782907756699,0.252446739418993,0.24709964492946
20280009,20284009,25,103,2232.4468240606,0.522896609788719,0.396971330073007,0.00212986257486582,0.000375713648981532,0.252446739418993,0.24709964492946
20280009,20284009,25,104,2230.84045813756,0.522520357469431,0.397994936298232,0.00211279673612768,0.000372704130565952,0.252446739418993,0.24709964492946
20280009,20284009,25,105,2229.25772819311,0.522149641305782,0.399009824918883,0.00209605841007379,0.000369752357354847,0.252446739418993,0.24709964492946
20280009,20284009,25,106,2227.6980250508,0.521784318612941,0.400016151940861,0.0020796366279882,0.000366856395459917,0.252446739418993,0.24709964492946
20280009,20284009,25,107,2226.16076341169,0.521424252298803,0.40101406984655,0.00206352076358349,0.000364014371360688,0.252446739418993,0.24709964492946
20280009,20284009,25,108,2224.64538084764,0.521069310628195,0.402003727648593,0.00204770052775528,0.00036122447098049,0.252446739418993,0.24709964492946
20280009,20284009,25,109,2223.15133682994,0.520719366995356,0.402985270943434,0.00203216596357004,0.000358484938803491,0.252446739418993,0.24709964492946
20280009,20284009,25,110,2221.67811179197,0.520374299704387,0.403958841964753,0.00201690744174839,0.000355794077079039,0.252446739418993,0.24709964492946
20280009,20284009,25,111,2220.22520622414,0.520033991757263,0.404924579636949,0.00200191565679725,0.000353150245140415,0.252446739418993,0.24709964492946
20280009,20284009,25,112,2218.79213979952,0.519698330649029,0.405882619628802,0.00198718162384446,0.000350551858847406,0.252446739418993,0.24709964492946
20280009,20284009,25,113,2217.37845052837,0.519367208169778,0.406833094407491,0.00197269667614216,0.000347997390146842,0.252446739418993,0.24709964492946
20280009,20284009,25,114,2215.98369394012,0.519040520213042,0.407776133293085,0.00195845246313551,0.000345485366732777,0.252446739418993,0.24709964492946
20280009,20284009,25,115,2214.60744229132,0.518718166590273,0.408711862513671,0.00194444094893749,0.000343014371778331,0.252446739418993,0.24709964492946
20280009,20284009,25,116,2213.24928379847,0.518400050851161,0.409640405261241,0.00193065441101454,0.000340583043704658,0.252446739418993,0.24709964492946
20280009,20284009,25,117,2211.90882189486,0.518086080109553,0.410561881748436,0.00191708543886752,0.000338190075949108,0.252446739418993,0.24709964492946
20280009,20284009,25,118,2210.58567451069,0.517776164874853,0.411476409266259,0.00190372693248665,0.000335834216693517,0.252446739418993,0.24709964492946
20280009,20284009,25,119,2209.27947337631,0.517470218888813,0.412384102242788,0.00189057210036887,0.000333514268515281,0.252446739418993,0.24709964492946
20280009,20284009,25,120,2207.98986334825,0.517168158967676,0.41328507230294,0.00187761445690557,0.000331229087927399,0.252446739418993,0.24709964492946
20280009,20284009,25,121,2206.71650175825,0.516869904849696,0.414179428329273,0.0018648478189783,0.000328977584778781,0.252446739418993,0.24709964492946
20280009,20284009,25,122,2205.4590577854,0.516575379048088,0.415067276523785,0.001852266301636,0.000326758721492544,0.252446739418993,0.24709964492946
20280009,20284009,25,123,2204.21721185188,0.516284506709487,0.415948720470653,0.00183986431276771,0.000324571512127125,0.252446739418993,0.24709964492946
20280009,20284009,25,124,2202.99065504256,0.515997215478003,0.416823861199795,0.0018276365467256,0.000322415021252214,0.252446739418993,0.24709964492946
20280009,20284009,25,125,2201.7790885489,0.515713435364972,0.417692797251146,0.00181557797689508,0.000320288362638952,0.252446739418993,0.24709964492946
20280009,20284009,25,126,2200.58222313762,0.515433098624501,0.41855562473948,0.00180368384724651,0.000318190697770487,0.252446739418993,0.24709964492946
20280009,20284009,25,127,2199.39977864429,0.515156139634856,0.419412437419613,0.00179194966293758,0.000316121234185043,0.252446739418993,0.24709964492946
20280009,20284009,25,128,2198.23148349215,0.51488249478576,0.420263326751805,0.00178037118006399,0.000314079223668748,0.252446739418993,0.24709964492946
20280009,20284009,25,129,2197.07707423625,0.514612102371611,0.421108381967154,0.00176894439467891,0.000312063960319456,0.252446739418993,0.24709964492946
20280009,20284009,25,130,2195.93629513274,0.514344902490604,0.421947690132787,0.00175766553121721,0.000310074778505558,0.252446739418993,0.24709964492946
20280009,20284009,25,131,2194.80889773315,0.514080836949701,0.42278133621664,0.00174653103047086,0.000308111050745584,0.252446739418993,0.24709964492946
20280009,20284009,25,132,2193.6946405033,0.513819849175371,0.423609403151641,0.00173553753726437,0.000306172185534877,0.252446739418993,0.24709964492946
20280009,20284009,25,133,2192.59328846627,0.513561884129961,0.42443197189909,0.00172468188797671,0.000304257625145175,0.252446739418993,0.24709964492946
20280009,20284009,25,134,2191.5046128688,0.513306888233555,0.425249121511063,0.00171396109805095,0.000302366843421967,0.252446739418993,0.24709964492946
20280009,20284009,25,135,2190.42839087023,0.51305480929113,0.426060929191681,0.00170337234961921,0.000300499343602201,0.252446739418993,0.24709964492946
20280009,20284009,25,136,2189.36440525329,0.512805596424795,0.426867470357085,0.00169291297935955,0.00029865465617284,0.252446739418993,0.24709964492946
20280009,20284009,25,137,2188.31244415546,0.51255920001089,0.427668818693995,0.00168258046668412,0.00029683233678785,0.252446739418993,0.24709964492946
20280009,20284009,25,138,2187.27230082016,0.51231557162169,0.428465046216732,0.00167237242234259,0.000295031964258403,0.252446739418993,0.24709964492946
20280009,20284009,25,139,2186.24377336643,0.512074663971467,0.429256223322614,0.00166228657750758,0.000293253138628072,0.252446739418993,0.24709964492946
20280009,20284009,25,140,2185.22666457606,0.511836430866634,0.430042418845652,0.00165232077339366,0.000291495479342126,0.252446739418993,0.24709964492946
20280009,20284009,25,141,2184.22078169713,0.511600827159718,0.430823700108475,0.00164247295144596,0.000289758623517274,0.252446739418993,0.24709964492946
20280009,20284009,25,142,2183.22593626262,0.511367808706888,0.431600132972472,0.00163274114412174,0.000288042224315975,0.252446739418993,0.24709964492946
20280009,20284009,25,143,2182.24194392322,0.511137332328781,0.432371781886085,0.00162312346627664,0.000286345949427389,0.252446739418993,0.24709964492946
20280009,20284009,25,144,2181.26862429311,0.510909355774383,0.433138709931285,0.00161361810715739,0.00028466947965529,0.252446739418993,0.24709964492946
20280009,20284009,25,145,2180.30580080766,0.510683837687708,0.433900978868202,0.0016042233229956,0.000283012507611978,0.252446739418993,0.24709964492946
20280009,20284009,25,146,2179.35330059218,0.510460737577044,0.434658649177937,0.0015949374301907,0.00028137473651609,0.252446739418993,0.24709964492946
20280009,20284009,25,147,2178.41095434069,0.510240015786566,0.435411780103581,0.00158575879906592,0.000279755879091493,0.252446739418993,0.24709964492946
20280009,20284009,25,148,2177.47859620379,0.510021633470069,0.436160429689463,0.00157668584817814,0.000278155656563837,0.252446739418993,0.24709964492946
20280009,20284009,25,149,2176.5560636849,0.509805552566666,0.436904654818679,0.00156771703916031,0.000276573797751054,0.252446739418993,0.24709964492946
20280009,20284009,25,150,2175.64319754398,0.509591735778226,0.43764451124894,0.00155885087207398,0.000275010038243819,0.252446739418993,0.24709964492946
20280009,20284009,25,151,2174.73984170797,0.509380146548423,0.438380053646792,0.00155008588124896,0.000273464119671919,0.252446739418993,0.24709964492946
20280009,20284009,25,152,2173.84584318748,0.509170749043192,0.439111335620262,0.00154142063158663,0.000271935789052413,0.252446739418993,0.24709964492946
20280009,20284009,25,153,2172.96105199877,0.508963508132474,0.439838409749983,0.00153285371530424,0.000270424798215547,0.252446739418993,0.24709964492946
20280009,20284009,25,154,2172.08532109068,0.508758389373096,0.440561327618871,0.00152438374909581,0.000268930903304176,0.252446739418993,0.24709964492946
20280009,20284009,25,155,2171.21850627587,0.508555358992665,0.441280139840402,0.0015160093716872,0.000267453864342676,0.252446739418993,0.24709964492946
20280009,20284009,25,156,2170.36046616585,0.508354383874352,0.441994896085553,0.00150772924176133,0.000265993444871171,0.252446739418993,0.24709964492946
20280009,20284009,25,157,2169.51106210938,0.508155431542462,0.442705645108484,0.00149954203622997,0.000264549411640865,0.252446739418993,0.24709964492946
20280009,20284009,25,158,2168.67015813376,0.507958470148682,0.443412434771008,0.0014914464488272,0.000263121534366123,0.252446739418993,0.24709964492946
20280009,20284009,25,159,2167.83762088872,0.507763468458937,0.444115312065921,0.00148344118900077,0.000261709585529086,0.252446739418993,0.24709964492946
20280009,20284009,25,160,2167.01331959239,0.507570395840745,0.444814323139259,0.00147552498107497,0.000260313340232176,0.252446739418993,0.24709964492946
20280009,20284009,25,161,2166.19712597926,0.507379222251017,0.445509513311536,0.00146769656365991,0.000258932576094071,0.252446739418993,0.24709964492946
20280009,20284009,25,162,2165.38891424968,0.507189918224227,0.446200927098032,0.00145995468928052,0.00025756707318441,0.252446739418993,0.24709964492946
20280009,20284009,25,163,2164.58856102069,0.507002454860906,0.44688860822819,0.00145229812419883,0.000256216613992614,0.252446739418993,0.24709964492946
20280009,20284009,25,164,2163.79594527804,0.506816803816398,0.44757259966418,0.00144472564840289,0.000254880983426074,0.252446739418993,0.24709964492946
20280009,20284009,25,165,2163.01094832915,0.506632937289837,0.448252943618692,0.00143723605573565,0.000253559968833034,0.252446739418993,0.24709964492946
20280009,20284009,25,166,2162.23345375684,0.506450828013323,0.448929681572005,0.0014298281541381,0.00025225336004562,0.252446739418993,0.24709964492946
20280009,20284009,25,167,2161.46334737387,0.506270449241252,0.449602854288401,0.00142250076598097,0.000250960949438481,0.252446739418993,0.24709964492946
20280009,20284009,25,168,2160.70051717787,0.506091774739791,0.450272501831955,0.00141525272846096,0.000249682531998811,0.252446739418993,0.24709964492946
20280009,20284009,25,169,2159.94485330705,0.505914778776466,0.450938663581773,0.00140808289403817,0.000248417905403632,0.252446739418993,0.24709964492946
20280009,20284009,25,170,2159.19624799611,0.505739436109873,0.451601378246708,0.00140099013089386,0.00024716687010066,0.252446739418993,0.24709964492946
20280009,20284009,25,171,2158.45459553285,0.505565721979484,0.4522606838796,0.0013939733233884,0.000245929229389182,0.252446739418993,0.24709964492946
20280009,20284009,25,172,2157.71979221502,0.50539361209556,0.452916617891088,0.00138703137250194,0.000244704789497899,0.252446739418993,0.24709964492946
20280009,20284009,25,173,2156.99173630773,0.505223082629167,0.453569217063028,0.00138016319624261,0.00024349335965702,0.252446739418993,0.24709964492946
20280009,20284009,25,174,2156.27032800128,0.505054110202298,0.454218517561544,0.00137336773000852,0.000242294752162205,0.252446739418993,0.24709964492946
20280009,20284009,25,175,2155.55546936946,0.504886671878113,0.45486455494976,0.00136664392689308,0.000241108782428504,0.252446739418993,0.24709964492946
20280009,20284009,25,176,2154.84706432844,0.504720745151297,0.455507364200222,0.00135999075792487,0.000239935269032741,0.252446739418993,0.24709964492946
20280009,20284009,25,177,2154.14501859613,0.504556307938556,0.456146979707055,0.00135340721223534,0.000238774033743163,0.252446739418993,0.24709964492946
20280009,20284009,25,178,2153.44923965227,0.504393338569257,0.456783435297859,0.00134689229715087,0.000237624901535738,0.252446739418993,0.24709964492946
20280009,20284009,25,179,2152.75963669909,0.504231815776227,0.457416764245373,0.00134044503820623,0.000236487700596586,0.252446739418993,0.24709964492946
20280009,20284009,25,180,2152.07612062279,0.504071718686708,0.458046999278931,0.00133406447907973,0.000235362262310587,0.252446739418993,0.24709964492946
20280009,20284009,25,181,2151.39860395564,0.503913026813509,0.458674172595702,0.00132774968145133,0.000234248421236397,0.252446739418993,0.24709964492946
20280009,20284009,25,182,2150.72700083905,0.503755720046333,0.459298315871747,0.00132149972478671,0.000233146015068392,0.252446739418993,0.24709964492946
20280009,20284009,25,183,2150.06122698742,0.503599778643315,0.45991946027289,0.00131531370605151,0.000232054884586304,0.252446739418993,0.24709964492946
20280009,20284009,25,184,2149.4011996528,0.503445183222758,0.460537636465415,0.00130919073936136,0.000230974873593509,0.252446739418993,0.24709964492946
20280009,20284009,25,185,2148.74683759066,0.503291914755093,0.461152874626592,0.00130312995557366,0.000229905828845049,0.252446739418993,0.24709964492946
20280009,20284009,25,186,2148.09806102642,0.503139954555058,0.461765204455027,0.00129713050182832,0.000228847599966641,0.252446739418993,0.24709964492946
20280009,20284009,25,187,2147.45479162306,0.502989284274103,0.462374655180862,0.00129119154104474,0.000227800039365969,0.252446739418993,0.24709964492946
20280009,20284009,25,188,2146.81695244966,0.502839885893022,0.462981255575789,0.00128531225138257,0.000226763002137578,0.252446739418993,0.24709964492946
20280009,20284009,25,189,2146.18446795093,0.502691741714822,0.463585033962912,0.00127949182567417,0.000225736345962781,0.252446739418993,0.24709964492946
20280009,20284009,25,190,2145.55726391778,0.502544834357815,0.464186018226431,0.00127372947083649,0.000224719931005931,0.252446739418993,0.24709964492946
20280009,20284009,25,191,2144.93526745876,0.502399146748946,0.464784235821156,0.00126802440726943,0.000223713619808309,0.252446739418993,0.24709964492946
20280009,20284009,25,192,2144.31840697253,0.502254662117338,0.465379713781849,0.0012623758682485,0.000222717277180994,0.252446739418993,0.24709964492946
20280009,20284009,25,193,2143.70661212134,0.50211136398807,0.465972478732383,0.00125678309931753,0.000221730770097769,0.252446739418993,0.24709964492946
20280009,20284009,25,194,2143.09981380526,0.501969236176164,0.466562556894721,0.00125124535768857,0.000220753967589258,0.252446739418993,0.24709964492946
20280009,20284009,25,195,2142.49794413751,0.50182826278078,0.467149974097709,0.00124576191165402,0.000219786740639256,0.252446739418993,0.24709964492946
20280009,20284009,25,196,2141.90093642051,0.501688428179627,0.467734755785675,0.00124033204001573,0.000218828962084028,0.252446739418993,0.24709964492946
20280009,20284009,25,197,2141.30872512283,0.501549717023556,0.468316927026842,0.0012349550315362,0.000217880506515518,0.252446739418993,0.24709964492946
20280009,20284009,25,198,2140.72124585695,0.501412114231345,0.468896512521536,0.0012296301844148,0.000216941250188966,0.252446739418993,0.24709964492946
20280009,20284009,25,199,2140.1384353577,0.501275604984666,0.4694735366102,0.00122435680579208,0.000216011070935491,0.252446739418993,0.24709964492946
20280009,20284009,25,200,2139.56023146156,0.501140174723213,0.470048023281202,0.00121913421128535,0.000215089848080178,0.252446739418993,0.24709964492946
20280009,20284009,25,201,2138.98657308648,0.50100580914,0.470619996178443,0.00121396172455594,0.000214177462365767,0.252446739418993,0.24709964492946
20280009,20284009,25,202,2138.41740021249,0.500872494176803,0.471189478608752,0.00120883867691071,0.000213273795882366,0.252446739418993,0.24709964492946
20280009,20284009,25,203,2137.85265386284,0.500740216019741,0.471756493549084,0.00120376440693747,0.000212378732003172,0.252446739418993,0.24709964492946
20280009,20284009,25,204,2137.29227608567,0.500608961094999,0.472321063653499,0.00119873826017497,0.000211492155326269,0.252446739418993,0.24709964492946
20280009,20284009,25,205,2136.73620993629,0.500478716064661,0.472883211259947,0.0011937595888172,0.00021061395162249,0.252446739418993,0.24709964492946
20280009,20284009,25,206,2136.18439945991,0.500349467822672,0.473442958396833,0.001188827751451,0.000209744007789155,0.252446739418993,0.24709964492946
20280009,20284009,25,207,2135.6367896748,0.500221203490893,0.47400032678939,0.00118394211282643,0.000208882211809583,0.252446739418993,0.24709964492946
20280009,20284009,25,208,2135.09332655591,0.500093910415264,0.474555337865842,0.00117910204365865,0.000208028452718168,0.252446739418993,0.24709964492946
20280009,20284009,25,209,2134.55395701885,0.499967576162051,0.475108012763363,0.00117430692045921,0.000207182620570646,0.252446739418993,0.24709964492946
20280009,20284009,25,210,2134.01862890423,0.499842188514184,0.475658372333846,0.001169556125396,0.00020634460641941,0.252446739418993,0.24709964492946
20280009,20284009,25,211,2133.48729096238,0.499717735467664,0.476206437149474,0.00116484904617942,0.000205514302293458,0.252446739418993,0.24709964492946
20280009,20284009,25,212,2132.95989283827,0.499594205228049,0.476752227508099,0.00116018507597321,0.000204691601182693,0.252446739418993,0.24709964492946
20280009,20284009,25,213,2132.43638505685,0.499471586207002,0.477295763438434,0.0011555636133279,0.000203876397026196,0.252446739418993,0.24709964492946
20280009,20284009,25,214,2131.91671900849,0.4993498670189,0.477837064705064,0.00115098406213499,0.000203068584704186,0.252446739418993,0.24709964492946
20280009,20284009,25,215,2131.40084693484,0.499229036477499,0.478376150813281,0.00114644583159988,0.00020226806003326,0.252446739418993,0.24709964492946
20280009,20284009,25,216,2130.8887219147,0.499109083592651,0.478913041013741,0.00114194833623173,0.000201474719764636,0.252446739418993,0.24709964492946
20280009,20284009,25,217,2130.38029785034,0.498989997567073,0.47944775430696,0.00113749099584841,0.000200688461585049,0.252446739418993,0.24709964492946
20280009,20284009,25,218,2129.87552945376,0.498871767793152,0.479980309447642,0.00113307323559456,0.000199909184119967,0.252446739418993,0.24709964492946
20280009,20284009,25,219,2129.37437223334,0.498754383849801,0.480510724948855,0.00112869448597168,0.000199136786938921,0.252446739418993,0.24709964492946
20280009,20284009,25,220,2128.87678248053,0.498637835499352,0.481039019086053,0.00112435418287765,0.000198371170562506,0.252446739418993,0.24709964492946
20280009,20284009,25,221,2128.38271725673,0.498522112684479,0.481565209900955,0.00112005176765552,0.000197612236471014,0.252446739418993,0.24709964492946
20280009,20284009,25,222,2127.89213438038,0.498407205525168,0.482089315205284,0.00111578668714874,0.000196859887114199,0.252446739418993,0.24709964492946
20280009,20284009,25,223,2127.40499241406,0.49829310431571,0.48261135258437,0.00111155839376303,0.000196114025922215,0.252446739418993,0.24709964492946
20280009,20284009,25,224,2126.92125065187,0.498179799521734,0.48313133940063,0.00110736634553256,0.000195374557317324,0.252446739418993,0.24709964492946
20280009,20284009,25,225,2126.44086910685,0.498067281777263,0.483649292796924,0.00110321000618994,0.000194641386726257,0.252446739418993,0.24709964492946
20280009,20284009,25,226,2125.96380849856,0.497955541881804,0.48416522969979,0.00109908884523907,0.000193914420593097,0.252446739418993,0.24709964492946
20280009,20284009,25,227,2125.49003024078,0.497844570797469,0.484679166822579,0.00109500233802974,0.000193193566392453,0.252446739418993,0.24709964492946
20280009,20284009,25,228,2125.01949642931,0.497734359646119,0.485191120668476,0.00109094996583346,0.000192478732642872,0.252446739418993,0.24709964492946
20280009,20284009,25,229,2124.55216982993,0.497624899706537,0.485701107533425,0.00108693121591944,0.000191769828920251,0.252446739418993,0.24709964492946
20280009,20284009,25,230,2124.08801386642,0.497516182411632,0.486209143508962,0.0010829455816307,0.000191066765871296,0.252446739418993,0.24709964492946
20280009,20284009,25,231,2123.62699260875,0.497408199345661,0.486715244484957,0.00107899256245893,0.000190369455226749,0.252446739418993,0.24709964492946
20280009,20284009,25,232,2123.16907076133,0.497300942241491,0.487219426152272,0.00107507166411849,0.000189677809814454,0.252446739418993,0.24709964492946
20280009,20284009,25,233,2122.71421365143,0.497194402977871,0.487721704005347,0.00107118239861824,0.000188991743572054,0.252446739418993,0.24709964492946
20280009,20284009,25,234,2122.26238721765,0.497088573576745,0.488222093344704,0.00106732428433132,0.000188311171559322,0.252446739418993,0.24709964492946
20280009,20284009,25,235,2121.81355799854,0.496983446200578,0.488720609279389,0.00106349684606247,0.000187636009970056,0.252446739418993,0.24709964492946
20280009,20284009,25,236,2121.36769312134,0.49687901314972,0.489217266729348,0.00105969961511221,0.000186966176143415,0.252446739418993,0.24709964492946
20280009,20284009,25,237,2120.92476029078,0.49677526685979,0.48971208042774,0.00105593212933802,0.000186301588574729,0.252446739418993,0.24709964492946
20280009,20284009,25,238,2120.48472777806,0.496672199899084,0.490205064923207,0.00105219393321179,0.00018564216692566,0.252446739418993,0.24709964492946
20280009,20284009,25,239,2120.04756440991,0.496569804966014,0.490696234582075,0.00104848457787365,0.000184987832033708,0.252446739418993,0.24709964492946
20280009,20284009,25,240,2119.61323955773,0.496468074886575,0.491185603590523,0.0010448036211818,0.000184338505921017,0.252446739418993,0.24709964492946
20280009,20284009,25,241,2119.18172312689,0.496367002611833,0.491673185956705,0.00104115062775792,0.000183694111802402,0.252446739418993,0.24709964492946
20280009,20284009,25,242,2118.75298554618,0.496266581215441,0.492158995512823,0.00103752516902836,0.000183054574092635,0.252446739418993,0.24709964492946
20280009,20284009,25,243,2118.32699775726,0.49616680389119,0.492643045917182,0.00103392682326064,0.000182419818412893,0.252446739418993,0.24709964492946
20280009,20284009,25,244,2117.90373120435,0.496067663950579,0.493125350656192,0.00103035517559507,0.000181789771596354,0.252446739418993,0.24709964492946
20280009,20284009,25,245,2117.48315782395,0.495969154820414,0.493605923046356,0.00102680981807159,0.000181164361692942,0.252446739418993,0.24709964492946
20280009,20284009,25,246,2117.06525003476,0.495871270040441,0.494084776236221,0.00102329034965134,0.000180543517973149,0.252446739418993,0.24709964492946
20280009,20284009,25,247,2116.64998072764,0.495774003261003,0.494561923208312,0.00101979637623334,0.000179927170930987,0.252446739418993,0.24709964492946
20280009,20284009,25,248,2116.23732325575,0.495677348240724,0.495037376781035,0.00101632751066555,0.000179315252285956,0.252446739418993,0.24709964492946
20280009,20284009,25,249,2115.82725142483,0.495581298844227,0.495511149610572,0.00101288337275094,0.000178707694984117,0.252446739418993,0.24709964492946
20280009,20284009,25,250,2115.4197394835,0.495485849039882,0.495983254192747,0.00100946358924776,0.000178104433198162,0.252446739418993,0.24709964492946
20280009,20284009,25,251,2115.01476211385,0.495390992897577,0.496453702864888,0.00100606779386466,0.000177505402326556,0.252446739418993,0.24709964492946
20280009,20284009,25,252,2114.61229442202,0.49529672458653,0.496922507807667,0.00100269562725028,0.000176910538991715,0.252446739418993,0.24709964492946
20280009,20284009,25,253,2114.21231192898,0.49520303837312,0.497389681046928,0.000999346736977352,0.000176319781037211,0.252446739418993,0.24709964492946
20280009,20284009,25,254,2113.81479056144,0.495109928618761,0.497855234455516,0.000996020777521276,0.000175733067523998,0.252446739418993,0.24709964492946
20280009,20284009,25,255,2113.41970664285,0.495017389777798,0.498319179755081,0.000992717410233677,0.000175150338725762,0.252446739418993,0.24709964492946
20280009,20284009,25,256,2113.02703688462,0.494925416395439,0.498781528517887,0.000989436303310098,0.000174571536123228,0.252446739418993,0.24709964492946
20280009,20284009,25,257,2112.63675837739,0.494834003105722,0.499242292168608,0.000986177131753091,0.000173996602397655,0.252446739418993,0.24709964492946
20280009,20284009,25,258,2112.24884858247,0.494743144629507,0.499701481986121,0.0009829395773297,0.000173425481423349,0.252446739418993,0.24709964492946
20280009,20284009,25,259,2111.86328532347,0.494652835772508,0.500159109105291,0.000979723328524295,0.000172858118259344,0.252446739418993,0.24709964492946
20280009,20284009,25,260,2111.48004677797,0.494563071423355,0.500615184518754,0.000976528080486443,0.000172294459140217,0.252446739418993,0.24709964492946
20280009,20284009,25,261,2111.09911146945,0.494473846551691,0.501069719078698,0.000973353534974154,0.000171734451466085,0.252446739418993,0.24709964492946
20280009,20284009,25,262,2110.72045825924,0.494385156206295,0.501522723498636,0.000970199400292598,0.000171178043791794,0.252446739418993,0.24709964492946
20280009,20284009,25,263,2110.34406633873,0.494296995513254,0.50197420835518,0.000967065391228696,0.000170625185815395,0.252446739418993,0.24709964492946
20280009,20284009,25,264,2109.96991522164,0.494209359674152,0.502424184089807,0.000963951228981471,0.000170075828365856,0.252446739418993,0.24709964492946
20280009,20284009,25,265,2109.59798473648,0.494122243964307,0.502872661010632,0.000960856641088601,0.000169529923390116,0.252446739418993,0.24709964492946
20280009,20284009,25,266,2109.22825501912,0.494035643731029,0.503319649294166,0.000957781361349375,0.0001689874239395,0.252446739418993,0.24709964492946
20280009,20284009,25,267,2108.86070650558,0.493949554391927,0.50376515898708,0.000954725129744263,0.000168448284155531,0.252446739418993,0.24709964492946
20280009,20284009,25,268,2108.49531992485,0.493863971433235,0.504209200007962,0.00095168769235121,0.000167912459255173,0.252446739418993,0.24709964492946
20280009,20284009,25,269,2108.13207629197,0.493778890408185,0.504651782149073,0.000948668801259245,0.000167379905515594,0.252446739418993,0.24709964492946
20280009,20284009,25,270,2107.77095690117,0.493694306935406,0.505092915078098,0.000945668214479132,0.000166850580258412,0.252446739418993,0.24709964492946
20280009,20284009,25,271,2107.41194331923,0.493610216697358,0.505532608339893,0.000942685695851881,0.000166324441833554,0.252446739418993,0.24709964492946
20280009,20284009,25,272,2107.0550173789,0.493526615438804,0.505970871358231,0.000939721014954883,0.000165801449602708,0.252446739418993,0.24709964492946
20280009,20284009,25,273,2106.70016117254,0.493443498965315,0.506407713437537,0.000936773947006193,0.000165281563922439,0.252446739418993,0.24709964492946
20280009,20284009,25,274,2106.34735704587,0.4933608631418,0.506843143764626,0.000933844272767007,0.000164764746126989,0.252446739418993,0.24709964492946
20280009,20284009,25,275,2105.99658759184,0.493278703891085,0.507277171410429,0.000930931778442866,0.000164250958510856,0.252446739418993,0.24709964492946
20280009,20284009,25,276,2105.64783564473,0.49319701719251,0.507709805331715,0.000928036255583334,0.000163740164311095,0.252446739418993,0.24709964492946
20280009,20284009,25,277,2105.30108427424,0.493115799080565,0.508141054372809,0.000925157500980817,0.000163232327689475,0.252446739418993,0.24709964492946
20280009,20284009,25,278,2104.95631677989,0.493035045643564,0.508570927267298,0.000922295316568468,0.000162727413714475,0.252446739418993,0.24709964492946
20280009,20284009,25,279,2104.6135166854,0.492954753022341,0.508999432639735,0.000919449509317487,0.000162225388343167,0.252446739418993,0.24709964492946
20280009,20284009,25,280,2104.27266773333,0.492874917408985,0.509426579007326,0.000916619891133865,0.000161726218403002,0.252446739418993,0.24709964492946
20280009,20284009,25,281,2103.9337538798,0.492795535045601,0.509852374781621,0.000913806278754999,0.000161229871573582,0.252446739418993,0.24709964492946
20280009,20284009,25,282,2103.59675928932,0.492716602223112,0.510276828270182,0.000911008493646034,0.000160736316368373,0.252446739418993,0.24709964492946
20280009,20284009,25,283,2103.26166832979,0.492638115280077,0.510699947678251,0.000908226361896301,0.000160245522116436,0.252446739418993,0.24709964492946
20280009,20284009,25,284,2102.92846556763,0.492560070601554,0.5111217411104,0.000905459714115873,0.000159757458944189,0.252446739418993,0.24709964492946
20280009,20284009,25,285,2102.59713576301,0.492482464617981,0.511542216572177,0.000902708385332483,0.000159272097757218,0.252446739418993,0.24709964492946
20280009,20284009,25,286,2102.26766386523,0.492405293804094,0.511961381971736,0.000899972214888843,0.000158789410222173,0.252446739418993,0.24709964492946
20280009,20284009,25,287,2101.94003500819,0.492328554677871,0.51237924512145,0.000897251046340447,0.000158309368748735,0.252446739418993,0.24709964492946
20280009,20284009,25,288,2101.61423450602,0.492252243799505,0.512795813739524,0.000894544727353962,0.000157831946471701,0.252446739418993,0.24709964492946
20280009,20284009,25,289,2101.29024784884,0.492176357770404,0.513211095451583,0.000891853109606482,0.000157357117233209,0.252446739418993,0.24709964492946
20280009,20284009,25,290,2100.96806069856,0.49210089323222,0.513625097792249,0.000889176048685467,0.000156884855565092,0.252446739418993,0.24709964492946
20280009,20284009,25,291,2100.64765888488,0.492025846865901,0.514037828206707,0.0008865134039894,0.000156415136671355,0.252446739418993,0.24709964492946
20280009,20284009,25,292,2100.32902840135,0.491951215390778,0.514449294052256,0.00088386503862976,0.000155947936410882,0.252446739418993,0.24709964492946
20280009,20284009,25,293,2100.01215540158,0.491876995563669,0.514859502599838,0.000881230819333455,0.000155483231280232,0.252446739418993,0.24709964492946
20280009,20284009,25,294,2099.69702619552,0.491803184178011,0.515268461035559,0.000878610616346784,0.000155020998396695,0.252446739418993,0.24709964492946
20280009,20284009,25,295,2099.38362724589,0.491729778063022,0.515676176462191,0.000876004303340021,0.000154561215481463,0.252446739418993,0.24709964492946
20280009,20284009,25,296,2099.07194516465,0.49165677408288,0.516082655900658,0.000873411757313483,0.000154103860843063,0.252446739418993,0.24709964492946
20280009,20284009,25,297,2098.76196670966,0.491584169135933,0.516487906291503,0.000870832858504357,0.000153648913360922,0.252446739418993,0.24709964492946
20280009,20284009,25,298,2098.45367878135,0.491511960153924,0.516891934496342,0.000868267490295106,0.00015319635246921,0.252446739418993,0.24709964492946
20280009,20284009,25,299,2098.14706841955,0.49144014410125,0.517294747299298,0.000865715539122559,0.000152746158140806,0.252446739418993,0.24709964492946
20280009,20284009,25,300,2097.84212280042,0.491368717974233,0.517696351408415,0.000863176894388715,0.000152298310871565,0.252446739418993,0.24709964492946
20280009,20284009,25,301,2097.53882923341,0.491297678800421,0.518096753457059,0.000860651448372267,0.000151852791664712,0.252446739418993,0.24709964492946
20280009,20284009,25,302,2097.23717515837,0.491227023637904,0.518495960005299,0.000858139096141806,0.000151409582015532,0.252446739418993,0.24709964492946
20280009,20284009,25,303,2096.93714814276,0.491156749574658,0.518893977541267,0.00085563973546982,0.000150968663896199,0.252446739418993,0.24709964492946
20280009,20284009,25,304,2096.63873587889,0.491086853727904,0.519290812482499,0.000853153266748451,0.000150530019740919,0.252446739418993,0.24709964492946
20280009,20284009,25,305,2096.34192618126,0.491017333243489,0.519686471177264,0.000850679592905942,0.000150093632431192,0.252446739418993,0.24709964492946
20280009,20284009,25,306,2096.04670698408,0.490948185295289,0.520080959905866,0.000848218619324874,0.000149659485281388,0.252446739418993,0.24709964492946
20280009,20284009,25,307,2095.75306633872,0.490879407084626,0.52047428488193,0.000845770253761263,0.000149227562024477,0.252446739418993,0.24709964492946
20280009,20284009,25,308,2095.46099241132,0.490810995839711,0.520866452253668,0.00084333440626528,0.000148797846798048,0.252446739418993,0.24709964492946
20280009,20284009,25,309,2095.17047348054,0.490742948815096,0.521257468105126,0.000840910989102942,0.000148370324130491,0.252446739418993,0.24709964492946
20280009,20284009,25,310,2094.88149793523,0.490675263291158,0.521647338457413,0.000838499916679442,0.000147944978927476,0.252446739418993,0.24709964492946
20280009,20284009,25,311,2094.59405427235,0.490607936573581,0.522036069269905,0.00083610110546343,0.0001475217964586,0.252446739418993,0.24709964492946
20280009,20284009,25,312,2094.3081310948,0.490540965992875,0.522423666441435,0.000833714473912969,0.00014710076234432,0.252446739418993,0.24709964492946
20280009,20284009,25,313,2094.02371710945,0.490474348903899,0.522810135811462,0.000831339942402512,0.000146681862543075,0.252446739418993,0.24709964492946
20280009,20284009,25,314,2093.74080112519,0.490408082685401,0.523195483161214,0.000828977433151396,0.000146265083338676,0.252446739418993,0.24709964492946
20280009,20284009,25,315,2093.459372051,0.490342164739584,0.523579714214823,0.000826626870153578,0.000145850411327907,0.252446739418993,0.24709964492946
20280009,20284009,25,316,2093.17941889417,0.49027659249167,0.523962834640425,0.000824288179108881,0.000145437833408403,0.252446739418993,0.24709964492946
20280009,20284009,25,317,2092.90093075856,0.490211363389498,0.524344850051256,0.000821961287355386,0.000145027336766718,0.252446739418993,0.24709964492946
20280009,20284009,25,318,2092.62389684284,0.490146474903122,0.524725766006713,0.000819646123803381,0.00014461890886668,0.252446739418993,0.24709964492946
20280009,20284009,25,319,2092.34830643892,0.490081924524432,0.525105588013408,0.000817342618870582,0.000144212537437962,0.252446739418993,0.24709964492946
20280009,20284009,25,320,2092.07414893035,0.49001770976678,0.525484321526192,0.000815050704418841,0.000143808210464916,0.252446739418993,0.24709964492946
20280009,20284009,30,10,4492.01878046496,1,0.288147640920386,NaN,NaN,0.252260226647831,0.24709964492946
20280009,20284009,30,11,3656.25949288012,0.81394572720412,0.261562350163031,0.0576345881133032,0.0102415008479038,0.252260226647831,0.24709964492946
20280009,20284009,30,12,3289.77001554806,0.732358918412078,0.246769802292617,0.037775436715109,0.00669080481595904,0.252260226647831,0.24709964492946
20280009,20284009,30,13,3071.21902923638,0.683705741078509,0.237809825149503,0.0293597718362484,0.00519213674908708,0.252260226647831,0.24709964492946
20280009,20284009,30,14,2923.65997223345,0.65085657810425,0.232416582260768,0.0243275364960711,0.00429832463049158,0.252260226647831,0.24709964492946
20280009,20284009,30,15,2815.06560046403,0.626681618675834,0.229355757743723,0.0209704885625468,0.00370310363655689,0.252260226647831,0.24709964492946
20280009,20284009,30,16,2729.91491106274,0.60772562281678,0.227886592024409,0.0185612676828425,0.003276462506606,0.252260226647831,0.24709964492946
20280009,20284009,30,17,2660.13527762969,0.592191486197291,0.227537722768432,0.0167203816069031,0.00295076268228458,0.252260226647831,0.24709964492946
20280009,20284009,30,18,2601.2274547465,0.579077600044506,0.227993684598135,0.0152445203031714,0.00268982715104164,0.252260226647831,0.24709964492946
20280009,20284009,30,19,2550.47806908417,0.567779921173921,0.229034796296113,0.0140221639355646,0.00247382805631527,0.252260226647831,0.24709964492946
20280009,20284009,30,20,2506.11398927595,0.557903720299351,0.230503693041356,0.0129891276147683,0.00229135875704062,0.252260226647831,0.24709964492946
20280009,20284009,30,21,2466.8919993665,0.549172236343846,0.232285426484119,0.0121051479610555,0.00213526812702882,0.252260226647831,0.24709964492946
20280009,20284009,30,22,2431.8963359294,0.541381604748697,0.234294934565802,0.0113408235274895,0.00200034022653768,0.252260226647831,0.24709964492946
20280009,20284009,30,23,2400.43151922901,0.534376999862085,0.236468687193147,0.010673028299163,0.00188247696231306,0.252260226647831,0.24709964492946
20280009,20284009,30,24,2371.9583087404,0.528038377545447,0.238758870565501,0.0100836527927043,0.00177847169571903,0.252260226647831,0.24709964492946
20280009,20284009,30,25,2346.05218988744,0.522271233613275,0.241129247592002,0.00955834444936647,0.00168578467298934,0.252260226647831,0.24709964492946
20280009,20284009,30,26,2322.37419975174,0.517000109138314,0.243552167648387,0.00908570856518215,0.00160240062089842,0.252260226647831,0.24709964492946
20280009,20284009,30,27,2300.649229929,0.512163760297294,0.246006395293308,0.00865688986703032,0.00152675396037342,0.252260226647831,0.24709964492946
20280009,20284009,30,28,2280.65002728103,0.507711596665446,0.248475533711283,0.00826510843395334,0.00145764629758939,0.252260226647831,0.24709964492946
20280009,20284009,30,29,2262.18562916585,0.50360110670145,0.250946874901053,0.00790520016221454,0.00139416496884037,0.252260226647831,0.24709964492946
20280009,20284009,30,30,2245.09300147106,0.499795996231048,0.253410554488345,0.00757324625878785,0.00133561745492221,0.252260226647831,0.24709964492946
20280009,20284009,30,31,2229.2310020409,0.496264844602933,0.255858925735454,0.00726624847872734,0.00128147395620095,0.252260226647831,0.24709964492946
20280009,20284009,30,32,2214.47608015515,0.492980147319405,0.258286091401605,0.00698183599604284,0.00123131559444868,0.252260226647831,0.24709964492946
20280009,20284009,30,33,2200.71923215954,0.489917638307769,0.26068754831472,0.00671803483722658,0.00118479367610656,0.252260226647831,0.24709964492946
20280009,20284009,30,34,2187.86381276314,0.487055802677806,0.263059912135206,0.00647311510787854,0.00114160269523717,0.252260226647831,0.24709964492946
20280009,20284009,30,35,2175.82390450076,0.484375513736286,0.265400699787686,0.00624550374113605,0.00110146490772767,0.252260226647831,0.24709964492946
20280009,20284009,30,36,2164.52304339027,0.481859749296556,0.26770815439915,0.00603374154336523,0.00106412272958774,0.252260226647831,0.24709964492946
20280009,20284009,30,37,2153.89316855683,0.479493357846978,0.269981102659028,0.00583646646253896,0.00102933576781816,0.252260226647831,0.24709964492946
20280009,20284009,30,38,2143.87371286083,0.477262856109191,0.272218837843355,0.00565241024353162,0.000996880217087801,0.252260226647831,0.24709964492946
20280009,20284009,30,39,2134.41078746821,0.475156247509562,0.27442102379402,0.0054804000137746,0.000966549128974196,0.252260226647831,0.24709964492946
20280009,20284009,30,40,2125.45643807612,0.47316285660233,0.276587616321034,0.00531935983017011,0.000938152676520088,0.252260226647831,0.24709964492946
20280009,20284009,30,41,2116.96796497186,0.471273177703131,0.27871879915398,0.0051683099474858,0.000911518018691044,0.252260226647831,0.24709964492946
20280009,20284009,30,42,2108.9073052099,0.469478737351051,0.280814931978892,0.00502636350955811,0.000886488711802613,0.252260226647831,0.24709964492946
20280009,20284009,30,43,2101.24047600588,0.46777197039866,0.282876508426377,0.00489272143118456,0.000862923803090147,0.252260226647831,0.24709964492946
20280009,20284009,30,44,2093.93707707806,0.466146109224708,0.284904122197962,0.0047666664704251,0.00084069678247241,0.252260226647831,0.24709964492946
20280009,20284009,30,45,2086.96984827379,0.464595085254246,0.286898439836117,0.00464755716629746,0.00081969451130639,0.252260226647831,0.24709964492946
20280009,20284009,30,46,2080.31427826957,0.463113441848576,0.288860178934495,0.00453482183998426,0.000799816162870086,0.252260226647831,0.24709964492946
20280009,20284009,30,47,2073.94826031367,0.461696257667693,0.290790090824311,0.00442795254153956,0.000780972153605644,0.252260226647831,0.24709964492946
20280009,20284009,30,48,2067.85179139567,0.460339079700293,0.292688946952196,0.00432649877052748,0.000763083034755292,0.252260226647831,0.24709964492946
20280009,20284009,30,49,2062.00671147141,0.459037865210789,0.294557528292483,0.00423006093452696,0.000746078337955817,0.252260226647831,0.24709964492946
20280009,20284009,30,50,2056.39647931324,0.45778893183977,0.296396617229733,0.00413828369675227,0.000729895401418743,0.252260226647831,0.24709964492946
20280009,20284009,30,51,2051.00598128964,0.456588915035067,0.298206991422163,0.00405084949525251,0.000714478226481852,0.252260226647831,0.24709964492946
20280009,20284009,30,52,2045.82136908969,0.455434731926461,0.299989419225133,0.00396747254787748,0.000699776419923424,0.252260226647831,0.24709964492946
20280009,20284009,30,53,2040.82992226067,0.454323550724208,0.301744656320924,0.00388789359987082,0.000685744267326598,0.252260226647831,0.24709964492946
20280009,20284009,30,54,2036.01993150249,0.453252764738384,0.303473443266824,0.00381187556149013,0.000672339963479525,0.252260226647831,0.24709964492946
20280009,20284009,30,55,2031.38059896348,0.452219970183031,0.305176503735476,0.00373920006152703,0.000659525004365633,0.252260226647831,0.24709964492946
20280009,20284009,30,56,2026.90195225328,0.451222947033957,0.306854543276375,0.00366966483944154,0.000647263727105188,0.252260226647831,0.24709964492946
20280009,20284009,30,57,2022.57476944957,0.450259642333957,0.308508248473058,0.00360308183072159,0.000635522972198524,0.252260226647831,0.24709964492946
20280009,20284009,30,58,2018.39051294763,0.449328155466596,0.310138286405895,0.00353927577098369,0.000624271837289884,0.252260226647831,0.24709964492946
20280009,20284009,30,59,2014.34127052307,0.448426725035769,0.311745304355858,0.00347808314891098,0.000613481492479053,0.252260226647831,0.24709964492946
20280009,20284009,30,60,2010.41970241095,0.447553717084605,0.313329929701669,0.00341935136597367,0.000603125032120088,0.252260226647831,0.24709964492946
20280009,20284009,30,61,2006.61899353444,0.446707614460762,0.314892769973315,0.00336293800031396,0.000593177345002774,0.252260226647831,0.24709964492946
20280009,20284009,30,62,2002.93281024746,0.445887007186585,0.31643441303123,0.00330871011300268,0.000583614992013832,0.252260226647831,0.24709964492946
20280009,20284009,30,63,1999.35526110341,0.445090583725579,0.317955427344379,0.00325654356983597,0.000574416086541979,0.252260226647831,0.24709964492946
20280009,20284009,30,64,1995.88086124861,0.444317123055754,0.319456362343495,0.00320632237701488,0.000565560177332217,0.252260226647831,0.24709964492946
20280009,20284009,30,65,1992.50450008437,0.443565487470675,0.320937748828718,0.00315793804347623,0.000557028136039726,0.252260226647831,0.24709964492946
20280009,20284009,30,66,1989.22141186655,0.442834616034407,0.322400099414255,0.00311128898753008,0.000548802052596601,0.252260226647831,0.24709964492946
20280009,20284009,30,67,1986.02714892782,0.44212351862034,0.323843908996359,0.00306628000330263,0.000540865141124673,0.252260226647831,0.24709964492946
20280009,20284009,30,68,1982.91755722642,0.441431270467924,0.325269655234789,0.00302282179619949,0.000533201658019856,0.252260226647831,0.24709964492946
20280009,20284009,30,69,1979.88875394857,0.44075700719658,0.326677799041425,0.00298083058889138,0.000525796832473201,0.252260226647831,0.24709964492946
20280009,20284009,30,70,1976.93710692126,0.440099920222648,0.328068785072745,0.00294022779222467,0.000518636808441741,0.252260226647831,0.24709964492946
20280009,20284009,30,71,1974.05921562611,0.439459252532727,0.329443042225055,0.00290093973022299,0.000511708596158663,0.252260226647831,0.24709964492946
20280009,20284009,30,72,1971.25189363976,0.438834294774636,0.330800984132744,0.00286289740545334,0.000505000030762091,0.252260226647831,0.24709964492946
20280009,20284009,30,73,1968.51215236078,0.438224381634715,0.33214300967034,0.00282603629039364,0.000498499735509335,0.252260226647831,0.24709964492946
20280009,20284009,30,74,1965.83718591267,0.437628888476996,0.333469503459061,0.0027902961316104,0.000492197087250144,0.252260226647831,0.24709964492946
20280009,20284009,30,75,1963.22435713841,0.437047228225346,0.334780836377904,0.00275562075595024,0.000486082182254771,0.252260226647831,0.24709964492946
20280009,20284009,30,76,1960.67118462112,0.436478848474043,0.336077366078531,0.00272195787098742,0.000480145801028588,0.252260226647831,0.24709964492946
20280009,20284009,30,77,1958.17533067934,0.43592322881532,0.33735943750224,0.00268925885516303,0.000474379371308115,0.252260226647831,0.24709964492946
20280009,20284009,30,78,1955.73459029384,0.435379878374286,0.338627383396536,0.00265747853603644,0.000468774928959901,0.252260226647831,0.24709964492946
20280009,20284009,30,79,1953.346880927,0.434848333542545,0.339881524828173,0.00262657495760565,0.000463325076950947,0.252260226647831,0.24709964492946
20280009,20284009,30,80,1951.01023319636,0.434328155901969,0.341122171689188,0.00259650913960119,0.00045802294290295,0.252260226647831,0.24709964492946
20280009,20284009,30,81,1948.72278236196,0.433818930329639,0.342349623192351,0.00256724483296432,0.000452862135973134,0.252260226647831,0.24709964492946
20280009,20284009,30,82,1946.48276058399,0.433320263274258,0.343564168352632,0.00253874827639993,0.000447836703924245,0.252260226647831,0.24709964492946
20280009,20284009,30,83,1944.28848990302,0.432831781193437,0.344766086451656,0.00251098795900517,0.000442941091265857,0.252260226647831,0.24709964492946
20280009,20284009,30,84,1942.13837589182,0.432353129140478,0.345955647482659,0.00248393439361636,0.000438170099285962,0.252260226647831,0.24709964492946
20280009,20284009,30,85,1940.03090192449,0.431883969488586,0.347133112574091,0.00245755990480767,0.000433518848666691,0.252260226647831,0.24709964492946
20280009,20284009,30,86,1937.96462400713,0.431423980780093,0.348298734390707,0.00243183843454099,0.000428982745213279,0.252260226647831,0.24709964492946
20280009,20284009,30,87,1935.93816611386,0.430972856688162,0.349452757511631,0.00240674536742797,0.000424557449042248,0.252260226647831,0.24709964492946
20280009,20284009,30,88,1933.95021597282,0.430530305078698,0.350595418785522,0.00238225737653294,0.000420238847392579,0.252260226647831,0.24709964492946
20280009,20284009,30,89,1931.99952124947,0.430096047160669,0.351726947663473,0.00235835228969899,0.000416023031056835,0.252260226647831,0.24709964492946
20280009,20284009,30,90,1930.0848860774,0.429669816713815,0.352847566510738,0.00233500897558385,0.000411906274288689,0.252260226647831,0.24709964492946
20280009,20284009,30,91,1928.20516789149,0.429251359383654,0.353957490898684,0.00231220724797745,0.000407885017934952,0.252260226647831,0.24709964492946
20280009,20284009,30,92,1926.35927452263,0.42884043203471,0.355056929878552,0.00228992778655072,0.00040395585546567,0.252260226647831,0.24709964492946
20280009,20284009,30,93,1924.54616151825,0.42843680215403,0.356146086238764,0.00226815207194798,0.000400115521533967,0.252260226647831,0.24709964492946
20280009,20284009,30,94,1922.7648296579,0.428040247298092,0.357225156747475,0.00224686233305808,0.00039636088268377,0.252260226647831,0.24709964492946
20280009,20284009,30,95,1921.01432263752,0.427650554577306,0.358294332382043,0.00222604150435317,0.000392688929832949,0.252260226647831,0.24709964492946
20280009,20284009,30,96,1919.29372490072,0.427267520173204,0.359353798546949,0.00220567319133283,0.000389096772185723,0.252260226647831,0.24709964492946
20280009,20284009,30,97,1917.60215959893,0.426890948884332,0.360403735281565,0.0021857416423209,0.000385581632265136,0.252260226647831,0.24709964492946
20280009,20284009,30,98,1915.93878666559,0.42652065369755,0.361444317458963,0.00216623172510365,0.000382140841799003,0.252260226647831,0.24709964492946
20280009,20284009,30,99,1914.30280099274,0.426156455382094,0.362475714976805,0.00214712890714379,0.000378771838236058,0.252260226647831,0.24709964492946
20280009,20284009,30,100,1912.69343070018,0.425798182104262,0.363498092941131,0.00212841923833859,0.000375472161710355,0.252260226647831,0.24709964492946
20280009,20284009,30,101,1911.10993548958,0.425445669061019,0.364511611843727,0.00211008933549981,0.000372239452308834,0.252260226647831,0.24709964492946
20280009,20284009,30,102,1909.55160507738,0.425098758131132,0.36551642773357,0.00209212636791089,0.000369071447528423,0.252260226647831,0.24709964492946
20280009,20284009,30,103,1908.01775770147,0.424757297542727,0.366512692382748,0.00207451804346337,0.000365965979834808,0.252260226647831,0.24709964492946
20280009,20284009,30,104,1906.50773869754,0.424421141556358,0.367500553447094,0.00205725259499051,0.000362920974255531,0.252260226647831,0.24709964492946
20280009,20284009,30,105,1905.02091914175,0.424090150162856,0.368480154621744,0.00204031876650655,0.000359934445956014,0.252260226647831,0.24709964492946
20280009,20284009,30,106,1903.55669455705,0.423764188795315,0.369451635791697,0.00202370579913039,0.000357004497759516,0.252260226647831,0.24709964492946
20280009,20284009,30,107,1902.11448368071,0.423443128054736,0.370415133177452,0.00200740341652861,0.000354129317581942,0.252260226647831,0.24709964492946
20280009,20284009,30,108,1900.6937272911,0.423126843448851,0.371370779475744,0.00199140180975876,0.000351307175760536,0.252260226647831,0.24709964492946
20280009,20284009,30,109,1899.29388709212,0.422815215143765,0.372318703995362,0.00197569162143466,0.000348536422262671,0.252260226647831,0.24709964492946
20280009,20284009,30,110,1897.91444465356,0.422508127728066,0.373259032788049,0.00196026392917341,0.000345815483767673,0.252260226647831,0.24709964492946
20280009,20284009,30,111,1896.55490040611,0.422205469989109,0.374191888774458,0.00194511022832072,0.00034314286062112,0.252260226647831,0.24709964492946
20280009,20284009,30,112,1895.2147726897,0.421907134701145,0.375117391865144,0.00193022241398662,0.000340517123667274,0.252260226647831,0.24709964492946
20280009,20284009,30,113,1893.89359685382,0.421613018425044,0.376035659076588,0.00191559276245886,0.000337936910971545,0.252260226647831,0.24709964492946
20280009,20284009,30,114,1892.59092440849,0.421323021319291,0.376946804642237,0.00190121391209292,0.000335400924450507,0.252260226647831,0.24709964492946
20280009,20284009,30,115,1891.30632222459,0.42103704696195,0.377850940118588,0.00188707884380709,0.00033290792643208,0.252260226647831,0.24709964492946
20280009,20284009,30,116,1890.03937178189,0.420755002183285,0.378748174486329,0.00187318086133475,0.000330456736172775,0.252260226647831,0.24709964492946
20280009,20284009,30,117,1888.78966846346,0.420476796908661,0.379638614246576,0.00185951357140364,0.000328046226361972,0.252260226647831,0.24709964492946
20280009,20284009,30,118,1887.55682089443,0.42020234401136,0.380522363512277,0.00184607086402396,0.000325675319645302,0.252260226647831,0.24709964492946
20280009,20284009,30,119,1886.34045032355,0.419931559174892,0.381399524094844,0.00183284689307096,0.000323342985199907,0.252260226647831,0.24709964492946
20280009,20284009,30,120,1885.14019004538,0.41966436076437,0.382270195586108,0.00181983605734525,0.000321048235393921,0.252260226647831,0.24709964492946
20280009,20284009,30,121,1883.95568486104,0.419400669706468,0.38313447543572,0.00180703298228537,0.000318790122560958,0.252260226647831,0.24709964492946
20280009,20284009,30,122,1882.78659057546,0.419140409377491,0.383992459024108,0.00179443250249271,0.000316567735917865,0.252260226647831,0.24709964492946
20280009,20284009,30,123,1881.63257352868,0.418883505499039,0.384844239731141,0.00178202964521028,0.000314380198650715,0.252260226647831,0.24709964492946
20280009,20284009,30,124,1880.49331015897,0.418629886040754,0.385689909000668,0.00176981961487514,0.000312226665190157,0.252260226647831,0.24709964492946
20280009,20284009,30,125,1879.36848659547,0.418379481129626,0.386529556401084,0.00175779777884034,0.000310106318693069,0.252260226647831,0.24709964492946
20280009,20284009,30,126,1878.2577982778,0.418132222965325,0.387363269682138,0.0017459596543375,0.000308018368743046,0.252260226647831,0.24709964492946
20280009,20284009,30,127,1877.16094960066,0.417888045741063,0.388191134828151,0.001734300896727,0.000305962049278024,0.252260226647831,0.24709964492946
20280009,20284009,30,128,1876.0776535807,0.417646885569457,0.389013236107876,0.00172281728905821,0.00030393661674898,0.252260226647831,0.24709964492946
20280009,20284009,30,129,1875.00763154393,0.41740868041292,0.389829656121194,0.00171150473294033,0.000301941348509841,0.252260226647831,0.24709964492946
20280009,20284009,30,130,1873.95061283121,0.417173370018109,0.390640475842883,0.00170035924070291,0.000299975541434885,0.252260226647831,0.24709964492946
20280009,20284009,30,131,1872.90633452,0.416940895853989,0.391445774663672,0.00168937692880695,0.000298038510756758,0.252260226647831,0.24709964492946
20280009,20284009,30,132,1871.87454116054,0.416711201053079,0.392245630428805,0.0016785540124495,0.000296129589115021,0.252260226647831,0.24709964492946
20280009,20284009,30,133,1870.85498452457,0.416484230355538,0.393040119474352,0.00166788680129012,0.000294248125802602,0.252260226647831,0.24709964492946
20280009,20284009,30,134,1869.84742336517,0.416259930055685,0.393829316661477,0.00165737169621418,0.000292393486195153,0.252260226647831,0.24709964492946
20280009,20284009,30,135,1868.85162318622,0.416038247950686,0.394613295408882,0.00164700518703646,0.000290565051346272,0.252260226647831,0.24709964492946
20280009,20284009,30,136,1867.86735602022,0.415819133291085,0.395392127723651,0.00163678385103888,0.000288762217729885,0.252260226647831,0.24709964492946
20280009,20284009,30,137,1866.89440021333,0.415602536732959,0.396165884230689,0.00162670435222906,0.000286984397109761,0.252260226647831,0.24709964492946
20280009,20284009,30,138,1865.93254021676,0.415388410291468,0.39693463420095,0.00161676344119995,0.000285231016515076,0.252260226647831,0.24709964492946
20280009,20284009,30,139,1864.98156638357,0.41517670729563,0.397698445578651,0.00160695795546789,0.00028350151830036,0.252260226647831,0.24709964492946
20280009,20284009,30,140,1864.04127477046,0.414967382344184,0.398457385007633,0.00159728482016449,0.000281795360267859,0.252260226647831,0.24709964492946
20280009,20284009,30,141,1863.11146694378,0.414760391262418,0.399211517857036,0.0015877410489586,0.000280112015830476,0.252260226647831,0.24709964492946
20280009,20284009,30,142,1862.19194978969,0.414555691059898,0.399960908246423,0.00157832374508824,0.000278450974194107,0.252260226647831,0.24709964492946
20280009,20284009,30,143,1861.28253532806,0.414353239889039,0.400705619070498,0.00156903010238701,0.000276811740538993,0.252260226647831,0.24709964492946
20280009,20284009,30,144,1860.38304053009,0.414152997004505,0.401445712023516,0.00155985740619764,0.000275193836181147,0.252260226647831,0.24709964492946
20280009,20284009,30,145,1859.49328713962,0.41395492272344,0.402181247623484,0.00155080303407531,0.0002735967986967,0.252260226647831,0.24709964492946
20280009,20284009,30,146,1858.61310149833,0.413758978386538,0.402912285236245,0.00154186445619431,0.000272020181993886,0.252260226647831,0.24709964492946
20280009,20284009,30,147,1857.74231437489,0.41356512632002,0.403638883099484,0.00153303923538555,0.000270463556319915,0.252260226647831,0.24709964492946
20280009,20284009,30,148,1856.8807607984,0.413373329798545,0.404361098346726,0.00152432502674669,0.000268926508192413,0.252260226647831,0.24709964492946
20280009,20284009,30,149,1856.02827989629,0.413183553009139,0.405078987031329,0.00151571957678132,0.000267408640247804,0.252260226647831,0.24709964492946
20280009,20284009,30,150,1855.18471473722,0.412995761016207,0.405792604150519,0.00150722072204028,0.000265909571001831,0.252260226647831,0.24709964492946
20280009,20284009,30,151,1854.34991217901,0.412809919727689,0.406502003669424,0.00149882638725253,0.000264428934520029,0.252260226647831,0.24709964492946
20280009,20284009,30,152,1853.52372272223,0.41262599586246,0.407207238545134,0.00149053458294911,0.000262966379998754,0.252260226647831,0.24709964492946
20280009,20284009,30,153,1852.7060003695,0.412443956919016,0.407908360750734,0.00148234340259659,0.000261521571259686,0.252260226647831,0.24709964492946
20280009,20284009,30,154,1851.89660249103,0.412263771145531,0.408605421299278,0.00147425101927049,0.000260094186163154,0.252260226647831,0.24709964492946
20280009,20284009,30,155,1851.09538969641,0.41208540751132,0.409298470267675,0.0014662556819092,0.000258683915947453,0.252260226647831,0.24709964492946
20280009,20284009,30,156,1850.30222571299,0.411908835679771,0.409987556820411,0.00145835571119903,0.000257290464503089,0.252260226647831,0.24709964492946
20280009,20284009,30,157,1849.51697727102,0.411734025982764,0.410672729233067,0.00145054949514861,0.000255913547592202,0.252260226647831,0.24709964492946
20280009,20284009,30,158,1848.73951399551,0.411560949396598,0.411354034915564,0.00144283548441592,0.000254552892024343,0.252260226647831,0.24709964492946
20280009,20284009,30,159,1847.96970830485,0.411389577519435,0.41203152043508,0.00143521218745547,0.000253208234800536,0.252260226647831,0.24709964492946
20280009,20284009,30,160,1847.20743531632,0.411219882550251,0.412705231538564,0.00142767816555374,0.000251879322237598,0.252260226647831,0.24709964492946
20280009,20284009,30,161,1846.45257275815,0.411051837269261,0.413375213174794,0.00142023202782244,0.000250565909085033,0.252260226647831,0.24709964492946
20280009,20284009,30,162,1845.70500088808,0.4108854150198,0.414041509515922,0.00141287242621543,0.000249267757646078,0.252260226647831,0.24709964492946
20280009,20284009,30,163,1844.96460241827,0.410720589691591,0.414704163978439,0.00140559805063349,0.000247984636914266,0.252260226647831,0.24709964492946
20280009,20284009,30,164,1844.23126244613,0.410557335705359,0.415363219243519,0.00139840762417587,0.000246716321735857,0.252260226647831,0.24709964492946
20280009,20284009,30,165,1843.5048683909,0.410395627998706,0.416018717276698,0.001391299898592,0.000245462592007591,0.252260226647831,0.24709964492946
20280009,20284009,30,166,1842.78530993557,0.410235442013185,0.416670699346834,0.00138427364998096,0.000244223231918141,0.252260226647831,0.24709964492946
20280009,20284009,30,167,1842.07247897377,0.410076753682473,0.417319206044341,0.00137732767477893,0.000242998029240377,0.252260226647831,0.24709964492946
20280009,20284009,30,168,1841.36626956122,0.409919539421565,0.417964277298641,0.00137046078606848,0.000241786774680388,0.252260226647831,0.24709964492946
20280009,20284009,30,169,1840.6665778713,0.409763776116889,0.418605952394846,0.00136367181023533,0.000240589261287818,0.252260226647831,0.24709964492946
20280009,20284009,30,170,1839.97330215446,0.409609441117253,0.419244269989638,0.00135695958399194,0.000239405283930904,0.252260226647831,0.24709964492946
20280009,20284009,30,171,1839.28634270074,0.409456512225524,0.419879268126353,0.00135032295177943,0.000238234638838261,0.252260226647831,0.24709964492946
20280009,20284009,30,172,1838.60560180533,0.409304967690946,0.420510984249272,0.00134376076355355,0.000237077123208412,0.252260226647831,0.24709964492946
20280009,20284009,30,173,1837.93098373651,0.409154786202,0.421139455217122,0.0013372718729533,0.00023593253488683,0.252260226647831,0.24709964492946
20280009,20284009,30,174,1837.26239470559,0.409005946879727,0.421764717315817,0.00133085513584584,0.000234800672109347,0.252260226647831,0.24709964492946
20280009,20284009,30,175,1836.59974283863,0.408858429271421,0.42238680627044,0.00132450940923572,0.000233681333309851,0.252260226647831,0.24709964492946
20280009,20284009,30,176,1835.94293814938,0.408712213344607,0.423005757256514,0.00131823355052232,0.000232574316989393,0.252260226647831,0.24709964492946
20280009,20284009,30,177,1835.29189251323,0.408567279481246,0.423621604910578,0.00131202641708541,0.000231479421643192,0.252260226647831,0.24709964492946
20280009,20284009,30,178,1834.64651964185,0.40842360847208,0.424234383340106,0.00130588686617577,0.000230396445741444,0.252260226647831,0.24709964492946
20280009,20284009,30,179,1834.00673505817,0.408281181511073,0.424844126132813,0.00129981375508508,0.000229325187759405,0.252260226647831,0.24709964492946
20280009,20284009,30,180,1833.37245607153,0.408139980189879,0.425450866365377,0.00129380594156779,0.000228265446251908,0.252260226647831,0.24709964492946
20280009,20284009,30,181,1832.74360175283,0.407999986492294,0.426054636611631,0.00128786228448619,0.000227217019967281,0.252260226647831,0.24709964492946
20280009,20284009,30,182,1832.1200929093,0.407861182788657,0.426655468950254,0.00128198164464927,0.000226179707995424,0.252260226647831,0.24709964492946
20280009,20284009,30,183,1831.50185205897,0.407723551830162,0.427253394972023,0.00127616288581611,0.000225153309944917,0.252260226647831,0.24709964492946
20280009,20284009,30,184,1830.88880340457,0.407587076743045,0.42784844578665,0.00127040487583431,0.000224137626143959,0.252260226647831,0.24709964492946
20280009,20284009,30,185,1830.28087280685,0.407451741022641,0.428440652029263,0.00126470648788536,0.000223132457860143,0.252260226647831,0.24709964492946
20280009,20284009,30,186,1829.67798775714,0.407317528527286,0.429030043866564,0.00125906660180929,0.000222137607534246,0.252260226647831,0.24709964492946
20280009,20284009,30,187,1829.08007734926,0.407184423472054,0.429616651002712,0.00125348410548295,0.000221152879023452,0.252260226647831,0.24709964492946
20280009,20284009,30,188,1828.48707225063,0.407052410422327,0.430200502684964,0.00124795789622751,0.000220178077849739,0.252260226647831,0.24709964492946
20280009,20284009,30,189,1827.89890467261,0.406921474287204,0.43078162770912,0.00124248688222253,0.000219213011449409,0.252260226647831,0.24709964492946
20280009,20284009,30,190,1827.31550834022,0.406791600312738,0.431360054424799,0.00123706998390649,0.000218257489420246,0.252260226647831,0.24709964492946
20280009,20284009,30,191,1826.736818461,0.406662774075027,0.431935810740583,0.00123170613534495,0.000217311323762935,0.252260226647831,0.24709964492946
20280009,20284009,30,192,1826.1627716934,0.406534981473157,0.432508924129068,0.00122639428555035,0.000216374329113961,0.252260226647831,0.24709964492946
20280009,20284009,30,193,1825.59330611443,0.406408208722018,0.433079421631829,0.00122113339973896,0.00021544632296742,0.252260226647831,0.24709964492946
20280009,20284009,30,194,1825.02836118695,0.406282442345007,0.433647329864357,0.00121592246051332,0.000214527125883659,0.252260226647831,0.24709964492946
20280009,20284009,30,195,1824.46787772638,0.406157669166631,0.43421267502095,0.00121076046895966,0.000213616561682942,0.252260226647831,0.24709964492946
20280009,20284009,30,196,1823.91179786723,0.40603387630504,0.434775482879623,0.0012056464456527,0.000212714457622752,0.252260226647831,0.24709964492946
20280009,20284009,30,197,1823.36006502919,0.405911051164497,0.435335778807016,0.00120057943156149,0.000211820644557634,0.252260226647831,0.24709964492946
20280009,20284009,30,198,1822.81262388326,0.405789181427817,0.435893587763339,0.00119555848885196,0.000210934957080828,0.252260226647831,0.24709964492946
20280009,20284009,30,199,1822.26942031761,0.405668255048788,0.436448934307358,0.0011905827015833,0.000210057233647144,0.252260226647831,0.24709964492946
20280009,20284009,30,200,1821.73040140362,0.405548260244597,0.437001842601432,0.00118565117629736,0.000209187316676982,0.252260226647831,0.24709964492946
20280009,20284009,30,201,1821.19551536197,0.405429185488281,0.437552336416612,0.00118076304250083,0.000208325052641414,0.252260226647831,0.24709964492946
20280009,20284009,30,202,1820.66471152889,0.405311019501222,0.438100439137807,0.00117591745304154,0.000207470292128609,0.252260226647831,0.24709964492946
20280009,20284009,30,203,1820.13794032278,0.40519375124571,0.438646173769019,0.00117111358438185,0.000206622889892074,0.252260226647831,0.24709964492946
20280009,20284009,30,204,1819.61515321112,0.405077369917579,0.439189562938651,0.00116635063677179,0.000205782704881222,0.252260226647831,0.24709964492946
20280009,20284009,30,205,1819.09630267787,0.404961864938947,0.439730628904888,0.00116162783432668,0.000204949600255081,0.252260226647831,0.24709964492946
20280009,20284009,30,206,1818.58134219134,0.404847225951068,0.440269393561152,0.00115694442501379,0.000204123443379959,0.252260226647831,0.24709964492946
20280009,20284009,30,207,1818.07022617267,0.404733442807308,0.440805878441622,0.00115229968055348,0.000203304105812008,0.252260226647831,0.24709964492946
20280009,20284009,30,208,1817.5629099649,0.404620505566267,0.441340104726831,0.00114769289624036,0.000202491463265698,0.252260226647831,0.24709964492946
20280009,20284009,30,209,1817.05934980273,0.404508404485043,0.441872093249309,0.00114312339069098,0.000201685395569299,0.252260226647831,0.24709964492946
20280009,20284009,30,210,1816.55950278303,0.404397130012668,0.442401864499298,0.00113859050552373,0.000200885786608425,0.252260226647831,0.24709964492946
20280009,20284009,30,211,1816.06332683609,0.404286672783704,0.442929438630511,0.00113409360497769,0.000200092524258798,0.252260226647831,0.24709964492946
20280009,20284009,30,212,1815.57078069764,0.404177023612023,0.443454835465929,0.00112963207547664,0.000199305500309337,0.252260226647831,0.24709964492946
20280009,20284009,30,213,1815.08182388176,0.404068173484769,0.443978074503646,0.00112520532514445,0.000198524610376669,0.252260226647831,0.24709964492946
20280009,20284009,30,214,1814.59641665456,0.403960113556502,0.444499174922731,0.00112081278327808,0.000197749753812154,0.252260226647831,0.24709964492946
20280009,20284009,30,215,1814.11452000879,0.403852835143538,0.445018155589122,0.00111645389978408,0.000196980833602486,0.252260226647831,0.24709964492946
20280009,20284009,30,216,1813.63609563923,0.403746329718485,0.445535035061523,0.00111212814458463,0.000196217756264906,0.252260226647831,0.24709964492946
20280009,20284009,30,217,1813.16110591904,0.403640588904966,0.446049831597313,0.00110783500699807,0.000195460431737916,0.252260226647831,0.24709964492946
20280009,20284009,30,218,1812.68951387694,0.403535604472543,0.446562563158442,0.00110357399509965,0.000194708773268508,0.252260226647831,0.24709964492946
20280009,20284009,30,219,1812.22128317526,0.403431368331831,0.447073247417331,0.00109934463506702,0.000193962697296698,0.252260226647831,0.24709964492946
20280009,20284009,30,220,1811.75637808888,0.403327872529809,0.447581901762735,0.00109514647051503,0.000193222123338175,0.252260226647831,0.24709964492946
20280009,20284009,30,221,1811.29476348502,0.403225109245321,0.448088543305588,0.00109097906182439,0.000192486973865864,0.252260226647831,0.24709964492946
20280009,20284009,30,222,1810.83640480383,0.403123070784757,0.448593188884813,0.00108684198546742,0.000191757174190982,0.252260226647831,0.24709964492946
20280009,20284009,30,223,1810.38126803991,0.40302174957793,0.449095855073091,0.00108273483333489,0.000191032652344275,0.252260226647831,0.24709964492946
20280009,20284009,30,224,1809.92931972449,0.402921138174125,0.449596558182571,0.00107865721206704,0.000190313338958011,0.252260226647831,0.24709964492946
20280009,20284009,30,225,1809.48052690855,0.402821229238327,0.450095314270537,0.00107460874239132,0.000189599167149135,0.252260226647831,0.24709964492946
20280009,20284009,30,226,1809.03485714661,0.402722015547619,0.450592139145006,0.00107058905846983,0.00018889007240416,0.252260226647831,0.24709964492946
20280009,20284009,30,227,1808.59227848131,0.402623489987748,0.451087048370263,0.00106659780725821,0.000188185992466062,0.252260226647831,0.24709964492946
20280009,20284009,30,228,1808.15275942869,0.402525645549846,0.451580057272314,0.00106263464787824,0.000187486867223596,0.252260226647831,0.24709964492946
20280009,20284009,30,229,1807.71626896418,0.402428475327314,0.45207118094427,0.00105869925100574,0.000186792638603317,0.252260226647831,0.24709964492946
20280009,20284009,30,230,1807.28277650925,0.402331972512853,0.452560434251648,0.00105479129827496,0.000186103250464509,0.252260226647831,0.24709964492946
20280009,20284009,30,231,1806.85225191873,0.402236130395632,0.453047831837574,0.00105091048170087,0.000185418648497276,0.252260226647831,0.24709964492946
20280009,20284009,30,232,1806.42466546872,0.402140942358602,0.453533388127912,0.00104705650312044,0.000184738780123964,0.252260226647831,0.24709964492946
20280009,20284009,30,233,1805.9999878451,0.402046401875943,0.454017117336283,0.00104322907365306,0.000184063594403991,0.252260226647831,0.24709964492946
20280009,20284009,30,234,1805.57819013264,0.401952502510629,0.454499033468995,0.00103942791318148,0.000183393041942273,0.252260226647831,0.24709964492946
20280009,20284009,30,235,1805.15924380458,0.40185923791212,0.454979150329878,0.001035652749853,0.000182727074801233,0.252260226647831,0.24709964492946
20280009,20284009,30,236,1804.74312071282,0.401766601814166,0.455457481525,0.00103190331960172,0.000182065646416526,0.252260226647831,0.24709964492946
20280009,20284009,30,237,1804.32979307852,0.401674588032724,0.4559340404673,0.00102817936569162,0.000181408711516434,0.252260226647831,0.24709964492946
20280009,20284009,30,238,1803.91923348322,0.401583190463976,0.4564088403811,0.00102448063828067,0.000180756226044975,0.252260226647831,0.24709964492946
20280009,20284009,30,239,1803.51141486033,0.40149240308244,0.456881894306517,0.00102080689400597,0.000180108147088726,0.252260226647831,0.24709964492946
20280009,20284009,30,240,1803.10631048716,0.401402219939188,0.457353215103765,0.00101715789558948,0.000179464432807267,0.252260226647831,0.24709964492946
20280009,20284009,30,241,1802.70389397722,0.401312635160137,0.457822815457354,0.0010135334114646,0.00017882504236732,0.252260226647831,0.24709964492946
20280009,20284009,30,242,1802.30413927296,0.401223642944432,0.458290707880173,0.00100993321542265,0.000178189935880383,0.252260226647831,0.24709964492946
20280009,20284009,30,243,1801.90702063884,0.401135237562905,0.458756904717469,0.00100635708627952,0.000177559074343937,0.252260226647831,0.24709964492946
20280009,20284009,30,244,1801.51251265477,0.401047413356607,0.459221418150722,0.00100280480756163,0.00017693241958604,0.252260226647831,0.24709964492946
20280009,20284009,30,245,1801.1205902098,0.400960164735412,0.459684260201402,0.000999276167210961,0.000176309934213314,0.252260226647831,0.24709964492946
20280009,20284009,30,246,1800.73122849611,0.400873486176681,0.460145442734627,0.000995770957308527,0.000175691581562157,0.252260226647831,0.24709964492946
20280009,20284009,30,247,1800.34440300337,0.40078737222399,0.460604977462717,0.000992288973816025,0.000175077325653183,0.252260226647831,0.24709964492946
20280009,20284009,30,248,1799.96008951319,0.400701817485919,0.461062875948634,0.00098883001633459,0.000174467131148663,0.252260226647831,0.24709964492946
20280009,20284009,30,249,1799.57826409398,0.400616816634882,0.46151914960933,0.000985393887880668,0.000173860963313002,0.252260226647831,0.24709964492946
20280009,20284009,30,250,1799.19890309589,0.400532364406023,0.461973809718981,0.000981980394678006,0.000173258787976047,0.252260226647831,0.24709964492946
20280009,20284009,30,251,1798.82198314607,0.400448455596145,0.462426867412135,0.000978589345965194,0.000172660571499146,0.252260226647831,0.24709964492946
20280009,20284009,30,252,1798.44748114405,0.400365085062689,0.462878333686747,0.000975220553818346,0.00017206628074387,0.252260226647831,0.24709964492946
20280009,20284009,30,253,1798.07537425731,0.400282247722748,0.463328219407128,0.000971873832987911,0.00017147588304324,0.252260226647831,0.24709964492946
20280009,20284009,30,254,1797.70563991707,0.400199938552125,0.463776535306796,0.000968549000749196,0.000170889346175361,0.252260226647831,0.24709964492946
20280009,20284009,30,255,1797.33825581417,0.400118152584421,0.464223291991235,0.000965245876765931,0.000170306638339361,0.252260226647831,0.24709964492946
20280009,20284009,30,256,1796.97319989511,0.400036884910153,0.464668499940561,0.0009619642829662,0.000169727728133515,0.252260226647831,0.24709964492946
20280009,20284009,30,257,1796.61045035826,0.399956130675904,0.465112169512108,0.000958704043429763,0.000169152584535374,0.252260226647831,0.24709964492946
20280009,20284009,30,258,1796.24998565015,0.399875885083504,0.46555431094292,0.000955464984286629,0.00016858117688388,0.252260226647831,0.24709964492946
20280009,20284009,30,259,1795.89178446188,0.399796143389228,0.465994934352166,0.000952246933625727,0.000168013474863264,0.252260226647831,0.24709964492946
20280009,20284009,30,260,1795.53582572563,0.399716900903023,0.466434049743471,0.000949049721413301,0.000167449448488655,0.252260226647831,0.24709964492946
20280009,20284009,30,261,1795.18208861133,0.399638152987755,0.466871667007173,0.000945873179420159,0.000166889068093257,0.252260226647831,0.24709964492946
20280009,20284009,30,262,1794.83055252328,0.399559895058476,0.467307795922501,0.000942717141157364,0.000166332304317013,0.252260226647831,0.24709964492946
20280009,20284009,30,263,1794.48119709703,0.399482122581706,0.467742446159683,0.000939581441819423,0.000165779128096584,0.252260226647831,0.24709964492946
20280009,20284009,30,264,1794.13400219617,0.399404831074739,0.46817562728198,0.000936465918234572,0.000165229510656596,0.252260226647831,0.24709964492946
20280009,20284009,30,265,1793.78894790929,0.399328016104958,0.468607348747658,0.000933370408821493,0.000164683423502002,0.252260226647831,0.24709964492946
20280009,20284009,30,266,1793.44601454698,0.399251673289162,0.469037619911892,0.00093029475355185,0.000164140838411489,0.252260226647831,0.24709964492946
20280009,20284009,30,267,1793.10518263889,0.399175798292919,0.469466450028603,0.000927238793917973,0.000163601727431778,0.252260226647831,0.24709964492946
20280009,20284009,30,268,1792.76643293082,0.399100386829917,0.469893848252247,0.000924202372905377,0.000163066062872787,0.252260226647831,0.24709964492946
20280009,20284009,30,269,1792.4297463819,0.399025434661333,0.470319823639531,0.000921185334969226,0.000162533817303484,0.252260226647831,0.24709964492946
20280009,20284009,30,270,1792.09510416181,0.398950937595215,0.470744385151087,0.000918187526014687,0.000162004963548429,0.252260226647831,0.24709964492946
20280009,20284009,30,271,1791.76248764801,0.39887689148587,0.471167541653086,0.000915208793380349,0.000161479474684854,0.252260226647831,0.24709964492946
20280009,20284009,30,272,1791.43187842306,0.39880329223326,0.471589301918807,0.000912248985824177,0.000160957324040194,0.252260226647831,0.24709964492946
20280009,20284009,30,273,1791.10325827195,0.398730135782415,0.472009674630149,0.000909307953512208,0.000160438485190096,0.252260226647831,0.24709964492946
20280009,20284009,30,274,1790.77660917949,0.398657418122845,0.472428668379108,0.000906385548008684,0.000159922931956687,0.252260226647831,0.24709964492946
20280009,20284009,30,275,1790.45191332771,0.398585135287967,0.472846291669206,0.00090348162226811,0.000159410638407178,0.252260226647831,0.24709964492946
20280009,20284009,30,276,1790.12915309333,0.398513283354536,0.473262552916872,0.000900596030628171,0.000158901578852621,0.252260226647831,0.24709964492946
20280009,20284009,30,277,1789.80831104521,0.398441858442086,0.473677460452797,0.000897728628804024,0.000158395727846905,0.252260226647831,0.24709964492946
20280009,20284009,30,278,1789.48936994192,0.398370856712378,0.47409102252324,0.000894879273882778,0.00015789306018579,0.252260226647831,0.24709964492946
20280009,20284009,30,279,1789.17231272922,0.39830027436885,0.474503247291301,0.000892047824318649,0.000157393550906058,0.252260226647831,0.24709964492946
20280009,20284009,30,280,1788.85712253772,0.398230107656085,0.474914142838168,0.000889234139928344,0.000156897175284699,0.252260226647831,0.24709964492946
20280009,20284009,30,281,1788.54378268042,0.398160352859276,0.475323717164318,0.000886438081886176,0.000156403908838061,0.252260226647831,0.24709964492946
20280009,20284009,30,282,1788.23227665042,0.3980910063037,0.475731978190702,0.000883659512719336,0.000155913727321015,0.252260226647831,0.24709964492946
20280009,20284009,30,283,1787.92258811852,0.398022064354205,0.476138933759892,0.000880898296302639,0.000155426606726036,0.252260226647831,0.24709964492946
20280009,20284009,30,284,1787.614700931,0.397953523414693,0.476544591637204,0.000878154297853041,0.000154942523282237,0.252260226647831,0.24709964492946
20280009,20284009,30,285,1787.3085991073,0.39788537992762,0.476948959511797,0.000875427383923607,0.000154461453454312,0.252260226647831,0.24709964492946
20280009,20284009,30,286,1787.00426683781,0.397817630373496,0.477352044997742,0.000872717422396682,0.000153983373941332,0.252260226647831,0.24709964492946
20280009,20284009,30,287,1786.70168848165,0.397750271270397,0.477753855635076,0.000870024282476865,0.000153508261675514,0.252260226647831,0.24709964492946
20280009,20284009,30,288,1786.40084856452,0.397683299173475,0.478154398890827,0.000867347834682901,0.000153036093820788,0.252260226647831,0.24709964492946
20280009,20284009,30,289,1786.1017317765,0.397616710674487,0.478553682160024,0.000864687950839203,0.000152566847771312,0.252260226647831,0.24709964492946
20280009,20284009,30,290,1785.80432297,0.397550502401318,0.478951712766682,0.000862044504066306,0.000152100501149785,0.252260226647831,0.24709964492946
20280009,20284009,30,291,1785.50860715765,0.397484671017523,0.479348497964777,0.000859417368770998,0.000151637031805713,0.252260226647831,0.24709964492946
20280009,20284009,30,292,1785.21456951023,0.397419213221865,0.479744044939191,0.000856806420635508,0.000151176417813504,0.252260226647831,0.24709964492946
20280009,20284009,30,293,1784.92219535464,0.397354125747863,0.480138360806654,0.000854211536605894,0.00015071863747042,0.252260226647831,0.24709964492946
20280009,20284009,30,294,1784.63147017194,0.397289405363352,0.480531452616661,0.000851632594880092,0.000150263669294476,0.252260226647831,0.24709964492946
20280009,20284009,30,295,1784.34237959536,0.397225048870046,0.480923327352377,0.000849069474894958,0.000149811492022152,0.252260226647831,0.24709964492946
20280009,20284009,30,296,1784.05490940837,0.3971610531031,0.481313991931527,0.000846522057312941,0.000149362084606049,0.252260226647831,0.24709964492946
20280009,20284009,30,297,1783.76904554277,0.397097414930695,0.481703453207277,0.000843990224007885,0.000148915426212383,0.252260226647831,0.24709964492946
20280009,20284009,30,298,1783.48477407682,0.397034131253613,0.482091717969095,0.000841473858050516,0.000148471496218429,0.252260226647831,0.24709964492946
20280009,20284009,30,299,1783.20208123341,0.396971199004833,0.482478792943604,0.000838972843693203,0.000148030274209835,0.252260226647831,0.24709964492946
20280009,20284009,30,300,1782.92095337819,0.39690861514912,0.482864684795423,0.000836487066354302,0.000147591739977859,0.252260226647831,0.24709964492946
20280009,20284009,30,301,1782.64137701785,0.396846376682631,0.483249400127996,0.000834016412601962,0.000147155873516521,0.252260226647831,0.24709964492946
20280009,20284009,30,302,1782.36333879834,0.396784480632524,0.483632945484411,0.000831560770137531,0.00014672265501967,0.252260226647831,0.24709964492946
20280009,20284009,30,303,1782.0868255031,0.396722924056573,0.484015327348204,0.000829120027778382,0.000146292064877962,0.252260226647831,0.24709964492946
20280009,20284009,30,304,1781.81182405143,0.396661704042787,0.484396552144166,0.000826694075440646,0.000145864083675809,0.252260226647831,0.24709964492946
20280009,20284009,30,305,1781.53832149677,0.396600817709041,0.484776626239119,0.000824282804121202,0.000145438692188214,0.252260226647831,0.24709964492946
20280009,20284009,30,306,1781.26630502507,0.39654026220271,0.485155555942705,0.000821886105879715,0.00014501587137759,0.252260226647831,0.24709964492946
20280009,20284009,30,307,1780.99576195318,0.396480034700308,0.485533347508152,0.000819503873820032,0.000144595602390493,0.252260226647831,0.24709964492946
20280009,20284009,30,308,1780.72667972727,0.396420132407139,0.485910007133033,0.000817136002071411,0.000144177866554302,0.252260226647831,0.24709964492946
20280009,20284009,30,309,1780.45904592125,0.396360552556942,0.486285540960021,0.000814782385769697,0.000143762645373905,0.252260226647831,0.24709964492946
20280009,20284009,30,310,1780.19284823526,0.39630129241156,0.48665995507763,0.000812442921037844,0.000143349920528263,0.252260226647831,0.24709964492946
20280009,20284009,30,311,1779.92807449416,0.396242349260597,0.487033255520954,0.000810117504966617,0.000142939673867003,0.252260226647831,0.24709964492946
20280009,20284009,30,312,1779.66471264603,0.396183720421093,0.487405448272392,0.000807806035594963,0.000142531887406963,0.252260226647831,0.24709964492946
20280009,20284009,30,313,1779.40275076076,0.396125403237201,0.487776539262366,0.000805508411890092,0.000142126543328674,0.252260226647831,0.24709964492946
20280009,20284009,30,314,1779.1421770286,0.396067395079866,0.488146534370034,0.000803224533727797,0.000141723623972892,0.252260226647831,0.24709964492946
20280009,20284009,30,315,1778.88297975874,0.396009693346521,0.488515439423993,0.000800954301872271,0.000141323111837033,0.252260226647831,0.24709964492946
20280009,20284009,30,316,1778.625147378,0.395952295460772,0.488883260202975,0.000798697617956135,0.00014092498957166,0.252260226647831,0.24709964492946
20280009,20284009,30,317,1778.3686684294,0.395895198872105,0.489250002436533,0.000796454384460313,0.000140529239976924,0.252260226647831,0.24709964492946
20280009,20284009,30,318,1778.11353157091,0.395838401055585,0.489615671805722,0.000794224504694007,0.000140135845999039,0.252260226647831,0.24709964492946
20280009,20284009,30,319,1777.85972557408,0.395781899511572,0.489980273943773,0.000792007882774491,0.000139744790726714,0.252260226647831,0.24709964492946
20280009,20284009,30,320,1777.60723932282,0.395725691765434,0.490343814436755,0.00078980442360729,0.000139356057387658,0.252260226647831,0.24709964492946
20280010,20284010,25,10,4300.62006255257,1,0.25801750426635,NaN,NaN,0.252364075299606,0.247139939984072
20280010,20284010,25,11,3666.58709880285,0.852571732790224,0.241755028962205,0.052722440771574,0.00933956172236734,0.252364075299606,0.247139939984072
20280010,20284010,25,12,3380.48379058455,0.786045672813541,0.234976344704466,0.035537241339642,0.00628171841413955,0.252364075299606,0.247139939984072
20280010,20284010,25,13,3199.10513719615,0.743870672290303,0.232469273008823,0.0283055926559262,0.00499829790717547,0.252364075299606,0.247139939984072
20280010,20284010,25,14,3069.18691736573,0.713661488977023,0.232382464306642,0.0237724787842481,0.0041953320539283,0.252364075299606,0.247139939984072
20280010,20284010,25,15,2969.90866391671,0.69057685187702,0.233754021366722,0.0205034299086323,0.0036171132845265,0.252364075299606,0.247139939984072
20280010,20284010,25,16,2891.11143082406,0.672254556034433,0.236019544623736,0.0179691341735462,0.00316932111562332,0.252364075299606,0.247139939984072
20280010,20284010,25,17,2827.02632695674,0.657353192292647,0.238826114963539,0.0159360347827524,0.00281034306732765,0.252364075299606,0.247139939984072
20280010,20284010,25,18,2773.91419739634,0.645003315114966,0.241946418240585,0.0142878311330234,0.00251946518645994,0.252364075299606,0.247139939984072
20280010,20284010,25,19,2729.17918469397,0.634601323762161,0.245233385028004,0.0129390249767243,0.0022815053353592,0.252364075299606,0.247139939984072
20280010,20284010,25,20,2690.95810445631,0.625713982011034,0.248592086582337,0.0118228644817205,0.00208463648654197,0.252364075299606,0.247139939984072
20280010,20284010,25,21,2657.8823165443,0.61802304734791,0.251961581042803,0.0108894068965431,0.0019200211438253,0.252364075299606,0.247139939984072
20280010,20284010,25,22,2628.9282137356,0.611290505903289,0.255303233672176,0.0101011005372352,0.00178102050578141,0.252364075299606,0.247139939984072
20280010,20284010,25,23,2603.31940714959,0.605335828156005,0.258593135046153,0.009429062796589,0.00166253201127526,0.252364075299606,0.247139939984072
20280010,20284010,25,24,2580.45924703594,0.600020278355941,0.261817103850627,0.00885100051998545,0.001560619266001,0.252364075299606,0.247139939984072
20280010,20284010,25,25,2559.88295644125,0.595235784423576,0.264967373132462,0.0083497347230133,0.00147225003811118,0.252364075299606,0.247139939984072
20280010,20284010,25,26,2541.22381742062,0.59089707541203,0.26804039032327,0.00791183775558604,0.00139505492309743,0.252364075299606,0.247139939984072
20280010,20284010,25,27,2524.18936475691,0.586936145960942,0.271035347277826,0.00752655279154819,0.00132713624783597,0.252364075299606,0.247139939984072
20280010,20284010,25,28,2508.5443077927,0.58329828520211,0.273953187157059,0.00718511628670632,0.0012669482729762,0.252364075299606,0.247139939984072
20280010,20284010,25,29,2494.09785478841,0.579939129360818,0.276795929181079,0.00688037565373896,0.00121322958426109,0.252364075299606,0.247139939984072
20280010,20284010,25,30,2480.6940383018,0.576822412168495,0.279566212127898,0.00660652875504048,0.0011649570416461,0.252364075299606,0.247139939984072
20280010,20284010,25,31,2468.20425680621,0.573918230605389,0.282266991139519,0.00635888545952513,0.00112130366601962,0.252364075299606,0.247139939984072
20280010,20284010,25,32,2456.52153993856,0.571201711429614,0.28490134126445,0.00613363970818221,0.00108159840762888,0.252364075299606,0.247139939984072
20280010,20284010,25,33,2445.55615451289,0.568651989467158,0.287472333599423,0.005927674512032,0.00104529173870136,0.252364075299606,0.247139939984072
20280010,20284010,25,34,2435.23222794893,0.566251422475934,0.289982959592662,0.00573841271080068,0.00101192932515731,0.252364075299606,0.247139939984072
20280010,20284010,25,35,2425.48512860537,0.563984982008794,0.292436086787648,0.00556370887635072,0.000981132959164644,0.252364075299606,0.247139939984072
20280010,20284010,25,36,2416.25940859176,0.561839775066673,0.294834434992782,0.00540177005190875,0.000952586579554272,0.252364075299606,0.247139939984072
20280010,20284010,25,37,2407.50717136966,0.559804664525682,0.297180565739508,0.00525109416266077,0.000926025410019651,0.252364075299606,0.247139939984072
20280010,20284010,25,38,2399.18676761366,0.557869965892698,0.299476880369253,0.00511041917854026,0.000901226994241172,0.252364075299606,0.247139939984072
20280010,20284010,25,39,2391.26174960473,0.556027204176094,0.301725623634177,0.00497867979844104,0.000878003557826701,0.252364075299606,0.247139939984072
20280010,20284010,25,40,2383.70003127276,0.554268918574954,0.30392889067387,0.00485497049481962,0.000856195492116708,0.252364075299606,0.247139939984072
20280010,20284010,25,41,2376.47321210497,0.552588505271131,0.306088635877063,0.00473851450466906,0.000835665886724268,0.252364075299606,0.247139939984072
20280010,20284010,25,42,2369.5560312254,0.55098009048932,0.308206682589371,0.0046286384144042,0.000816296048581595,0.252364075299606,0.247139939984072
20280010,20284010,25,43,2362.92592437618,0.549438427484269,0.310284732957392,0.00452475184807952,0.000797981920933653,0.252364075299606,0.247139939984072
20280010,20284010,25,44,2356.56266182155,0.547958812344574,0.312324377445206,0.00442633165729834,0.000780631296150071,0.252364075299606,0.247139939984072
20280010,20284010,25,45,2350.4480495596,0.546537014517047,0.314327103744954,0.0043329099718104,0.000764161709296695,0.252364075299606,0.247139939984072
20280010,20284010,25,46,2344.56567980679,0.545169218788233,0.316294304943835,0.00424406547251044,0.000748498899895227,0.252364075299606,0.247139939984072
20280010,20284010,25,47,2338.90071967343,0.543851976146251,0.31822728691522,0.004159417259138,0.000733575731172051,0.252364075299606,0.247139939984072
20280010,20284010,25,48,2333.43972942666,0.542582161522466,0.320127274977169,0.00407862069112434,0.000719331457184474,0.252364075299606,0.247139939984072
20280010,20284010,25,49,2328.17050385505,0.541356936904862,0.321995419910096,0.00400136459167669,0.000705711230268208,0.252364075299606,0.247139939984072
20280010,20284010,25,50,2323.08193205958,0.540173718735979,0.32383280344863,0.00392736924315117,0.000692665747945919,0.252364075299606,0.247139939984072
20280010,20284010,25,51,2318.16387249775,0.539030148857613,0.325640443363486,0.00385638468296982,0.00068015095275878,0.252364075299606,0.247139939984072
20280010,20284010,25,52,2313.40704127271,0.537924068535276,0.327419298232166,0.00378818893527122,0.000668127720693651,0.252364075299606,0.247139939984072
20280010,20284010,25,53,2308.80291246506,0.536853495282887,0.329170271969014,0.00372258596713263,0.000656561500976933,0.252364075299606,0.247139939984072
20280010,20284010,25,54,2304.34362976519,0.535816602315128,0.330894218153002,0.0036594033106441,0.000645421896891527,0.252364075299606,0.247139939984072
20280010,20284010,25,55,2300.02192883548,0.534811700494727,0.332591944162216,0.00359848941463435,0.000634682198880695,0.252364075299606,0.247139939984072
20280010,20284010,25,56,2295.83106980077,0.533837222634847,0.334264215102192,0.00353971086461586,0.000624318894387721,0.252364075299606,0.247139939984072
20280010,20284010,25,57,2291.7647791311,0.532891709985386,0.335911757502918,0.00348294963392832,0.00061431118318358,0.252364075299606,0.247139939984072
20280010,20284010,25,58,2287.81720002517,0.53197380069591,0.337535262756402,0.00342810051312935,0.000604640524122944,0.252364075299606,0.247139939984072
20280010,20284010,25,59,2283.9828502852,0.531082220020517,0.339135390271034,0.00337506882461671,0.000595290232200408,0.252364075299606,0.247139939984072
20280010,20284010,25,60,2280.25658662194,0.530215772017889,0.340712770327972,0.0033237684812528,0.000586245136273673,0.252364075299606,0.247139939984072
20280010,20284010,25,61,2276.63357434714,0.529373332504029,0.342268006635665,0.00327412040321165,0.000577491299961615,0.252364075299606,0.247139939984072
20280010,20284010,25,62,2273.10926148711,0.52855384303303,0.34380167858935,0.00322605127288784,0.000569015802160715,0.252364075299606,0.247139939984072
20280010,20284010,25,63,2269.67935646741,0.527756305708222,0.34531434325135,0.00317949258552324,0.000560806569710447,0.252364075299606,0.247139939984072
20280010,20284010,25,64,2266.33980865423,0.526979778657563,0.346806537074666,0.00313437994231735,0.000552852252817637,0.252364075299606,0.247139939984072
20280010,20284010,25,65,2263.08679117593,0.526223372039218,0.348278777396449,0.00309065253085509,0.000545142133509288,0.252364075299606,0.247139939984072
20280010,20284010,25,66,2259.91668557621,0.525486244473052,0.349731563729647,0.00304825274196909,0.000537666058139225,0.252364075299606,0.247139939984072
20280010,20284010,25,67,2256.82606796074,0.52476759981937,0.351165378880962,0.00300712588011029,0.000530414386377606,0.252364075299606,0.247139939984072
20280010,20284010,25,68,2253.81169638826,0.524066684247049,0.35258068992164,0.00296721993383621,0.000523377950794529,0.252364075299606,0.247139939984072
20280010,20284010,25,69,2250.87049932542,0.523382783548996,0.353977949035083,0.00292848538258064,0.00051654802283432,0.252364075299606,0.247139939984072
20280010,20284010,25,70,2247.99956503307,0.522715220674202,0.355357594262287,0.00289087502439174,0.000509916282480487,0.252364075299606,0.247139939984072
20280010,20284010,25,71,2245.19613178478,0.522063353453309,0.356720050162965,0.00285434381621948,0.000503474790127398,0.252364075299606,0.247139939984072
20280010,20284010,25,72,2242.45757883877,0.52142657249936,0.358065728407236,0.0028188487233766,0.000497215960064161,0.252364075299606,0.247139939984072
20280010,20284010,25,73,2239.78141809623,0.520804299268147,0.359395028310009,0.00278434857804843,0.000491132535549593,0.252364075299606,0.247139939984072
20280010,20284010,25,74,2237.16528638553,0.520195984264114,0.360708337317894,0.00275080394844141,0.000485217565759499,0.252364075299606,0.247139939984072
20280010,20284010,25,75,2234.60693831553,0.51960110537856,0.36200603145647,0.00271817702069316,0.000479464384981367,0.252364075299606,0.247139939984072
20280010,20284010,25,76,2232.10423964304,0.519019166347423,0.363288475744222,0.00268643149540348,0.000473866594385035,0.252364075299606,0.247139939984072
20280010,20284010,25,77,2229.65516110253,0.518449695316527,0.364556024578166,0.00265553249993517,0.000468418046572471,0.252364075299606,0.247139939984072
20280010,20284010,25,78,2227.25777264832,0.517892243502757,0.365809022095258,0.00262544651675789,0.000463112832955276,0.252364075299606,0.247139939984072
20280010,20284010,25,79,2224.91023806364,0.517346383940523,0.367047802512919,0.00259614132726338,0.000457945273859429,0.252364075299606,0.247139939984072
20280010,20284010,25,80,2222.61080989465,0.516811710303805,0.368272690451446,0.00256758596977287,0.000452909911131929,0.252364075299606,0.247139939984072
20280010,20284010,25,81,2220.35782467241,0.516287835795137,0.369484001240618,0.00253975070993054,0.00044800150293101,0.252364075299606,0.247139939984072
20280010,20284010,25,82,2218.14969839048,0.515774392094038,0.37068204121248,0.00251260702132103,0.00044321502031879,0.252364075299606,0.247139939984072
20280010,20284010,25,83,2215.98492221061,0.515271028358488,0.371867107981964,0.0024861275739332,0.000438545645237087,0.252364075299606,0.247139939984072
20280010,20284010,25,84,2213.86205837402,0.514777410274187,0.373039490716793,0.00246028622797965,0.000433988769427265,0.252364075299606,0.247139939984072
20280010,20284010,25,85,2211.7797362999,0.514293219147364,0.374199470397897,0.00243505803054737,0.000429539993848868,0.252364075299606,0.247139939984072
20280010,20284010,25,86,2209.73664885744,0.513818151037943,0.375347320071359,0.00241041921258581,0.000425195128157285,0.252364075299606,0.247139939984072
20280010,20284010,25,87,2207.73154880162,0.513351915930758,0.376483305092766,0.00238634718384186,0.000420950189818794,0.252364075299606,0.247139939984072
20280010,20284010,25,88,2205.7632453664,0.512894236943405,0.377607683364644,0.00236282052353609,0.00041680140247396,0.252364075299606,0.247139939984072
20280010,20284010,25,89,2203.8306010125,0.512444849570006,0.378720705567488,0.00233981896485856,0.000412745193210444,0.252364075299606,0.247139939984072
20280010,20284010,25,90,2201.93252832914,0.512003500960792,0.379822615384774,0.00231732337174792,0.000408778188474205,0.252364075299606,0.247139939984072
20280010,20284010,25,91,2200.06798709137,0.511569949237866,0.38091364972212,0.00229531570690295,0.000404897208433717,0.252364075299606,0.247139939984072
20280010,20284010,25,92,2198.23598147574,0.511143962847769,0.381994038920694,0.00227377899053475,0.000401099259710455,0.252364075299606,0.247139939984072
20280010,20284010,25,93,2196.43555743746,0.510725319951607,0.383064006964777,0.00225269724996853,0.000397381526494823,0.252364075299606,0.247139939984072
20280010,20284010,25,94,2194.66580025191,0.510313807853394,0.384123771683331,0.00223205546080233,0.000393741360172296,0.252364075299606,0.247139939984072
20280010,20284010,25,95,2192.92583222243,0.509909222467062,0.3851735449453,0.00221183948087632,0.000390176267680932,0.252364075299606,0.247139939984072
20280010,20284010,25,96,2191.21481055476,0.5095113678222,0.386213532848387,0.0021920359787603,0.000386683898901414,0.252364075299606,0.247139939984072
20280010,20284010,25,97,2189.53192539625,0.50912005560814,0.387243935900972,0.00217263235879208,0.000383262033438265,0.252364075299606,0.247139939984072
20280010,20284010,25,98,2187.87639803606,0.508735104755448,0.388264949196914,0.00215361668487608,0.000379908567181918,0.252364075299606,0.247139939984072
20280010,20284010,25,99,2186.24747926002,0.508356341053389,0.389276762582995,0.00213497760527406,0.000376621499045415,0.252364075299606,0.247139939984072
20280010,20284010,25,100,2184.64444785165,0.507983596801383,0.390279560818873,0.00211670428049634,0.000373398918247637,0.252364075299606,0.247139939984072
20280010,20284010,25,101,2183.06660922907,0.507616710492054,0.391273523729493,0.0020987863161546,0.000370238992471439,0.252364075299606,0.247139939984072
20280010,20284010,25,102,2181.51329420591,0.507255526523099,0.392258826350014,0.00208121370229456,0.000367139957164505,0.252364075299606,0.247139939984072
20280010,20284010,25,103,2179.98385786321,0.50689989493499,0.39323563906344,0.00206397676032464,0.000364100106179889,0.252364075299606,0.247139939984072
20280010,20284010,25,104,2178.47767851895,0.506549671171359,0.394204127731238,0.00204706609822762,0.000361117783877424,0.252364075299606,0.247139939984072
20280010,20284010,25,105,2176.9941567817,0.506204715858944,0.395164453817341,0.00203047257432136,0.000358191378732991,0.252364075299606,0.247139939984072
20280010,20284010,25,106,2175.53271467522,0.505864894604049,0.396116774506008,0.00201418726944503,0.000355319318433883,0.252364075299606,0.247139939984072
20280010,20284010,25,107,2174.09279482189,0.505530077802662,0.397061242814086,0.0019982014671124,0.000352500066379413,0.252364075299606,0.247139939984072
20280010,20284010,25,108,2172.67385967377,0.505200140461655,0.397998007698257,0.0019825066409044,0.000349732119458411,0.252364075299606,0.247139939984072
20280010,20284010,25,109,2171.27539078144,0.504874962028779,0.398927214157892,0.00196709444817498,0.000347014006940292,0.252364075299606,0.247139939984072
20280010,20284010,25,110,2169.89688809245,0.504554426229536,0.399849003334111,0.00195195672901924,0.000344344290294306,0.252364075299606,0.247139939984072
20280010,20284010,25,111,2168.53786927261,0.504238420909357,0.40076351260564,0.00193708550939372,0.00034172156374117,0.252364075299606,0.247139939984072
20280010,20284010,25,112,2167.1978690448,0.50392683787986,0.40167087568204,0.00192247300727927,0.000339144455341342,0.252364075299606,0.247139939984072
20280010,20284010,25,113,2165.87643854161,0.503619572768325,0.402571222694799,0.00190811164082543,0.0003366116284328,0.252364075299606,0.247139939984072
20280010,20284010,25,114,2164.57314466925,0.503316524869787,0.403464680286737,0.0018939940375032,0.000334121783246652,0.252364075299606,0.247139939984072
20280010,20284010,25,115,2163.28756948142,0.503017597001449,0.404351371700124,0.0018801130434063,0.00033167365854891,0.252364075299606,0.247139939984072
20280010,20284010,25,116,2162.01930956282,0.502722695359325,0.405231416863794,0.0018664617319723,0.000329266033179886,0.252364075299606,0.247139939984072
20280010,20284010,25,117,2160.76797542259,0.502431729377205,0.406104932479524,0.00185303341153485,0.000326897727387381,0.252364075299606,0.247139939984072
20280010,20284010,25,118,2159.53319089882,0.502144611588186,0.406972032107824,0.00183982163125758,0.000324567603874356,0.252364075299606,0.247139939984072
20280010,20284010,25,119,2158.31459257544,0.501861257489089,0.40783282625326,0.00182682018513578,0.000322274568505751,0.252364075299606,0.247139939984072
20280010,20284010,25,120,2157.11182921326,0.501581585408159,0.408687422449335,0.00181402311387724,0.000320017570641147,0.252364075299606,0.247139939984072
20280010,20284010,25,121,2155.92456119692,0.501305516376469,0.409535925342927,0.00180142470458662,0.000317795603079958,0.252364075299606,0.247139939984072
20280010,20284010,25,122,2154.75245999954,0.501032974003433,0.410378436778215,0.00178901948827556,0.00031560770162306,0.252364075299606,0.247139939984072
20280010,20284010,25,123,2153.59520766676,0.500763884356836,0.411215055880001,0.00177680223530337,0.000313452944269352,0.252364075299606,0.247139939984072
20280010,20284010,25,124,2152.45249632161,0.500498175847707,0.412045879136279,0.00176476794891983,0.000311330450077515,0.252364075299606,0.247139939984072
20280010,20284010,25,125,2151.32402769155,0.50023577912034,0.412871000479916,0.00175291185713207,0.000309239377732107,0.252364075299606,0.247139939984072
20280010,20284010,25,126,2150.20951265854,0.499976626947677,0.413690511369254,0.00174122940315401,0.000307178923859628,0.252364075299606,0.247139939984072
20280010,20284010,25,127,2149.10867083282,0.499720654132198,0.414504500867464,0.00172971623471902,0.000305148321144014,0.252364075299606,0.247139939984072
20280010,20284010,25,128,2148.02123015072,0.499467797412402,0.415313055720464,0.00171836819254713,0.000303146836293011,0.252364075299606,0.247139939984072
20280010,20284010,25,129,2146.94692649647,0.499217995374876,0.416116260433223,0.00170718129825731,0.000301173767906605,0.252364075299606,0.247139939984072
20280010,20284010,25,130,2145.8855033478,0.498971188371879,0.41691419734429,0.00169615174200556,0.000299228444297123,0.252364075299606,0.247139939984072
20280010,20284010,25,131,2144.83671144466,0.498727318444313,0.417706946698384,0.00168527587011304,0.000297310221307521,0.252364075299606,0.247139939984072
20280010,20284010,25,132,2143.80030848028,0.498486329249894,0.418494586716915,0.0016745501729244,0.000295418480170303,0.252364075299606,0.247139939984072
20280010,20284010,25,133,2142.77605881361,0.498248165996276,0.419277193666323,0.0016639712731095,0.00029355262544461,0.252364075299606,0.247139939984072
20280010,20284010,25,134,2141.76373320179,0.498012775378855,0.420054841924139,0.00165353591458978,0.000291712083063525,0.252364075299606,0.247139939984072
20280010,20284010,25,135,2140.76310855151,0.497780105522945,0.420827604042709,0.00164324095223895,0.000289896298517929,0.252364075299606,0.247139939984072
20280010,20284010,25,136,2139.77396768764,0.497550105929983,0.421595550810522,0.00163308334247261,0.00028810473519717,0.252364075299606,0.247139939984072
20280010,20284010,25,137,2138.79609913778,0.497322727427433,0.422358751311145,0.00162306013480894,0.000286336872901008,0.252364075299606,0.247139939984072
20280010,20284010,25,138,2137.82929693115,0.497097922122018,0.423117272979754,0.00161316846444962,0.000284592206531525,0.252364075299606,0.247139939984072
20280010,20284010,25,139,2136.87336041031,0.49687564335595,0.423871181657296,0.00160340554589981,0.000282870244968317,0.252364075299606,0.247139939984072
20280010,20284010,25,140,2135.92809405436,0.496655845665801,0.424620541642334,0.00159376866761756,0.00028117051012525,0.252364075299606,0.247139939984072
20280010,20284010,25,141,2134.99330731201,0.496438484743712,0.425365415740629,0.00158425518765806,0.000279492536182697,0.252364075299606,0.247139939984072
20280010,20284010,25,142,2134.06881444344,0.496223517400604,0.426105865312552,0.00157486253025558,0.000277835868985186,0.252364075299606,0.247139939984072
20280010,20284010,25,143,2133.15443436964,0.496010901531146,0.426841950318423,0.00156558818326813,0.00027620006559118,0.252364075299606,0.247139939984072
20280010,20284010,25,144,2132.24999052802,0.495800596080198,0.427573729361871,0.0015564296963947,0.000274584693959156,0.252364075299606,0.247139939984072
20280010,20284010,25,145,2131.35531073365,0.495592561010518,0.428301259731332,0.00154738468006378,0.000272989332752054,0.252364075299606,0.247139939984072
20280010,20284010,25,146,2130.47022704488,0.495386757271547,0.429024597439814,0.00153845080488512,0.00027141357124107,0.252364075299606,0.247139939984072
20280010,20284010,25,147,2129.59457563305,0.495183146769088,0.429743797263028,0.00152962580155249,0.000269857009288987,0.252364075299606,0.247139939984072
20280010,20284010,25,148,2128.72819665542,0.494981692335765,0.430458912776019,0.00152090746108505,0.000268319257393198,0.252364075299606,0.247139939984072
20280010,20284010,25,149,2127.87093413098,0.494782357702161,0.431169996388407,0.00151229363529776,0.000266799936769132,0.252364075299606,0.247139939984072
20280010,20284010,25,150,2127.02263581892,0.49458510746854,0.431877099378352,0.00150378223739688,0.000265298679455686,0.252364075299606,0.247139939984072
20280010,20284010,25,151,2126.18315309939,0.494389907077125,0.43258027192534,0.00149537124260429,0.000263815128425753,0.252364075299606,0.247139939984072
20280010,20284010,25,152,2125.35234085644,0.494196722784893,0.433279563141899,0.00148705868872395,0.000262348937686484,0.252364075299606,0.247139939984072
20280010,20284010,25,153,2124.53005736332,0.49400552163688,0.433975021104322,0.001478842676576,0.000260899772356197,0.252364075299606,0.247139939984072
20280010,20284010,25,154,2123.71616416983,0.493816271440014,0.434666692882487,0.00147072137023496,0.000259467308706699,0.252364075299606,0.247139939984072
20280010,20284010,25,155,2122.91052599218,0.493628940737479,0.435354624568826,0.00146269299702237,0.000258051234162251,0.252364075299606,0.247139939984072
20280010,20284010,25,156,2122.11301060519,0.493443498783671,0.436038861306524,0.00145475584721648,0.000256651247248619,0.252364075299606,0.247139939984072
20280010,20284010,25,157,2121.32348873726,0.493259915519757,0.43671944731697,0.0014469082734546,0.000255267057487869,0.252364075299606,0.247139939984072
20280010,20284010,25,158,2120.54183396805,0.493078161549903,0.437396425926529,0.0014391486898157,0.00025389838523674,0.252364075299606,0.247139939984072
20280010,20284010,25,159,2119.76792262934,0.4928982081182,0.438069839592636,0.00143147557058159,0.000252544961468307,0.252364075299606,0.247139939984072
20280010,20284010,25,160,2119.00163370901,0.492720027086351,0.438739729929253,0.00142388744868611,0.000251206527498568,0.252364075299606,0.247139939984072
20280010,20284010,25,161,2118.24284875844,0.49254359091214,0.439406137731698,0.00141638291386868,0.000249882834660878,0.252364075299606,0.247139939984072
20280010,20284010,25,162,2117.49145180358,0.492368872628746,0.440069103000852,0.00140896061055773,0.000248573643932722,0.252364075299606,0.247139939984072
20280010,20284010,25,163,2116.74732925962,0.492195845824905,0.440728664966743,0.0014016192355143,0.000247278725520142,0.252364075299606,0.247139939984072
20280010,20284010,25,164,2116.01036984954,0.492024484625971,0.441384862111516,0.00139435753527046,0.000245997858405989,0.252364075299606,0.247139939984072
20280010,20284010,25,165,2115.28046452654,0.491854763675879,0.442037732191777,0.00138717430340089,0.000244730829868706,0.252364075299606,0.247139939984072
20280010,20284010,25,166,2114.5575064004,0.491686658120024,0.442687312260294,0.00138006837766641,0.000243477434978529,0.252364075299606,0.247139939984072
20280010,20284010,25,167,2113.84139066783,0.49152014358906,0.443333638687066,0.00137303863707059,0.000242237476078344,0.252364075299606,0.247139939984072
20280010,20284010,25,168,2113.13201454665,0.491355196183602,0.443976747179729,0.00136608399886757,0.000241010762255922,0.252364075299606,0.247139939984072
20280010,20284010,25,169,2112.42927721394,0.491191792459837,0.444616672803308,0.00135920341555957,0.00023979710881434,0.252364075299606,0.247139939984072
20280010,20284010,25,170,2111.73307974784,0.491029909416004,0.445253449999287,0.00135239587191967,0.000238596336746855,0.252364075299606,0.247139939984072
20280010,20284010,25,171,2111.04332507313,0.490869524479722,0.445887112604006,0.00134566038207193,0.00023740827222188,0.252364075299606,0.247139939984072
20280010,20284010,25,172,2110.35991791025,0.490710615496146,0.446517693866373,0.00133899598665857,0.000236232746083328,0.252364075299606,0.247139939984072
20280010,20284010,25,173,2109.68276472765,0.490553160716895,0.44714522646488,0.00133240175011957,0.000235069593370769,0.252364075299606,0.247139939984072
20280010,20284010,25,174,2109.01177369743,0.490397138789715,0.447769742523937,0.00132587675810614,0.000233918652863228,0.252364075299606,0.247139939984072
20280010,20284010,25,175,2108.34685465381,0.49024252874885,0.448391273629516,0.00131942011504645,0.000232779766649803,0.252364075299606,0.247139939984072
20280010,20284010,25,176,2107.68791905457,0.490089310006052,0.44900985084411,0.00131303094187679,0.000231652779729507,0.252364075299606,0.247139939984072
20280010,20284010,25,177,2107.03487994492,0.48993746234219,0.449625504721018,0.00130670837394893,0.000230537539642155,0.252364075299606,0.247139939984072
20280010,20284010,25,178,2106.38765192381,0.489786965899423,0.450238265317965,0.00130045155912001,0.00022943389613148,0.252364075299606,0.247139939984072
20280010,20284010,25,179,2105.74615111245,0.489637801173865,0.450848162210072,0.00129425965602832,0.000228341700841021,0.252364075299606,0.247139939984072
20280010,20284010,25,180,2105.11029512473,0.489489949008718,0.451455224502188,0.00128813183255533,0.000227260807042879,0.252364075299606,0.247139939984072
20280010,20284010,25,181,2104.48000303941,0.489343390587804,0.452059480840605,0.00128206726447174,0.000226191069398922,0.252364075299606,0.247139939984072
20280010,20284010,25,182,2103.85519537395,0.489198107429476,0.452660959424173,0.00127606513426261,0.000225132343753602,0.252364075299606,0.247139939984072
20280010,20284010,25,183,2103.23579405969,0.489054081380847,0.453259688014844,0.00127012463012505,0.000224084486957184,0.252364075299606,0.247139939984072
20280010,20284010,25,184,2102.62172241822,0.488911294612302,0.453855693947659,0.00126424494513015,0.000223047356717979,0.252364075299606,0.247139939984072
20280010,20284010,25,185,2102.0129051389,0.488769729612264,0.45444900414021,0.00125842527653926,0.000222020811481776,0.252364075299606,0.247139939984072
20280010,20284010,25,186,2101.40926825722,0.488629369182164,0.455039645101601,0.00125266482526424,0.000221004710336692,0.252364075299606,0.247139939984072
20280010,20284010,25,187,2100.810739134,0.488490196431603,0.455627642940933,0.00124696279545981,0.000219998912941312,0.252364075299606,0.247139939984072
20280010,20284010,25,188,2100.21724643519,0.488352194773662,0.456213023375344,0.00124131839423674,0.000219003279474153,0.252364075299606,0.247139939984072
20280010,20284010,25,189,2099.62872011229,0.488215347920337,0.456795811737623,0.00123573083148316,0.000218017670602198,0.252364075299606,0.247139939984072
20280010,20284010,25,190,2099.04509138315,0.48807963987809,0.457376032983442,0.00123019931978232,0.000217041947466433,0.252364075299606,0.247139939984072
20280010,20284010,25,191,2098.46629271323,0.487945054943476,0.457953711698208,0.00122472307441481,0.000216075971682306,0.252364075299606,0.247139939984072
20280010,20284010,25,192,2097.89225779708,0.487811577698847,0.458528872103592,0.00121930131343397,0.00021511960535307,0.252364075299606,0.247139939984072
20280010,20284010,25,193,2097.32292154011,0.487679193008106,0.45910153806373,0.00121393325780303,0.000214172711094026,0.252364075299606,0.247139939984072
20280010,20284010,25,194,2096.75822004049,0.487547886012508,0.459671733091149,0.00120861813158411,0.000213235152065917,0.252364075299606,0.247139939984072
20280010,20284010,25,195,2096.19809057126,0.487417642126492,0.46023948035242,0.00120335516216919,0.00021230679201572,0.252364075299606,0.247139939984072
20280010,20284010,25,196,2095.64247156253,0.487288447033541,0.46080480267358,0.001198143580544,0.000211387495323236,0.252364075299606,0.247139939984072
20280010,20284010,25,197,2095.09130258373,0.487160286682059,0.461367722545331,0.00119298262157732,0.000210477127052173,0.252364075299606,0.247139939984072
20280010,20284010,25,198,2094.54452432594,0.487033147281267,0.461928262128042,0.00118787152432749,0.00020957555300426,0.252364075299606,0.247139939984072
20280010,20284010,25,199,2094.00207858433,0.486907015297107,0.462486443256579,0.00118280953236086,0.000208682639775456,0.252364075299606,0.247139939984072
20280010,20284010,25,200,2093.46390824058,0.486781877448163,0.463042287444974,0.00117779589407566,0.000207798254813133,0.252364075299606,0.247139939984072
20280010,20284010,25,201,2092.92995724533,0.486657720701583,0.463595815890954,0.00117282986302694,0.00020692226647342,0.252364075299606,0.247139939984072
20280010,20284010,25,202,2092.40017060079,0.486534532269022,0.464147049480347,0.00116791069824885,0.000206054544078099,0.252364075299606,0.247139939984072
20280010,20284010,25,203,2091.87449434321,0.486412299602584,0.464696008791374,0.00116303766457049,0.000205194957970356,0.252364075299606,0.247139939984072
20280010,20284010,25,204,2091.35287552557,0.486291010390785,0.46524271409885,0.00115821003292315,0.00020434337956901,0.252364075299606,0.247139939984072
20280010,20284010,25,205,2090.83526220025,0.486170652554522,0.465787185378295,0.00115342708063711,0.000203499681420899,0.252364075299606,0.247139939984072
20280010,20284010,25,206,2090.32160340176,0.486051214243064,0.466329442309983,0.00114868809172642,0.000202663737251148,0.252364075299606,0.247139939984072
20280010,20284010,25,207,2089.81184912955,0.485932683830055,0.466869504282909,0.00114399235716118,0.000201835422011226,0.252364075299606,0.247139939984072
20280010,20284010,25,208,2089.30595033093,0.485815049909535,0.467407390398727,0.00113933917512668,0.000201014611924688,0.252364075299606,0.247139939984072
20280010,20284010,25,209,2088.80385888403,0.485698301291989,0.467943119475617,0.00113472785126985,0.000200201184530677,0.252364075299606,0.247139939984072
20280010,20284010,25,210,2088.30552758093,0.48558242700041,0.468476710052131,0.00113015769893303,0.000199395018725176,0.252364075299606,0.247139939984072
20280010,20284010,25,211,2087.8109101108,0.485467416266392,0.469008180391002,0.00112562803937609,0.000198595994800228,0.252364075299606,0.247139939984072
20280010,20284010,25,212,2087.31996104323,0.485353258526245,0.469537548482916,0.00112113820198738,0.000197803994481161,0.252364075299606,0.247139939984072
20280010,20284010,25,213,2086.83263581163,0.485239943417142,0.470064832050275,0.00111668752448503,0.000197018900962117,0.252364075299606,0.247139939984072
20280010,20284010,25,214,2086.34889069679,0.485127460773287,0.470590048550934,0.0011122753531091,0.000196240598939978,0.252364075299606,0.247139939984072
20280010,20284010,25,215,2085.86868281049,0.48501580062212,0.471113215181919,0.00110790104280626,0.000195468974646956,0.252364075299606,0.247139939984072
20280010,20284010,25,216,2085.39197007935,0.48490495318054,0.471634348883143,0.00110356395740779,0.000194703915882011,0.252364075299606,0.247139939984072
20280010,20284010,25,217,2084.91871122869,0.484794908851171,0.472153466341102,0.00109926346980199,0.000193945312041288,0.252364075299606,0.247139939984072
20280010,20284010,25,218,2084.4488657666,0.484685658218645,0.472670583992562,0.00109499896210212,0.000193193054147758,0.252364075299606,0.247139939984072
20280010,20284010,25,219,2083.98239396809,0.484577192045924,0.473185718028252,0.00109076982581055,0.000192447034880189,0.252364075299606,0.247139939984072
20280010,20284010,25,220,2083.51925685936,0.484469501270642,0.473698884396534,0.00108657546197972,0.000191707148601557,0.252364075299606,0.247139939984072
20280010,20284010,25,221,2083.05941620225,0.484362577001484,0.474210098807081,0.00108241528137064,0.000190973291387023,0.252364075299606,0.247139939984072
20280010,20284010,25,222,2082.60283447873,0.484256410514588,0.474719376734543,0.00107828870460866,0.00019024536105143,0.252364075299606,0.247139939984072
20280010,20284010,25,223,2082.1494748756,0.484150993249977,0.475226733422214,0.00107419516233738,0.000189523257176462,0.252364075299606,0.247139939984072
20280010,20284010,25,224,2081.69930126922,0.484046316808014,0.475732183885694,0.0010701340953694,0.000188806881137259,0.252364075299606,0.247139939984072
20280010,20284010,25,225,2081.2522782104,0.483942372945891,0.476235742916544,0.00106610495483466,0.000188096136128594,0.252364075299606,0.247139939984072
20280010,20284010,25,226,2080.8083709094,0.48383915357414,0.476737425085945,0.00106210720232498,0.000187390927190385,0.252364075299606,0.247139939984072
20280010,20284010,25,227,2080.36754522107,0.483736650753169,0.477237244748341,0.00105814031003398,0.000186691161232397,0.252364075299606,0.247139939984072
20280010,20284010,25,228,2079.92976762999,0.483634856689824,0.477735216045089,0.00105420376089192,0.000185996747058033,0.252364075299606,0.247139939984072
20280010,20284010,25,229,2079.49500523592,0.483533763733982,0.478231352908097,0.00105029704869372,0.000185307595386939,0.252364075299606,0.247139939984072
20280010,20284010,25,230,2079.06322573914,0.483433364375168,0.478725669063458,0.00104641967821896,0.00018462361887618,0.252364075299606,0.247139939984072
20280010,20284010,25,231,2078.63439742608,0.483333651239196,0.479218178035075,0.00104257116534271,0.000183944732139803,0.252364075299606,0.247139939984072
20280010,20284010,25,232,2078.20848915498,0.483234617084842,0.479708893148281,0.00103875103713531,0.000183270851766455,0.252364075299606,0.247139939984072
20280010,20284010,25,233,2077.78547034174,0.483136254800547,0.480197827533449,0.00103495883194982,0.000182601896334822,0.252364075299606,0.247139939984072
20280010,20284010,25,234,2077.36531094581,0.483038557401144,0.480684994129589,0.00103119409949548,0.000181937786426587,0.252364075299606,0.247139939984072
20280010,20284010,25,235,2076.94798145632,0.482941518024629,0.481170405687934,0.00102745640089573,0.000181278444636693,0.252364075299606,0.247139939984072
20280010,20284010,25,236,2076.53345287826,0.482845129928953,0.481654074775519,0.00102374530872928,0.000180623795580583,0.252364075299606,0.247139939984072
20280010,20284010,25,237,2076.12169671893,0.482749386488859,0.482136013778732,0.00102006040705289,0.000179973765898238,0.252364075299606,0.247139939984072
20280010,20284010,25,238,2075.71268497445,0.482654281192755,0.482616234906863,0.00101640129140494,0.000179328284254814,0.252364075299606,0.247139939984072
20280010,20284010,25,239,2075.30639011649,0.482559807639627,0.483094750195619,0.00101276756878815,0.000178687281337595,0.252364075299606,0.247139939984072
20280010,20284010,25,240,2074.9027850792,0.482465959535999,0.483571571510634,0.00100915885763134,0.000178050689849264,0.252364075299606,0.247139939984072
20280010,20284010,25,241,2074.5018432463,0.482372730692934,0.484046710550942,0.00100557478772897,0.000177418444497245,0.252364075299606,0.247139939984072
20280010,20284010,25,242,2074.10353843846,0.482280115023088,0.484520178852433,0.00100201500015848,0.000176790481979122,0.252364075299606,0.247139939984072
20280010,20284010,25,243,2073.70784490079,0.482188106537821,0.48499198779128,0.000998479147175094,0.000176166740964092,0.252364075299606,0.247139939984072
20280010,20284010,25,244,2073.31473729068,0.482096699344348,0.485462148587334,0.000994966892083932,0.000175547162070411,0.252364075299606,0.247139939984072
20280010,20284010,25,245,2072.9241906658,0.482005887642966,0.48593067230749,0.00099147790909045,0.000174931687839015,0.252364075299606,0.247139939984072
20280010,20284010,25,246,2072.53618047243,0.481915665724329,0.486397569869013,0.000988011883128729,0.000174320262703236,0.252364075299606,0.247139939984072
20280010,20284010,25,247,2072.15068253399,0.481826027966789,0.486862852042836,0.000984568509669446,0.000173712832954927,0.252364075299606,0.247139939984072
20280010,20284010,25,248,2071.76767303994,0.481736968833808,0.487326529456807,0.000981147494507683,0.000173109346707042,0.252364075299606,0.247139939984072
20280010,20284010,25,249,2071.38712853487,0.481648482871428,0.487788612598902,0.000977748553532376,0.000172509753852959,0.252364075299606,0.247139939984072
20280010,20284010,25,250,2071.00902590798,0.481560564705817,0.48824911182039,0.000974371412478353,0.000171914006022749,0.252364075299606,0.247139939984072
20280010,20284010,25,251,2070.63334238282,0.481473209040889,0.488708037338954,0.000971015806662775,0.000171322056536684,0.252364075299606,0.247139939984072
20280010,20284010,25,252,2070.26005550732,0.48138641065599,0.489165399241758,0.000967681480707466,0.000170733860356252,0.252364075299606,0.247139939984072
20280010,20284010,25,253,2069.88914314423,0.48130016440366,0.489621207488464,0.000964368188248956,0.000170149374033017,0.252364075299606,0.247139939984072
20280010,20284010,25,254,2069.52058346177,0.481214465207475,0.490075471914202,0.000961075691638043,0.000169568555655613,0.252364075299606,0.247139939984072
20280010,20284010,25,255,2069.1543549247,0.48112930805996,0.490528202232474,0.000957803761630707,0.00016899136479523,0.252364075299606,0.247139939984072
20280010,20284010,25,256,2068.79043628563,0.481044688020575,0.490979408038009,0.000954552177072394,0.000168417762449913,0.252364075299606,0.247139939984072
20280010,20284010,25,257,2068.42880657675,0.480960600213789,0.491429098809556,0.000951320724577397,0.000167847710988012,0.252364075299606,0.247139939984072
20280010,20284010,25,258,2068.06944510179,0.48087703982721,0.491877283912615,0.000948109198205223,0.000167281174091085,0.252364075299606,0.247139939984072
20280010,20284010,25,259,2067.71233142839,0.48079400210981,0.492323972602112,0.00094491739913578,0.000166718116696607,0.252364075299606,0.247139939984072
20280010,20284010,25,260,2067.35744538072,0.480711482370212,0.492769174025002,0.000941745135345178,0.000166158504940774,0.252364075299606,0.247139939984072
20280010,20284010,25,261,2067.00476703244,0.480629475975053,0.493212897222821,0.000938592221283536,0.000165602306101675,0.252364075299606,0.247139939984072
20280010,20284010,25,262,2066.65427669998,0.480547978347416,0.493655151134163,0.000935458477556417,0.000165049488543088,0.252364075299606,0.247139939984072
20280010,20284010,25,263,2066.30595493608,0.480466984965339,0.494095944597094,0.000932343730611498,0.000164500021659213,0.252364075299606,0.247139939984072
20280010,20284010,25,264,2065.9597825237,0.480386491360384,0.494535286351509,0.000929247812431353,0.000163953875820479,0.252364075299606,0.247139939984072
20280010,20284010,25,265,2065.61574047013,0.480306493116276,0.494973185041412,0.000926170560233884,0.000163411022320693,0.252364075299606,0.247139939984072
20280010,20284010,25,266,2065.27381000139,0.480226985867609,0.495409649217139,0.000923111816180914,0.000162871433325646,0.252364075299606,0.247139939984072
20280010,20284010,25,267,2064.93397255698,0.480147965298605,0.495844687337516,0.000920071427096463,0.000162335081823404,0.252364075299606,0.247139939984072
20280010,20284010,25,268,2064.59620978475,0.480069427141942,0.496278307771945,0.000917049244194608,0.000161801941576312,0.252364075299606,0.247139939984072
20280010,20284010,25,269,2064.26050353616,0.479991367177632,0.496710518802437,0.000914045122818361,0.000161271987074928,0.252364075299606,0.247139939984072
20280010,20284010,25,270,2063.92683586165,0.479913781231963,0.497141328625574,0.000911058922189147,0.000160745193493832,0.252364075299606,0.247139939984072
20280010,20284010,25,271,2063.59518900629,0.479836665176479,0.49757074535441,0.000908090505167933,0.000160221536649487,0.252364075299606,0.247139939984072
20280010,20284010,25,272,2063.26554540568,0.479760014927025,0.497998777020313,0.000905139738027865,0.000159700992960137,0.252364075299606,0.247139939984072
20280010,20284010,25,273,2062.937887682,0.479683826442825,0.498425431574748,0.000902206490238409,0.000159183539407726,0.252364075299606,0.247139939984072
20280010,20284010,25,274,2062.61219864023,0.479608095725618,0.498850716890994,0.000899290634261345,0.000158669153501915,0.252364075299606,0.247139939984072
20280010,20284010,25,275,2062.28846126463,0.479532818818827,0.499274640765816,0.000896392045358043,0.000158157813246083,0.252364075299606,0.247139939984072
20280010,20284010,25,276,2061.96665871537,0.479457991806771,0.499697210921067,0.000893510601408411,0.000157649497105393,0.252364075299606,0.247139939984072
20280010,20284010,25,277,2061.64677432523,0.479383610813917,0.500118435005244,0.000890646182740712,0.000157144183976773,0.252364075299606,0.247139939984072
20280010,20284010,25,278,2061.3287915966,0.479309672004163,0.500538320594991,0.00088779867197231,0.000156641853160824,0.252364075299606,0.247139939984072
20280010,20284010,25,279,2061.01269419851,0.479236171580157,0.50095687519655,0.000884967953860821,0.000156142484335562,0.252364075299606,0.247139939984072
20280010,20284010,25,280,2060.69846596386,0.479163105782648,0.501374106247153,0.00088215391516549,0.000155646057531972,0.252364075299606,0.247139939984072
20280010,20284010,25,281,2060.38609088671,0.479090470889863,0.501790021116385,0.000879356444517798,0.000155152553111179,0.252364075299606,0.247139939984072
20280010,20284010,25,282,2060.07555311977,0.479018263216918,0.502204627107479,0.00087657543230187,0.000154661951743356,0.252364075299606,0.247139939984072
20280010,20284010,25,283,2059.76683697193,0.478946479115244,0.502617931458586,0.000873810770542776,0.000154174234388022,0.252364075299606,0.247139939984072
20280010,20284010,25,284,2059.45992690596,0.478875114972047,0.503029941343985,0.000871062352803921,0.000153689382275942,0.252364075299606,0.247139939984072
20280010,20284010,25,285,2059.15480753618,0.478804167209786,0.503440663875264,0.0008683300740914,0.000153207376892259,0.252364075299606,0.247139939984072
20280010,20284010,25,286,2058.85146362642,0.478733632285671,0.503850106102451,0.000865613830766138,0.000152728199960996,0.252364075299606,0.247139939984072
20280010,20284010,25,287,2058.54988008787,0.478663506691182,0.504258275015119,0.000862913520462518,0.000152251833430703,0.252364075299606,0.247139939984072
20280010,20284010,25,288,2058.2500419771,0.478593786951608,0.504665177543441,0.000860229042013513,0.000151778259461252,0.252364075299606,0.247139939984072
20280010,20284010,25,289,2057.95193449418,0.478524469625598,0.50507082055922,0.00085756029538136,0.000151307460411613,0.252364075299606,0.247139939984072
20280010,20284010,25,290,2057.65554298077,0.47845555130473,0.505475210876879,0.000854907181594076,0.000150839418828652,0.252364075299606,0.247139939984072
20280010,20284010,25,291,2057.36085291841,0.4783870286131,0.505878355254421,0.000852269602686629,0.00015037411743676,0.252364075299606,0.247139939984072
20280010,20284010,25,292,2057.06784992669,0.478318898206913,0.506280260394361,0.000849647461646833,0.000149911539128308,0.252364075299606,0.247139939984072
20280010,20284010,25,293,2056.77651976168,0.478251156774103,0.506680932944624,0.000847040662365604,0.000149451666954872,0.252364075299606,0.247139939984072
20280010,20284010,25,294,2056.48684831423,0.478183801033945,0.507080379499416,0.000844449109590761,0.000148994484119093,0.252364075299606,0.247139939984072
20280010,20284010,25,295,2056.19882160845,0.478116827736701,0.50747860660007,0.000841872708884806,0.00014853997396722,0.252364075299606,0.247139939984072
20280010,20284010,25,296,2055.91242580014,0.478050233663255,0.507875620735863,0.000839311366585505,0.000148088119982167,0.252364075299606,0.247139939984072
20280010,20284010,25,297,2055.62764717535,0.477984015624776,0.508271428344813,0.000836764989769784,0.000147638905777142,0.252364075299606,0.247139939984072
20280010,20284010,25,298,2055.3444721489,0.477918170462373,0.508666035814446,0.000834233486219991,0.000147192315089699,0.252364075299606,0.247139939984072
20280010,20284010,25,299,2055.06288726299,0.477852695046778,0.509059449482549,0.00083171676439298,0.000146748331776282,0.252364075299606,0.247139939984072
20280010,20284010,25,300,2054.78287918583,0.477787586278021,0.509451675637891,0.000829214733391082,0.000146306939807111,0.252364075299606,0.247139939984072
20280010,20284010,25,301,2054.50443471028,0.47772284108512,0.509842720520932,0.000826727302935118,0.000145868123261421,0.252364075299606,0.247139939984072
20280010,20284010,25,302,2054.22754075259,0.477658456425778,0.510232590324509,0.000824254383339585,0.000145431866323083,0.252364075299606,0.247139939984072
20280010,20284010,25,303,2053.95218435109,0.477594429286087,0.510621291194502,0.000821795885489071,0.000144998153276451,0.252364075299606,0.247139939984072
20280010,20284010,25,304,2053.67835266494,0.477530756680238,0.511008829230484,0.000819351720816516,0.000144566968502522,0.252364075299606,0.247139939984072
20280010,20284010,25,305,2053.40603297294,0.477467435650237,0.511395210486354,0.000816921801282668,0.000144138296475321,0.252364075299606,0.247139939984072
20280010,20284010,25,306,2053.1352126723,0.477404463265627,0.511780440970946,0.000814506039356755,0.000143712121758485,0.252364075299606,0.247139939984072
20280010,20284010,25,307,2052.8658792775,0.477341836623217,0.512164526648635,0.000812104347998623,0.000143288429002118,0.252364075299606,0.247139939984072
20280010,20284010,25,308,2052.59802041913,0.477279552846815,0.512547473439917,0.000809716640641538,0.000142867202939759,0.252364075299606,0.247139939984072
20280010,20284010,25,309,2052.33162384278,0.477217609086967,0.512929287221977,0.000807342831176091,0.000142448428385541,0.252364075299606,0.247139939984072
20280010,20284010,25,310,2052.06667740792,0.477156002520702,0.513309973829246,0.000804982833935098,0.000142032090231529,0.252364075299606,0.247139939984072
20280010,20284010,25,311,2051.80316908682,0.477094730351278,0.513689539053937,0.000802636563679063,0.000141618173445161,0.252364075299606,0.247139939984072
20280010,20284010,25,312,2051.5410869635,0.477033789807937,0.514067988646577,0.000800303935582649,0.000141206663066857,0.252364075299606,0.247139939984072
20280010,20284010,25,313,2051.28041923269,0.476973178145661,0.514445328316517,0.000797984865221692,0.000140797544207732,0.252364075299606,0.247139939984072
20280010,20284010,25,314,2051.02115419879,0.476912892644936,0.514821563732439,0.000795679268560775,0.000140390802047406,0.252364075299606,0.247139939984072
20280010,20284010,25,315,2050.76328027487,0.476852930611516,0.51519670052284,0.000793387061941687,0.000139986421831967,0.252364075299606,0.247139939984072
20280010,20284010,25,316,2050.50678598168,0.476793289376192,0.515570744276515,0.000791108162072006,0.00013958438887196,0.252364075299606,0.247139939984072
20280010,20284010,25,317,2050.25165994667,0.476733966294566,0.515943700543023,0.000788842486014683,0.00013918468854055,0.252364075299606,0.247139939984072
20280010,20284010,25,318,2049.99789090304,0.476674958746831,0.516315574833141,0.000786589951177699,0.000138787306271696,0.252364075299606,0.247139939984072
20280010,20284010,25,319,2049.74546768878,0.476616264137544,0.516686372619314,0.000784350475304415,0.000138392227558454,0.252364075299606,0.247139939984072
20280010,20284010,25,320,2049.49437924576,0.47655787989542,0.517056099336083,0.0007821239764644,0.000137999437951357,0.252364075299606,0.247139939984072
20280010,20284010,30,10,4578.91922893854,1,0.290341805226516,NaN,NaN,0.252219931593219,0.247139939984072
20280010,20284010,30,11,3691.58038265112,0.806212164503911,0.262277391483908,0.0593198295272799,0.0105442087875372,0.252219931593219,0.247139939984072
20280010,20284010,30,12,3298.18649376378,0.720298028608893,0.246562879168898,0.0391615167800287,0.00693764587974242,0.252219931593219,0.247139939984072
20280010,20284010,30,13,3061.27792138784,0.668559056914722,0.237025488200171,0.0305971287014667,0.00541164153599485,0.252219931593219,0.247139939984072
20280010,20284010,30,14,2900.24078026155,0.633389809964799,0.231301958559575,0.0254145000840885,0.00449073312731399,0.252219931593219,0.247139939984072
20280010,20284010,30,15,2781.40929198635,0.607437946144143,0.228086434918992,0.0219066378697861,0.0038685946525824,0.252219931593219,0.247139939984072
20280010,20284010,30,16,2688.30291967536,0.587104245623163,0.226582383231347,0.0193626947625059,0.00341801154942822,0.252219931593219,0.247139939984072
20280010,20284010,30,17,2612.22893752052,0.570490285351916,0.226276852531607,0.0174097330188724,0.00307244110405864,0.252219931593219,0.247139939984072
20280010,20284010,30,18,2548.2750257914,0.556523253279165,0.226825642875361,0.015843266174022,0.00279546564736684,0.252219931593219,0.247139939984072
20280010,20284010,30,19,2493.44625058586,0.54454907936078,0.22799002071758,0.0145471493253795,0.00256642326156753,0.252219931593219,0.247139939984072
20280010,20284010,30,20,2445.78139256192,0.534139448694509,0.229600009532574,0.0134489229124226,0.00237243700189343,0.252219931593219,0.247139939984072
20280010,20284010,30,21,2403.91818274053,0.524996852433624,0.231532094871481,0.0125004484992824,0.00220496047803322,0.252219931593219,0.247139939984072
20280010,20284010,30,22,2366.86767921036,0.516905313431142,0.233695021547961,0.0116679613851192,0.00205800503370183,0.252219931593219,0.247139939984072
20280010,20284010,30,23,2333.88242893751,0.509701593814429,0.236020352483647,0.0109279568796145,0.00192740439057709,0.252219931593219,0.247139939984072
20280010,20284010,30,24,2304.37351386696,0.503257078505213,0.238456136372254,0.0102645911772307,0.00181035073129781,0.252219931593219,0.247139939984072
20280010,20284010,30,25,2277.86052278278,0.49746684946675,0.240962658805394,0.0096668539964727,0.00170489304643918,0.252219931593219,0.247139939984072
20280010,20284010,30,26,2253.9425258145,0.492243346763946,0.243509514692085,0.00912649771137517,0.00160957031258884,0.252219931593219,0.247139939984072
20280010,20284010,30,27,2232.28052275223,0.487512535413232,0.246073495504536,0.00863695624192173,0.00152321993533664,0.252219931593219,0.247139939984072
20280010,20284010,30,28,2212.58593094856,0.483211391230735,0.248636996476129,0.00819271486461959,0.00144486605866482,0.252219931593219,0.247139939984072
20280010,20284010,30,29,2194.61223382934,0.47928607693263,0.251186779097253,0.00778895614952911,0.00137365675167523,0.252219931593219,0.247139939984072
20280010,20284010,30,30,2178.1482529449,0.475690472803955,0.253712999845271,0.00742144145210216,0.00130884284300968,0.252219931593219,0.247139939984072
20280010,20284010,30,31,2163.01246196004,0.472384934918683,0.256208453067452,0.00708647218075875,0.00124977089299093,0.252219931593219,0.247139939984072
20280010,20284010,30,32,2149.04824759499,0.469335260166442,0.258667986577089,0.00678081805987048,0.00119587039651708,0.252219931593219,0.247139939984072
20280010,20284010,30,33,2136.12008223235,0.466511850379926,0.261088050733081,0.00650161072882832,0.00114663491451156,0.252219931593219,0.247139939984072
20280010,20284010,30,34,2124.11047292566,0.463889046022343,0.263466346515293,0.00624624691622278,0.00110160492693172,0.252219931593219,0.247139939984072
20280010,20284010,30,35,2112.91748946217,0.461444586335709,0.265801546286009,0.00601232918130421,0.00106035733460704,0.252219931593219,0.247139939984072
20280010,20284010,30,36,2102.45269379874,0.459159157145935,0.268093069351881,0.00579764236576858,0.00102250127411561,0.252219931593219,0.247139939984072
20280010,20284010,30,37,2092.63935246222,0.457016000465097,0.270340900724802,0.00560014973822431,0.000987677414909168,0.252219931593219,0.247139939984072
20280010,20284010,30,38,2083.41086678549,0.455000571667312,0.272545445238459,0.0054179948547008,0.000955558270275717,0.252219931593219,0.247139939984072
20280010,20284010,30,39,2074.70938688633,0.453100236792619,0.274707411160889,0.00524950229467099,0.000925848313946772,0.252219931593219,0.247139939984072
20280010,20284010,30,40,2066.48458888273,0.451304005500391,0.276827718509326,0.00509317530929094,0.000898283555177521,0.252219931593219,0.247139939984072
20280010,20284010,30,41,2058.69260020419,0.449602296365779,0.278907427948529,0.0049476901198381,0.000872630525501947,0.252219931593219,0.247139939984072
20280010,20284010,30,42,2051.29506057563,0.447986731805956,0.280947686662259,0.00481188685219845,0.000848684674186265,0.252219931593219,0.247139939984072
20280010,20284010,30,43,2044.25830800246,0.446449960305665,0.282949688010881,0.00468475723770714,0.000826268194936593,0.252219931593219,0.247139939984072
20280010,20284010,30,44,2037.55267991456,0.444985503792538,0.284914642167458,0.00456542959694539,0.000805227374609431,0.252219931593219,0.247139939984072
20280010,20284010,30,45,2031.15191950917,0.443587627987055,0.286843755291399,0.00445315206347937,0.000785429632412186,0.252219931593219,0.247139939984072
20280010,20284010,30,46,2025.03267661809,0.442251233395859,0.288738215169695,0.00434727526280546,0.000766760463697114,0.252219931593219,0.247139939984072
20280010,20284010,30,47,2019.17409164195,0.440971764446262,0.290599181628847,0.00424723564880492,0.000749120500218056,0.252219931593219,0.247139939984072
20280010,20284010,30,48,2013.55745068641,0.439745134170708,0.292427780379743,0.00415254046237628,0.000732422856848048,0.252219931593219,0.247139939984072
20280010,20284010,30,49,2008.16590022161,0.438567661890628,0.294225099282726,0.00406275491833426,0.000716590871544497,0.252219931593219,0.247139939984072
20280010,20284010,30,50,2002.98421037575,0.437436021521626,0.295992186295426,0.00397749184647896,0.000701556278320479,0.252219931593219,0.247139939984072
20280010,20284010,30,51,1997.99857724008,0.436347198398439,0.297730048584366,0.00389640368240213,0.000687257794739732,0.252219931593219,0.247139939984072
20280010,20284010,30,52,1993.19645611472,0.435298452857132,0.299439652443925,0.00381917646694553,0.000673640063731723,0.252219931593219,0.247139939984072
20280010,20284010,30,53,1988.56641925872,0.434287289168824,0.301121923779648,0.00374552539100939,0.00066065286798189,0.252219931593219,0.247139939984072
20280010,20284010,30,54,1984.09803323993,0.433311428753871,0.302777748987278,0.00367519141260014,0.000648250533433687,0.252219931593219,0.247139939984072
20280010,20284010,30,55,1979.78175227276,0.432368786887666,0.304407976105308,0.00360793855047807,0.000636391452111958,0.252219931593219,0.247139939984072
20280010,20284010,30,56,1975.60882491515,0.43145745232399,0.30601341614768,0.00354355158135864,0.000625037676105695,0.252219931593219,0.247139939984072
20280010,20284010,30,57,1971.57121217091,0.430575669409209,0.307594844542745,0.00348183399021654,0.000614154556174813,0.252219931593219,0.247139939984072
20280010,20284010,30,58,1967.66151546731,0.429721822353141,0.30915300262019,0.00342260611347316,0.000603710414361921,0.252219931593219,0.247139939984072
20280010,20284010,30,59,1963.87291323215,0.42889442137799,0.310688599101824,0.00336570346179193,0.000593676248270005,0.252219931593219,0.247139939984072
20280010,20284010,30,60,1960.19910495713,0.428092090502224,0.312202311565464,0.00331097522105604,0.000584025466756471,0.252219931593219,0.247139939984072
20280010,20284010,30,61,1956.63426175891,0.427313556743495,0.313694787862987,0.00325828292412003,0.000574733655737862,0.252219931593219,0.247139939984072
20280010,20284010,30,62,1953.17298256159,0.426557640549244,0.315166647483107,0.00320749927767143,0.000565778371343092,0.252219931593219,0.247139939984072
20280010,20284010,30,63,1949.81025513186,0.42582324728708,0.316618482856378,0.00315850712590301,0.000557138957187931,0.252219931593219,0.247139939984072
20280010,20284010,30,64,1946.54142129811,0.425109359648902,0.318050860604294,0.0031111985358501,0.000548796383099992,0.252219931593219,0.247139939984072
20280010,20284010,30,65,1943.36214577487,0.424415030842412,0.319464322736796,0.00306547399429315,0.000540733103513636,0.252219931593219,0.247139939984072
20280010,20284010,30,66,1940.26838809469,0.423739378461251,0.320859387803633,0.00302124170911034,0.000532932934280945,0.252219931593219,0.247139939984072
20280010,20284010,30,67,1937.25637722264,0.423081578941003,0.322236552005243,0.00297841700720146,0.000525380946510342,0.252219931593219,0.247139939984072
20280010,20284010,30,68,1934.32258849722,0.422440862523277,0.323596290268573,0.00293692181739191,0.000518063375389543,0.252219931593219,0.247139939984072
20280010,20284010,30,69,1931.46372260645,0.421816508664249,0.324939057292576,0.00289668422223336,0.000510967541157098,0.252219931593219,0.247139939984072
20280010,20284010,30,70,1928.67668636825,0.421207841837242,0.326265288567188,0.00285763805954125,0.000504081778843895,0.252219931593219,0.247139939984072
20280010,20284010,30,71,1925.95857513765,0.420614227690606,0.327575401368299,0.00281972255414059,0.000497395373340761,0.252219931593219,0.247139939984072
20280010,20284010,30,72,1923.30665670762,0.420035069531783,0.328869795729874,0.00278288196278292,0.000490898496787527,0.252219931593219,0.247139939984072
20280010,20284010,30,73,1920.71835660353,0.419469805115732,0.330148855392879,0.00274706521980762,0.000484582146092028,0.252219931593219,0.247139939984072
20280010,20284010,30,74,1918.19124469275,0.418917903720572,0.331412948729344,0.00271222557668729,0.000478438079369135,0.252219931593219,0.247139939984072
20280010,20284010,30,75,1915.72302304262,0.418378863495853,0.332662429638761,0.00267832023398516,0.000472458751040358,0.252219931593219,0.247139939984072
20280010,20284010,30,76,1913.31151496287,0.417852209069519,0.333897638413265,0.00264530996863488,0.000466637246107424,0.252219931593219,0.247139939984072
20280010,20284010,30,77,1910.95465516632,0.417337489399066,0.335118902567673,0.00261315876241419,0.000460967214635538,0.252219931593219,0.247139939984072
20280010,20284010,30,78,1908.65048097572,0.416834275851198,0.336326537630475,0.00258183343896644,0.000455442807743522,0.252219931593219,0.247139939984072
20280010,20284010,30,79,1906.39712449848,0.41634216049284,0.337520847892282,0.00255130331693006,0.000450058616434337,0.252219931593219,0.247139939984072
20280010,20284010,30,80,1904.19280568517,0.415860754575177,0.338702127108871,0.00252153988598376,0.000444809614466848,0.252219931593219,0.247139939984072
20280010,20284010,30,81,1902.0358261842,0.41538968719156,0.33987065915687,0.0024925165112493,0.000439691106228734,0.252219931593219,0.247139939984072
20280010,20284010,30,82,1899.92456390372,0.414928604089867,0.341026718641045,0.00246420816982188,0.000434698680275561,0.252219931593219,0.247139939984072
20280010,20284010,30,83,1897.85746819328,0.414477166620218,0.342170571453195,0.0024365912214511,0.000429828168892912,0.252219931593219,0.247139939984072
20280010,20284010,30,84,1895.83305556134,0.414035050799711,0.34330247528355,0.00240964321374746,0.000425075613747742,0.252219931593219,0.247139939984072
20280010,20284010,30,85,1893.84990585055,0.413601946477131,0.344422680086435,0.00238334272084036,0.000420437237439568,0.252219931593219,0.247139939984072
20280010,20284010,30,86,1891.90665879966,0.413177556582108,0.345531428502642,0.00235766921323066,0.000415909420553452,0.252219931593219,0.247139939984072
20280010,20284010,30,87,1890.0020109292,0.412761596444961,0.34662895624151,0.00233260295568685,0.000411488683658993,0.252219931593219,0.247139939984072
20280010,20284010,30,88,1888.13471269636,0.41235379317535,0.347715492426034,0.00230812492943657,0.000407171673594248,0.252219931593219,0.247139939984072
20280010,20284010,30,89,1886.30356587324,0.411953885089716,0.348791259904584,0.00228421677459075,0.000402955153317947,0.252219931593219,0.247139939984072
20280010,20284010,30,90,1884.50742111093,0.41156162117928,0.349856475532809,0.00226086074867931,0.000398835994603142,0.252219931593219,0.247139939984072
20280010,20284010,30,91,1882.74517565919,0.411176760612053,0.350911350429234,0.00223803969734061,0.000394811172874155,0.252219931593219,0.247139939984072
20280010,20284010,30,92,1881.0157712186,0.410799072263751,0.351956090207899,0.00221573703354926,0.000390877763549149,0.252219931593219,0.247139939984072
20280010,20284010,30,93,1879.31819190764,0.410428334273827,0.352990895191043,0.00219393672223786,0.000387032939333658,0.252219931593219,0.247139939984072
20280010,20284010,30,94,1877.65146233199,0.410064333623823,0.354015960604594,0.0021726232677234,0.000383273968008383,0.252219931593219,0.247139939984072
20280010,20284010,30,95,1876.01464574727,0.409706865736121,0.355031476758786,0.00215178170193718,0.000379598210358273,0.252219931593219,0.247139939984072
20280010,20284010,30,96,1874.40684230896,0.409355734091749,0.356037629215934,0.00213139757203828,0.000376003117992451,0.252219931593219,0.247139939984072
20280010,20284010,30,97,1872.82718740564,0.409010749866359,0.357034598946997,0.00211145692652935,0.000372486230899548,0.252219931593219,0.247139939984072
20280010,20284010,30,98,1871.27485007245,0.408671731583751,0.358022562478264,0.00209194629946175,0.000369045174665642,0.252219931593219,0.247139939984072
20280010,20284010,30,99,1869.74903148278,0.408338504786469,0.359001692029216,0.00207285269269922,0.000365677657349381,0.252219931593219,0.247139939984072
20280010,20284010,30,100,1868.24896351613,0.408010901723028,0.359972155642365,0.0020541635564975,0.000362381466059726,0.252219931593219,0.247139939984072
20280010,20284010,30,101,1866.77390740008,0.407688761051332,0.360934117305713,0.00203586676885087,0.000359154463315899,0.252219931593219,0.247139939984072
20280010,20284010,30,102,1865.32315242398,0.407371927557758,0.361887737068301,0.00201795061416333,0.000355994583287929,0.252219931593219,0.247139939984072
20280010,20284010,30,103,1863.89601472164,0.407060251891299,0.36283317114925,0.00200040376183594,0.000352899828022184,0.252219931593219,0.247139939984072
20280010,20284010,30,104,1862.49183611975,0.406753590312075,0.363770572040617,0.00198321524533351,0.000349868263751236,0.252219931593219,0.247139939984072
20280010,20284010,30,105,1861.1099830487,0.406451804453455,0.364700088604367,0.00196637444222528,0.000346898017375336,0.252219931593219,0.247139939984072
20280010,20284010,30,106,1859.74984551171,0.406154761096938,0.365621866163771,0.00194987105559523,0.000343987273185326,0.252219931593219,0.247139939984072
20280010,20284010,30,107,1858.41083610866,0.405862331958947,0.36653604658953,0.00193369509710702,0.000341134269877265,0.252219931593219,0.247139939984072
20280010,20284010,30,108,1857.09238911025,0.405574393488647,0.36744276838096,0.0019178368718956,0.00033833729788911,0.252219931593219,0.247139939984072
20280010,20284010,30,109,1855.79395957879,0.405290826675924,0.368342166742613,0.00190228696535032,0.000335594697070945,0.252219931593219,0.247139939984072
20280010,20284010,30,110,1854.51502253162,0.405011516868691,0.369234373656696,0.00188703623176312,0.000332904854684059,0.252219931593219,0.247139939984072
20280010,20284010,30,111,1853.25507214368,0.404736353598726,0.370119517951727,0.00187207578473784,0.000330266203710579,0.252219931593219,0.247139939984072
20280010,20284010,30,112,1852.0136209858,0.404465230415326,0.370997725367828,0.00185739698920015,0.000327677221445337,0.252219931593219,0.247139939984072
20280010,20284010,30,113,1850.79019929576,0.404198044726113,0.371869118619098,0.00184299145480863,0.000325136428334784,0.252219931593219,0.247139939984072
20280010,20284010,30,114,1849.58435427945,0.403934697644406,0.372733817453491,0.00182885103054451,0.000322642387023731,0.252219931593219,0.247139939984072
20280010,20284010,30,115,1848.39564943972,0.403675093842659,0.373591938710626,0.00181496780025083,0.000320193701569466,0.252219931593219,0.247139939984072
20280010,20284010,30,116,1847.22366393101,0.403419141411503,0.374443596377904,0.0018013340788968,0.000317789016783699,0.252219931593219,0.247139939984072
20280010,20284010,30,117,1846.06799193795,0.403166751724052,0.37528890164533,0.00178794240935636,0.000315427017665156,0.252219931593219,0.247139939984072
20280010,20284010,30,118,1844.92824207663,0.402917839305131,0.376127962959351,0.00177478555951282,0.000313106428889576,0.252219931593219,0.247139939984072
20280010,20284010,30,119,1843.80403681717,0.402672321705178,0.376960886076035,0.00176185651952538,0.000310826014328225,0.252219931593219,0.247139939984072
20280010,20284010,30,120,1842.69501192679,0.402430119378619,0.377787774113827,0.00174914849912275,0.0003085845765711,0.252219931593219,0.247139939984072
20280010,20284010,30,121,1841.60081593255,0.402191155566519,0.378608727606113,0.00173665492481698,0.000306380956436008,0.252219931593219,0.247139939984072
20280010,20284010,30,122,1840.52110960295,0.401955356183386,0.379423844553764,0.00172436943695848,0.000304214032449578,0.252219931593219,0.247139939984072
20280010,20284010,30,123,1839.45556544804,0.401722649707985,0.380233220477791,0.0017122858865792,0.000302082720290847,0.252219931593219,0.247139939984072
20280010,20284010,30,124,1838.40386723742,0.401492967078082,0.381036948472211,0.00170039833199415,0.000299985972192174,0.252219931593219,0.247139939984072
20280010,20284010,30,125,1837.36570953577,0.401266241589,0.381835119257177,0.00168870103515044,0.000297922776295584,0.252219931593219,0.247139939984072
20280010,20284010,30,126,1836.34079725548,0.401042408795921,0.382627821232404,0.00167718845773039,0.00029589215596569,0.252219931593219,0.247139939984072
20280010,20284010,30,127,1835.32884522601,0.400821406419844,0.383415140530884,0.00166585525702655,0.000293893169062363,0.252219931593219,0.247139939984072
20280010,20284010,30,128,1834.32957777968,0.400603174257106,0.384197161072866,0.00165469628161651,0.00029192490717804,0.252219931593219,0.247139939984072
20280010,20284010,30,129,1833.34272835333,0.40038765409241,0.384973964620048,0.0016437065668702,0.0002899864948455,0.252219931593219,0.247139939984072
20280010,20284010,30,130,1832.36803910566,0.400174789615241,0.385745630829928,0.00163288133032551,0.000288077088722352,0.252219931593219,0.247139939984072
20280010,20284010,30,131,1831.40526054971,0.399964526339605,0.386512237310219,0.00162221596696816,0.000286195876758664,0.252219931593219,0.247139939984072
20280010,20284010,30,132,1830.45415120013,0.399756811526998,0.387273859673253,0.00161170604444988,0.000284342077353669,0.252219931593219,0.247139939984072
20280010,20284010,30,133,1829.51447723472,0.399551594112488,0.388030571590279,0.00160134729827594,0.000282514938507086,0.252219931593219,0.247139939984072
20280010,20284010,30,134,1828.58601216994,0.399348824633851,0.388782444845558,0.00159113562698805,0.000280713736969591,0.252219931593219,0.247139939984072
20280010,20284010,30,135,1827.66853654982,0.399148455163622,0.38952954939015,0.00158106708736482,0.000278937777396414,0.252219931593219,0.247139939984072
20280010,20284010,30,136,1826.76183764785,0.398950439244004,0.390271953395306,0.00157113788965623,0.000277186391506907,0.252219931593219,0.247139939984072
20280010,20284010,30,137,1825.86570918145,0.398754731824504,0.391009723305363,0.00156134439286413,0.00027545893725226,0.252219931593219,0.247139939984072
20280010,20284010,30,138,1824.97995103858,0.398561289202221,0.39174292389006,0.00155168310007651,0.000273754797992671,0.252219931593219,0.247139939984072
20280010,20284010,30,139,1824.10436901599,0.39837006896469,0.392471618296175,0.00154215065385971,0.000272073381684767,0.252219931593219,0.247139939984072
20280010,20284010,30,140,1823.23877456876,0.398181029935183,0.393195868098419,0.00153274383170951,0.000270414120079394,0.252219931593219,0.247139939984072
20280010,20284010,30,141,1822.38298457074,0.397994132120385,0.393915733349501,0.00152345954156059,0.000268776467929707,0.252219931593219,0.247139939984072
20280010,20284010,30,142,1821.53682108543,0.397809336660364,0.394631272629301,0.00151429481735201,0.000267159902209148,0.252219931593219,0.247139939984072
20280010,20284010,30,143,1820.70011114702,0.397626605780744,0.395342543093097,0.00150524681464585,0.000265563921338798,0.252219931593219,0.247139939984072
20280010,20284010,30,144,1819.87268655115,0.397445902747016,0.396049600518776,0.00149631280629661,0.000263988044423679,0.252219931593219,0.247139939984072
20280010,20284010,30,145,1819.05438365513,0.397267191820898,0.396752499352997,0.00148749017816876,0.000262431810497548,0.252219931593219,0.247139939984072
20280010,20284010,30,146,1818.24504318715,0.397090438218681,0.397451292756253,0.00147877642490141,0.000260894777776007,0.252219931593219,0.247139939984072
20280010,20284010,30,147,1817.44451006438,0.396915608071491,0.398146032646815,0.00147016914571983,0.000259376522917869,0.252219931593219,0.247139939984072
20280010,20284010,30,148,1816.65263321942,0.396742668387393,0.398836769743498,0.00146166604029485,0.000257876640294965,0.252219931593219,0.247139939984072
20280010,20284010,30,149,1815.86926543495,0.396571587015281,0.399523553607262,0.00145326490465281,0.000256394741270874,0.252219931593219,0.247139939984072
20280010,20284010,30,150,1815.09426318623,0.396402332610483,0.400206432681604,0.00144496362713928,0.000254930453489111,0.252219931593219,0.247139939984072
20280010,20284010,30,151,1814.32748649121,0.396234874602014,0.400885454331739,0.00143676018444193,0.000253483420171775,0.252219931593219,0.247139939984072
20280010,20284010,30,152,1813.56879876786,0.396069183161431,0.401560664882562,0.00142865263767755,0.000252053299429478,0.252219931593219,0.247139939984072
20280010,20284010,30,153,1812.81806669855,0.395905229173215,0.402232109655386,0.0014206391285503,0.000250639763583856,0.252219931593219,0.247139939984072
20280010,20284010,30,154,1812.07516010122,0.395742984206621,0.402899833003456,0.00141271787558756,0.000249242498503738,0.252219931593219,0.247139939984072
20280010,20284010,30,155,1811.33995180689,0.395582420488946,0.403563878346247,0.00140488717046054,0.000247861202956296,0.252219931593219,0.247139939984072
20280010,20284010,30,156,1810.6123175435,0.395423510880149,0.40422428820255,0.00139714537439696,0.000246495587974383,0.252219931593219,0.247139939984072
20280010,20284010,30,157,1809.89213582562,0.395266228848762,0.404881104222365,0.00138949091469188,0.000245145376241223,0.252219931593219,0.247139939984072
20280010,20284010,30,158,1809.17928784979,0.395110548449045,0.405534367217608,0.00138192228132373,0.000243810301493626,0.252219931593219,0.247139939984072
20280010,20284010,30,159,1808.47365739534,0.394956444299317,0.406184117191652,0.00137443802368029,0.000242490107944591,0.252219931593219,0.247139939984072
20280010,20284010,30,160,1807.77513073033,0.394803891561416,0.406830393367724,0.00136703674740004,0.000241184549726272,0.252219931593219,0.247139939984072
20280010,20284010,30,161,1807.08359652242,0.394652865921229,0.407473234216183,0.00135971711133242,0.00023989339035389,0.252219931593219,0.247139939984072
20280010,20284010,30,162,1806.39894575431,0.394503343570238,0.408112677480696,0.00135247782461948,0.000238616402211078,0.252219931593219,0.247139939984072
20280010,20284010,30,163,1805.72107164374,0.394355301188033,0.40874876020334,0.00134531764390148,0.000237353366057058,0.252219931593219,0.247139939984072
20280010,20284010,30,164,1805.04986956754,0.39420871592574,0.409381518748666,0.0013382353706463,0.00023610407055567,0.252219931593219,0.247139939984072
20280010,20284010,30,165,1804.38523698977,0.39406356539031,0.41001098882674,0.00133122984860276,0.000234868311826255,0.252219931593219,0.247139939984072
20280010,20284010,30,166,1803.7270733935,0.393919827629636,0.410637205515207,0.0013242999613766,0.00023364589301615,0.252219931593219,0.247139939984072
20280010,20284010,30,167,1803.07528021616,0.393777481118429,0.411260203280388,0.00131744463012642,0.000232436623894363,0.252219931593219,0.247139939984072
20280010,20284010,30,168,1802.42976078829,0.393636504744837,0.411880015997464,0.00131066281137678,0.000231240320465898,0.252219931593219,0.247139939984072
20280010,20284010,30,169,1801.79042027537,0.393496877797744,0.412496676969764,0.00130395349494465,0.000230056804606065,0.252219931593219,0.247139939984072
20280010,20284010,30,170,1801.15716562263,0.393358579954721,0.413110218947189,0.00129731570197464,0.000228885903713984,0.252219931593219,0.247139939984072
20280010,20284010,30,171,1800.52990550269,0.393221591270584,0.413720674143815,0.00129074848307787,0.00022772745038437,0.252219931593219,0.247139939984072
20280010,20284010,30,172,1799.90855026582,0.393085892166538,0.414328074254693,0.00128425091656972,0.000226581282096738,0.252219931593219,0.247139939984072
20280010,20284010,30,173,1799.29301189272,0.392951463419856,0.414932450471887,0.00127782210680032,0.000225447240920985,0.252219931593219,0.247139939984072
20280010,20284010,30,174,1798.68320394956,0.392818286154071,0.415533833499776,0.00127146118257237,0.000224325173238359,0.252219931593219,0.247139939984072
20280010,20284010,30,175,1798.07904154537,0.39268634182966,0.416132253569659,0.00126516729564077,0.000223214929476858,0.252219931593219,0.247139939984072
20280010,20284010,30,176,1797.48044129139,0.392555612235176,0.416727740453673,0.00125893961928811,0.000222116363860017,0.252219931593219,0.247139939984072
20280010,20284010,30,177,1796.88732126251,0.392426079478815,0.417320323478084,0.00125277734697097,0.000221029334168171,0.252219931593219,0.247139939984072
20280010,20284010,30,178,1796.2996009605,0.392297725980396,0.417910031535945,0.00124667969103186,0.000219953701511292,0.252219931593219,0.247139939984072
20280010,20284010,30,179,1795.71720127902,0.392170534463718,0.418496893099179,0.001240645881472,0.000218889330112575,0.252219931593219,0.247139939984072
20280010,20284010,30,180,1795.14004447038,0.392044487949292,0.419080936230092,0.00123467516478041,0.000217836087101929,0.252219931593219,0.247139939984072
20280010,20284010,30,181,1794.56805411379,0.391919569747421,0.419662188592354,0.00122876680281598,0.000216793842318826,0.252219931593219,0.247139939984072
20280010,20284010,30,182,1794.00115508518,0.391795763451597,0.42024067746146,0.00122292007173843,0.000215762468123773,0.252219931593219,0.247139939984072
20280010,20284010,30,183,1793.43927352845,0.39167305293223,0.420816429734717,0.0012171342609855,0.000214741839217927,0.252219931593219,0.247139939984072
20280010,20284010,30,184,1792.88233682808,0.391551422330656,0.421389471940749,0.00121140867229404,0.000213731832470461,0.252219931593219,0.247139939984072
20280010,20284010,30,185,1792.33027358298,0.391430856053443,0.421959830248569,0.00120574261876271,0.000212732326753263,0.252219931593219,0.247139939984072
20280010,20284010,30,186,1791.78301358168,0.391311338766953,0.422527530476226,0.00120013542395478,0.000211743202782706,0.252219931593219,0.247139939984072
20280010,20284010,30,187,1791.24048777857,0.391192855392167,0.423092598099038,0.00119458642104017,0.000210764342968343,0.252219931593219,0.247139939984072
20280010,20284010,30,188,1790.70262827133,0.391075391099755,0.423655058257459,0.00118909495197536,0.000209795631268282,0.252219931593219,0.247139939984072
20280010,20284010,30,189,1790.16936827938,0.39095893130536,0.424214935764554,0.00118366036672155,0.000208836953051292,0.252219931593219,0.247139939984072
20280010,20284010,30,190,1789.64064212333,0.390843461665121,0.424772255113148,0.00117828202250019,0.000207888194965521,0.252219931593219,0.247139939984072
20280010,20284010,30,191,1789.11638520539,0.390728968071387,0.425327040482622,0.00117295928308644,0.000206949244813893,0.252219931593219,0.247139939984072
20280010,20284010,30,192,1788.59653399065,0.390615436648633,0.425879315745402,0.00116769151814055,0.000206019991436189,0.252219931593219,0.247139939984072
20280010,20284010,30,193,1788.08102598923,0.390502853749558,0.426429104473135,0.00116247810257813,0.000205100324597992,0.252219931593219,0.247139939984072
20280010,20284010,30,194,1787.56979973918,0.390391205951357,0.426976429942585,0.00115731841597897,0.000204190134886438,0.252219931593219,0.247139939984072
20280010,20284010,30,195,1787.06279479016,0.390280480052151,0.427521315141244,0.00115221184203593,0.000203289313613024,0.252219931593219,0.247139939984072
20280010,20284010,30,196,1786.55995168784,0.390170663067578,0.428063782772685,0.00114715776804393,0.000202397752723491,0.252219931593219,0.247139939984072
20280010,20284010,30,197,1786.06121195884,0.390061742227516,0.428603855261658,0.00114215558442959,0.000201515344714886,0.252219931593219,0.247139939984072
20280010,20284010,30,198,1785.56651809643,0.389953704972941,0.429141554758956,0.00113720468432244,0.000200641982559944,0.252219931593219,0.247139939984072
20280010,20284010,30,199,1785.07581354663,0.389846538952913,0.429676903146043,0.0011323044631674,0.000199777559638762,0.252219931593219,0.247139939984072
20280010,20284010,30,200,1784.58904269495,0.38974023202166,0.430209922039474,0.00112745431837957,0.000198921969677922,0.252219931593219,0.247139939984072
20280010,20284010,30,201,1784.1061508535,0.389634772235778,0.430740632795104,0.00112265364904072,0.00019807510669699,0.252219931593219,0.247139939984072
20280010,20284010,30,202,1783.62708424859,0.389530147851518,0.431269056512103,0.00111790185563775,0.000197236864962394,0.252219931593219,0.247139939984072
20280010,20284010,30,203,1783.15179000871,0.389426347322154,0.431795214036786,0.00111319833984306,0.000196407138948715,0.252219931593219,0.247139939984072
20280010,20284010,30,204,1782.68021615281,0.389323359295433,0.432319125966264,0.00110854250433577,0.000195585823307177,0.252219931593219,0.247139939984072
20280010,20284010,30,205,1782.21231157893,0.38922117261109,0.432840812651936,0.00110393375266386,0.000194772812841348,0.252219931593219,0.247139939984072
20280010,20284010,30,206,1781.74802605309,0.389119776298418,0.433360294202815,0.00109937148914594,0.000193968002489846,0.252219931593219,0.247139939984072
20280010,20284010,30,207,1781.28731019841,0.389019159573894,0.433877590488712,0.00109485511881172,0.000193171287315861,0.252219931593219,0.247139939984072
20280010,20284010,30,208,1780.83011548444,0.388919311838847,0.434392721143278,0.00109038404738006,0.00019238256250331,0.252219931593219,0.247139939984072
20280010,20284010,30,209,1780.37639421662,0.388820222677162,0.434905705566914,0.00108595768127325,0.000191601723359381,0.252219931593219,0.247139939984072
20280010,20284010,30,210,1779.92609952595,0.388721881853016,0.435416562929561,0.00108157542766566,0.000190828665323146,0.252219931593219,0.247139939984072
20280010,20284010,30,211,1779.4791853587,0.388624279308638,0.435925312173371,0.0010772366945657,0.00019006328398004,0.252219931593219,0.247139939984072
20280010,20284010,30,212,1779.03560646626,0.388527405162084,0.436431972015279,0.00107294089092821,0.000189305475081718,0.252219931593219,0.247139939984072
20280010,20284010,30,213,1778.59531839499,0.38843124970503,0.436936560949462,0.00106868742679669,0.000188555134571174,0.252219931593219,0.247139939984072
20280010,20284010,30,214,1778.15827747618,0.388335803400574,0.437439097249723,0.00106447571347204,0.000187812158612523,0.252219931593219,0.247139939984072
20280010,20284010,30,215,1777.72444081598,0.388241056881031,0.437939598971774,0.00106030516370647,0.000187076443625247,0.252219931593219,0.247139939984072
20280010,20284010,30,216,1777.2937662853,0.388147000945746,0.438438083955451,0.00105617519192,0.000186347886322406,0.252219931593219,0.247139939984072
20280010,20284010,30,217,1776.86621250982,0.388053626558886,0.438934569826854,0.00105208521443752,0.000185626383752484,0.252219931593219,0.247139939984072
20280010,20284010,30,218,1776.44173885978,0.387960924847234,0.439429074000426,0.00104803464974378,0.000184911833344394,0.252219931593219,0.247139939984072
20280010,20284010,30,219,1776.02030543993,0.387868887097979,0.439921613680964,0.00104402291875441,0.000184204132955319,0.252219931593219,0.247139939984072
20280010,20284010,30,220,1775.60187307925,0.387777504756478,0.440412205865591,0.00104004944510043,0.000183503180920919,0.252219931593219,0.247139939984072
20280010,20284010,30,221,1775.18640332072,0.387686769424024,0.440900867345669,0.00103611365542363,0.00018280887610747,0.252219931593219,0.247139939984072
20280010,20284010,30,222,1774.77385841103,0.387596672855582,0.441387614708677,0.00103221497968151,0.000182121117965678,0.252219931593219,0.247139939984072
20280010,20284010,30,223,1774.36420129009,0.387507206957527,0.441872464340053,0.00102835285145829,0.000181439806585566,0.252219931593219,0.247139939984072
20280010,20284010,30,224,1773.95739558064,0.387418363785348,0.442355432425001,0.00102452670828094,0.000180764842752254,0.252219931593219,0.247139939984072
20280010,20284010,30,225,1773.55340557765,0.387330135541347,0.442836534950278,0.00102073599193726,0.000180096128002084,0.252219931593219,0.247139939984072
20280010,20284010,30,226,1773.1521962377,0.387242514572317,0.443315787705953,0.00101698014879467,0.000179433564678891,0.252219931593219,0.247139939984072
20280010,20284010,30,227,1772.75373316829,0.387155493367206,0.443793206287154,0.00101325863011717,0.00017877705598993,0.252219931593219,0.247139939984072
20280010,20284010,30,228,1772.35798261705,0.387069064554762,0.444268806095796,0.00100957089237906,0.000178126506061248,0.252219931593219,0.247139939984072
20280010,20284010,30,229,1771.96491146092,0.386983220901167,0.444742602342306,0.00100591639757355,0.000177481819992138,0.252219931593219,0.247139939984072
20280010,20284010,30,230,1771.57448719522,0.386897955307653,0.445214610047337,0.00100229461351429,0.000176842903908357,0.252219931593219,0.247139939984072
20280010,20284010,30,231,1771.18667792269,0.386813260808113,0.44568484404348,0.000998705014128726,0.000176209665013903,0.252219931593219,0.247139939984072
20280010,20284010,30,232,1770.8014523425,0.38672913056669,0.446153318976978,0.000995147079741751,0.000175582011641059,0.252219931593219,0.247139939984072
20280010,20284010,30,233,1770.41877973919,0.386645557875367,0.446620049309444,0.000991620297348035,0.000174959853298461,0.252219931593219,0.247139939984072
20280010,20284010,30,234,1770.03862997158,0.386562536151548,0.447085049319578,0.000988124160872258,0.000174343100717026,0.252219931593219,0.247139939984072
20280010,20284010,30,235,1769.66097346165,0.386480058935629,0.4475483331049,0.000984658171415821,0.000173731665893483,0.252219931593219,0.247139939984072
20280010,20284010,30,236,1769.28578118347,0.386398119888569,0.448009914583487,0.000981221837489308,0.000173125462131408,0.252219931593219,0.247139939984072
20280010,20284010,30,237,1768.913024652,0.386316712789464,0.448469807495724,0.00097781467522977,0.000172524404079562,0.252219931593219,0.247139939984072
20280010,20284010,30,238,1768.54267591205,0.386235831533116,0.448928025406069,0.000974436208602171,0.00017192840776745,0.252219931593219,0.247139939984072
20280010,20284010,30,239,1768.17470752712,0.386155470127612,0.44938458170483,0.000971085969584075,0.000171337390637912,0.252219931593219,0.247139939984072
20280010,20284010,30,240,1767.80909256838,0.386075622691903,0.449839489609958,0.000967763498333616,0.000170751271576771,0.252219931593219,0.247139939984072
20280010,20284010,30,241,1767.44580460359,0.385996283453401,0.450292762168858,0.000964468343339956,0.000170169970939385,0.252219931593219,0.247139939984072
20280010,20284010,30,242,1767.08481768618,0.385917446745575,0.450744412260219,0.000961200061555929,0.000169593410574064,0.252219931593219,0.247139939984072
20280010,20284010,30,243,1766.7261063443,0.385839107005575,0.451194452595854,0.000957958218513035,0.000169021513842365,0.252219931593219,0.247139939984072
20280010,20284010,30,244,1766.36964557,0.385761258771859,0.451642895722568,0.000954742388418137,0.000168454205636159,0.252219931593219,0.247139939984072
20280010,20284010,30,245,1766.01541080846,0.385683896681847,0.452089754024035,0.000951552154232584,0.000167891412391606,0.252219931593219,0.247139939984072
20280010,20284010,30,246,1765.66337794734,0.385607015469596,0.452535039722702,0.000948387107733032,0.000167333062099888,0.252219931593219,0.247139939984072
20280010,20284010,30,247,1765.31352330624,0.385530609963492,0.452978764881702,0.000945246849554866,0.000166779084314881,0.252219931593219,0.247139939984072
20280010,20284010,30,248,1764.96582362625,0.385454675083971,0.45342094140679,0.000942130989217992,0.000166229410157711,0.252219931593219,0.247139939984072
20280010,20284010,30,249,1764.62025605967,0.385379205841273,0.453861581048295,0.00093903914513559,0.000165683972318311,0.252219931593219,0.247139939984072
20280010,20284010,30,250,1764.27679815978,0.385304197333213,0.454300695403089,0.00093597094460584,0.000165142705053962,0.252219931593219,0.247139939984072
20280010,20284010,30,251,1763.93542787088,0.385229644742999,0.454738295916567,0.000932926023787787,0.000164605544185045,0.252219931593219,0.247139939984072
20280010,20284010,30,252,1763.59612351838,0.385155543337069,0.455174393884648,0.000929904027660837,0.000164072427087901,0.252219931593219,0.247139939984072
20280010,20284010,30,253,1763.25886379907,0.385081888462973,0.455609000455785,0.000926904609969585,0.000163543292685103,0.252219931593219,0.247139939984072
20280010,20284010,30,254,1762.92362777164,0.385008675547288,0.456042126632989,0.000923927433153486,0.000163018081433056,0.252219931593219,0.247139939984072
20280010,20284010,30,255,1762.59039484722,0.384935900093572,0.456473783275865,0.000920972168262746,0.000162496735307159,0.252219931593219,0.247139939984072
20280010,20284010,30,256,1762.2591447803,0.384863557680359,0.456903981102656,0.000918038494861012,0.000161979197784644,0.252219931593219,0.247139939984072
20280010,20284010,30,257,1761.92985765961,0.384791643959191,0.457332730692297,0.00091512610091504,0.000161465413825118,0.252219931593219,0.247139939984072
20280010,20284010,30,258,1761.60251389944,0.384720154652696,0.457760042486475,0.000912234682672906,0.000160955329849076,0.252219931593219,0.247139939984072
20280010,20284010,30,259,1761.27709423092,0.384649085552708,0.458185926791695,0.000909363944530761,0.0001604488937144,0.252219931593219,0.247139939984072
20280010,20284010,30,260,1760.9535796937,0.384578432518433,0.45861039378135,0.000906513598889433,0.000159946054691062,0.252219931593219,0.247139939984072
20280010,20284010,30,261,1760.63195162768,0.384508191474656,0.459033453497795,0.000903683366001262,0.000159446763434107,0.252219931593219,0.247139939984072
20280010,20284010,30,262,1760.31219166509,0.384438358409994,0.459455115854419,0.000900872973808271,0.000158950971955104,0.252219931593219,0.247139939984072
20280010,20284010,30,263,1759.99428172262,0.3843689293752,0.459875390637717,0.000898082157772353,0.00015845863359219,0.252219931593219,0.247139939984072
20280010,20284010,30,264,1759.67820399395,0.384299900481508,0.46029428750936,0.000895310660698081,0.000157969702978811,0.252219931593219,0.247139939984072
20280010,20284010,30,265,1759.36394094229,0.384231267899027,0.460711816008261,0.00089255823254928,0.000157484136011364,0.252219931593219,0.247139939984072
20280010,20284010,30,266,1759.05147529335,0.384163027855182,0.461127985552635,0.000889824630259899,0.000157001889815832,0.252219931593219,0.247139939984072
20280010,20284010,30,267,1758.7407900283,0.384095176633199,0.46154280544205,0.000887109617539964,0.00015652292271355,0.252219931593219,0.247139939984072
20280010,20284010,30,268,1758.43186837717,0.384027710570644,0.461956284859472,0.000884412964677507,0.000156047194186262,0.252219931593219,0.247139939984072
20280010,20284010,30,269,1758.12469381225,0.383960626057998,0.462368432873297,0.000881734448337045,0.000155574664840573,0.252219931593219,0.247139939984072
20280010,20284010,30,270,1757.81925004188,0.383893919537289,0.462779258439367,0.000879073851355476,0.000155105296371935,0.252219931593219,0.247139939984072
20280010,20284010,30,271,1757.51552100435,0.383827587500766,0.463188770402983,0.000876430962535889,0.000154639051528276,0.252219931593219,0.247139939984072
20280010,20284010,30,272,1757.21349086202,0.383761626489613,0.463596977500888,0.000873805576440313,0.000154175894073431,0.252219931593219,0.247139939984072
20280010,20284010,30,273,1756.91314399569,0.38369603309272,0.464003888363247,0.000871197493181612,0.000153715788750438,0.252219931593219,0.247139939984072
20280010,20284010,30,274,1756.61446499914,0.383630803945486,0.464409511515596,0.000868606518215445,0.000153258701244823,0.252219931593219,0.247139939984072
20280010,20284010,30,275,1756.31743867384,0.383565935728677,0.464813855380783,0.000866032462132878,0.000152804598148023,0.252219931593219,0.247139939984072
20280010,20284010,30,276,1756.02205002396,0.383501425167316,0.465216928280878,0.000863475140453922,0.000152353446920952,0.252219931593219,0.247139939984072
20280010,20284010,30,277,1755.72828425144,0.383437269029626,0.465618738439067,0.00086093437342308,0.00015190521585794,0.252219931593219,0.247139939984072
20280010,20284010,30,278,1755.43612675136,0.383373464126008,0.466019293981519,0.000858409985806611,0.000151459874050958,0.252219931593219,0.247139939984072
20280010,20284010,30,279,1755.14556310745,0.383310007308059,0.466418602939231,0.000855901806692963,0.000151017391354415,0.252219931593219,0.247139939984072
20280010,20284010,30,280,1754.85657908774,0.383246895467632,0.466816673249843,0.000853409669295643,0.000150577738350375,0.252219931593219,0.247139939984072
20280010,20284010,30,281,1754.5691606405,0.383184125535936,0.467213512759431,0.000850933410760143,0.000150140886314499,0.252219931593219,0.247139939984072
20280010,20284010,30,282,1754.28329389021,0.383121694482668,0.467609129224271,0.000848472871974269,0.000149706807182579,0.252219931593219,0.247139939984072
20280010,20284010,30,283,1753.9989651338,0.383059599315186,0.468003530312568,0.000846027897382981,0.000149275473517873,0.252219931593219,0.247139939984072
20280010,20284010,30,284,1753.71616083703,0.382997837077716,0.468396723606168,0.000843598334807291,0.000148846858479153,0.252219931593219,0.247139939984072
20280010,20284010,30,285,1753.43486763096,0.382936404850591,0.468788716602229,0.000841184035268291,0.000148420935789661,0.252219931593219,0.247139939984072
20280010,20284010,30,286,1753.15507230871,0.382875299749525,0.469179516714863,0.00083878485281602,0.000147997679706914,0.252219931593219,0.247139939984072
20280010,20284010,30,287,1752.87676182217,0.38281451892492,0.469569131276752,0.000836400644363381,0.000147577064993408,0.252219931593219,0.247139939984072
20280010,20284010,30,288,1752.59992327906,0.382754059561199,0.469957567540729,0.00083403126952574,0.000147159066888314,0.252219931593219,0.247139939984072
20280010,20284010,30,289,1752.32454393996,0.382693918876174,0.47034483268132,0.000831676590465714,0.000146743661080098,0.252219931593219,0.247139939984072
20280010,20284010,30,290,1752.05061121554,0.382634094120435,0.470730933796268,0.000829336471743864,0.00014633082368018,0.252219931593219,0.247139939984072
20280010,20284010,30,291,1751.77811266394,0.382574582576776,0.471115877908008,0.00082701078017507,0.000145920531197593,0.252219931593219,0.247139939984072
20280010,20284010,30,292,1751.50703598818,0.382515381559635,0.47149967196512,0.000824699384690732,0.000145512760514674,0.252219931593219,0.247139939984072
20280010,20284010,30,293,1751.23736903378,0.38245648841457,0.471882322843744,0.000822402156206818,0.000145107488863785,0.252219931593219,0.247139939984072
20280010,20284010,30,294,1750.96909978645,0.382397900517749,0.472263837348959,0.000820118967497939,0.000144704693805094,0.252219931593219,0.247139939984072
20280010,20284010,30,295,1750.70221636981,0.38233961527547,0.472644222216136,0.000817849693077356,0.000144304353205411,0.252219931593219,0.247139939984072
20280010,20284010,30,296,1750.43670704336,0.382281630123696,0.473023484112247,0.00081559420908271,0.000143906445218021,0.252219931593219,0.247139939984072
20280010,20284010,30,297,1750.1725602004,0.382223942527616,0.473401629637152,0.000813352393167969,0.00014351094826363,0.252219931593219,0.247139939984072
20280010,20284010,30,298,1749.90976436611,0.382166549981219,0.473778665324841,0.000811124124401068,0.000143117841012298,0.252219931593219,0.247139939984072
20280010,20284010,30,299,1749.64830819568,0.382109450006891,0.474154597644652,0.000808909283167307,0.000142727102366403,0.252219931593219,0.247139939984072
20280010,20284010,30,300,1749.38818047259,0.382052640155026,0.474529433002448,0.000806707751078646,0.000142338711444638,0.252219931593219,0.247139939984072
20280010,20284010,30,301,1749.12937010682,0.381996118003656,0.474903177741771,0.000804519410888558,0.000141952647566985,0.252219931593219,0.247139939984072
20280010,20284010,30,302,1748.87186613329,0.381939881158092,0.475275838144954,0.000802344146412492,0.00014156889024069,0.252219931593219,0.247139939984072
20280010,20284010,30,303,1748.61565771026,0.381883927250583,0.475647420434202,0.000800181842453712,0.000141187419147174,0.252219931593219,0.247139939984072
20280010,20284010,30,304,1748.36073411782,0.381828253939984,0.476017930772652,0.000798032384734725,0.000140808214129941,0.252219931593219,0.247139939984072
20280010,20284010,30,305,1748.10708475644,0.381772858911441,0.476387375265386,0.0007958956598336,0.000140431255183341,0.252219931593219,0.247139939984072
20280010,20284010,30,306,1747.85469914556,0.381717739876084,0.476755759960425,0.000793771555125751,0.000140056522442302,0.252219931593219,0.247139939984072
20280010,20284010,30,307,1747.60356692227,0.381662894570733,0.477123090849686,0.000791659958730454,0.000139683996172892,0.252219931593219,0.247139939984072
20280010,20284010,30,308,1747.35367783996,0.381608320757609,0.477489373869913,0.00078956075946229,0.000139313656763757,0.252219931593219,0.247139939984072
20280010,20284010,30,309,1747.10502176709,0.381554016224062,0.477854614903578,0.000787473846787303,0.000138945484718385,0.252219931593219,0.247139939984072
20280010,20284010,30,310,1746.85758868592,0.3814999787823,0.478218819779752,0.000785399110783728,0.00013857946064818,0.252219931593219,0.247139939984072
20280010,20284010,30,311,1746.61136869137,0.381446206269129,0.478581994274949,0.000783336442107074,0.000138215565266303,0.252219931593219,0.247139939984072
20280010,20284010,30,312,1746.36635198983,0.3813926965457,0.478944144113943,0.000781285731959466,0.000137853779382262,0.252219931593219,0.247139939984072
20280010,20284010,30,313,1746.12252889801,0.381339447497261,0.479305274970556,0.0007792468720632,0.00013749408389725,0.252219931593219,0.247139939984072
20280010,20284010,30,314,1745.87988984186,0.381286457032914,0.479665392468424,0.000777219754638118,0.000137136459800156,0.252219931593219,0.247139939984072
20280010,20284010,30,315,1745.63842535549,0.381233723085383,0.480024502181734,0.000775204272382802,0.000136780888164245,0.252219931593219,0.247139939984072
20280010,20284010,30,316,1745.3981260801,0.381181243610778,0.480382609635937,0.000773200318459601,0.000136427350144519,0.252219931593219,0.247139939984072
20280010,20284010,30,317,1745.15898276291,0.381129016588366,0.480739720308441,0.00077120778648284,0.000136075826975639,0.252219931593219,0.247139939984072
20280010,20284010,30,318,1744.92098625617,0.381077040020352,0.481095839629273,0.00076922657051066,0.000135726299970488,0.252219931593219,0.247139939984072
20280010,20284010,30,319,1744.68412751615,0.381025311931653,0.481450972981726,0.000767256565039844,0.000135378750519257,0.252219931593219,0.247139939984072
20280010,20284010,30,320,1744.4483976021,0.38097383036968,0.48180512570298,0.000765297665003656,0.000135033160089066,0.252219931593219,0.247139939984072
