Rank,TotalUpdate,N,ObjectiveNormMean,ObjectiveNormSD,NREMean,NRESD,RelativeUpdateMean,RelativeUpdateSD,RankBoundMean,RankBoundSD
25,10,10,1,0,0.261720057023105,0.0039141676764371,NaN,NaN,NaN,NaN
25,11,10,0.846736940954925,0.0095983700347522,0.244116039073477,0.00256335691270581,0.0546849248936368,0.00256638483626105,0.00969067698944211,0.000458950162887703
25,12,10,0.780540618377558,0.0117422064907001,0.236670395718532,0.0020296390595086,0.0360004269475796,0.00110799927892991,0.00636439481934705,0.000196899127632863
25,13,10,0.739502797379663,0.0126721902106777,0.233680931543867,0.00172978576984109,0.0283537586690664,0.000764822748860374,0.00500719811191305,0.000135426449357649
25,14,10,0.710427127330997,0.0132582252066416,0.23319325314503,0.0015265751908069,0.0236981857303484,0.000628060562912995,0.00418248764151365,0.000110970824443786
25,15,10,0.6882444021072,0.0136809161831727,0.234214896645567,0.00138004625137071,0.0204370402070198,0.000518242223644103,0.00360559400027902,9.1464891714233e-05
25,16,10,0.670523331821744,0.0139800766632129,0.236176009957613,0.00128404517703967,0.0179881188783685,0.000411231592242379,0.00317280409474698,7.25413328567594e-05
25,17,10,0.655935700690486,0.0141756790962563,0.238727732894734,0.0012392500003896,0.0160675809985387,0.00032728859327375,0.00283362757563698,5.77277427563017e-05
25,18,10,0.643671154989178,0.0142921132354913,0.241647245296409,0.00124151982675784,0.014520134049815,0.000286364478652933,0.00256047505431426,5.05138157434368e-05
25,19,10,0.63319299216173,0.0143559373601113,0.244788431830857,0.00128051315414318,0.013247874188443,0.000282248525335019,0.0023359783223579,4.97856101076776e-05
25,20,10,0.624124907385285,0.0143890962567583,0.248053834058086,0.00134369969143313,0.0121842550310051,0.000291890911084054,0.00214834711473403,5.14769228808017e-05
25,21,10,0.616191986531195,0.014406394444469,0.251377708861066,0.0014203714107898,0.0112827279898005,0.000300664815649252,0.00198934211864078,5.30133351319693e-05
25,22,10,0.609186990572789,0.0144171348235525,0.254715451974758,0.00150318944952234,0.0105100113914975,0.000304630042851859,0.00185307653753973,5.37028347403504e-05
25,23,10,0.602950014512128,0.0144269373358374,0.258036836645775,0.0015878773092078,0.00984135720905467,0.000303938071527017,0.00173517564076489,5.35729879080482e-05
25,24,10,0.597355485987183,0.014438885630227,0.261321565717605,0.00167231804738251,0.00925787765220165,0.000299604957954029,0.00163230229554639,5.28029875224431e-05
25,25,10,0.592303395723373,0.0144543425607232,0.264556271553986,0.00175570285509301,0.00874495518459652,0.000292553574245928,0.00154187491013538,5.15553168100529e-05
25,26,10,0.587713151183759,0.0144735960064828,0.267732452504284,0.00183791245409251,0.0082911173648922,0.000283515221320302,0.00146186805306811,4.99586210958764e-05
25,27,10,0.583519144164637,0.0144963516805117,0.270845031233176,0.00191912637096227,0.00788721880607518,0.000273136576019762,0.00139066761310623,4.81266446899193e-05
25,28,10,0.57966748886973,0.0145220635610733,0.273891336239121,0.00199960248385335,0.00752585049977758,0.000262015427016663,0.00132696627333797,4.61645542673146e-05
25,29,10,0.576113584940038,0.0145501217106301,0.276870376898801,0.00207956831255881,0.0072009166363765,0.00025065612886457,0.00126968865752137,4.41610852178457e-05
25,30,10,0.572820269425626,0.0145799402296088,0.279782324632617,0.00215917916943282,0.00690733687393484,0.000239426371009297,0.00121793868434081,4.21809143292229e-05
25,31,10,0.569756390514711,0.0146109889028186,0.282628140207536,0.00223851233527163,0.00664084126051609,0.000228559784263875,0.00117096331447173,4.02651144897269e-05
25,32,10,0.566895686381976,0.0146427999601023,0.285409305766347,0.00231757765934413,0.00639782792581205,0.00021819269681204,0.00112812740014391,3.8437630973231e-05
25,33,10,0.564215890967937,0.0146749671259417,0.288127632778521,0.00239633338228609,0.00617525739279007,0.000208404592362883,0.00108889501320227,3.67124102321899e-05
25,34,10,0.561698015254643,0.0147071435543043,0.29078512547817,0.00247470171733731,0.00597056538932759,0.000199243854819011,0.00105281404851875,3.50979341048241e-05
25,35,10,0.559325768690485,0.014739039696633,0.29338388488153,0.00255258210509489,0.00578158580317188,0.00019073767598863,0.00101950262431665,3.35989617858327e-05
25,36,10,0.557085093960062,0.0147704204319594,0.295926042279414,0.00262986171083867,0.00560648241583373,0.000182893438125288,0.000988637035803509,3.22167692869046e-05
25,37,10,0.554963792981778,0.0148011009601888,0.29841371391061,0.0027064233784489,0.00544369054399316,0.000175698636957892,0.000959941459222883,3.09491325286256e-05
25,38,10,0.552951225435292,0.0148309415608297,0.30084897070557,0.00278215142880328,0.00529186914791853,0.000169122864769045,0.000933179503775251,2.97906747126783e-05
25,39,10,0.551038064363553,0.0148598416916377,0.303233818689457,0.00285693569217509,0.00514986255528145,0.000163122270464949,0.000908147460460848,2.87336513730435e-05
25,40,10,0.549216096552413,0.014887733954503,0.305570186914706,0.00293067412272781,0.00501667005283819,0.000157645333203697,0.00088466893919334,2.77689677281332e-05
25,41,10,0.547478058203359,0.0149145783276683,0.307859920718157,0.00300327430161003,0.00489142151058291,0.000152638486656138,0.00086259057021651,2.68871701051612e-05
25,42,10,0.545817498677864,0.0149403568992471,0.310104778743766,0.00307465410198024,0.00477335759589832,0.000148050540193553,0.000841778515254178,2.60792253955959e-05
25,43,10,0.544228666789224,0.0149650692090543,0.312306432617463,0.00314474176125261,0.00466181357766834,0.000143835454236266,0.000822115611911277,2.53370103078771e-05
25,44,10,0.542706415363817,0.0149887282230307,0.31446646847044,0.00321347557587033,0.00455620599151452,0.000139953537690435,0.000803499022709331,2.46535223275864e-05
25,45,10,0.541246120727235,0.0150113569127721,0.316586389725162,0.00328080339584851,0.00445602155583004,0.000136371438384614,0.000785838281066225,2.4022877792171e-05
25,46,10,0.539843614488639,0.0150329853814863,0.318667620712308,0.00334668204906771,0.00436080780866361,0.000133061396658491,0.000769053640724899,2.34401800197747e-05
25,47,10,0.538495125549169,0.0150536484651913,0.320711510795713,0.00341107677411522,0.00427016505142228,0.000130000180940984,0.000753074655593735,2.29013313831586e-05
25,48,10,0.537197230674781,0.0150733837433102,0.322719338760649,0.00347396069431122,0.00418373932976465,0.000127167997104773,0.000737838942439502,2.24028408006622e-05
25,49,10,0.535946812277969,0.0150922299103825,0.324692317280111,0.00353531433225611,0.00410121630594342,0.000124547531780769,0.000723291100730518,2.19416548945467e-05
25,50,10,0.534741022278524,0.0151102254806504,0.326631597321904,0.00359512514694101,0.0040223159438491,0.000122123195011987,0.000709381775747375,2.15150243418604e-05
25,51,10,0.53357725109142,0.0151274078107515,0.328538272399811,0.00365338707219076,0.0039467879389618,0.000119880574480764,0.000696066853012583,2.11204075697648e-05
25,52,10,0.532453100940698,0.0151438124283141,0.330413382605966,0.00371010004090502,0.00387440780776872,0.000117806086470369,0.000683306768977906,2.07554091734764e-05
25,53,10,0.531366362830875,0.0151594726470296,0.332257918388217,0.0037652694887674,0.00380497353468184,0.000115886792299927,0.000671065919993028,2.04177475386445e-05
25,54,10,0.530314996622683,0.0151744194363563,0.334072824055948,0.00381890583975474,0.00373830267476012,0.000114110337323474,0.000659312151625528,2.01052440946599e-05
25,55,10,0.529297113756073,0.0151886815016586,0.335859001011163,0.00387102398178378,0.0036742298273734,0.000112464963939559,0.000648016313369514,1.98158256290608e-05
25,56,10,0.528310962239849,0.0152022855221391,0.337617310710097,0.00392164274368401,0.00361260442037245,0.000110939552566962,0.0006371518680875,1.95475315358965e-05
25,57,10,0.527354913586084,0.0152152564910803,0.339348577365806,0.00397078438485848,0.00355328876682214,0.000109523654661866,0.000626694549496345,1.92985196569478e-05
25,58,10,0.526427451412576,0.0152276181054524,0.341053590405269,0.0040184741073488,0.00349615637141816,0.000108207496409992,0.000616622063664392,1.90670669441881e-05
25,59,10,0.52552716147245,0.0152393931585679,0.342733106696603,0.00406473959743489,0.0034410904704976,0.000106981946724952,0.00060691383168416,1.88515638189291e-05
25,60,10,0.524652722900161,0.015250603898529,0.344387852563271,0.00410961060107912,0.00338798279019243,0.00010583845541257,0.000597550770797629,1.86505032613844e-05
25,61,10,0.52380290049018,0.0152612723252676,0.346018525603082,0.00415311853496068,0.00333673250477127,0.000104768975073054,0.000588515110809406,1.84624670255789e-05
25,62,10,0.522976537849578,0.015271420408962,0.347625796330218,0.00419529613281683,0.0032872453740593,0.00010376588313884,0.000579790242066567,1.82861118734396e-05
25,63,10,0.522172551289078,0.0152810702218478,0.349210309658579,0.00423617712543582,0.00323943303648597,0.000102821919003318,0.000571360590871205,1.81201584675782e-05
25,64,10,0.5213899243387,0.0152902439835063,0.350772686244357,0.00427579595191516,0.0031932124333456,0.00010193014668899,0.000563211518021502,1.79633847672732e-05
25,65,10,0.520627702793611,0.0152989640263688,0.352313523705012,0.00431418749961176,0.00314850534027859,0.00010108394740708,0.000555329236251631,1.78146246966117e-05
25,66,10,0.51988499021308,0.0153072526932628,0.353833397730757,0.00435138687042041,0.00310523798357571,0.000100277040159478,0.000547700742621955,1.7672771759698e-05
25,67,10,0.519160943810149,0.0153151321822596,0.355332863103305,0.00438742917145081,0.00306334072140592,9.95035234822182e-05,0.000540313762351401,1.75367863864872e-05
25,68,10,0.518454770682043,0.0153226243558783,0.356812454635127,0.00442234932867795,0.00302274777318853,9.87579283527418e-05,0.000533156701134056,1.74057052498261e-05
25,69,10,0.517765724341244,0.01532975053195,0.358272688040823,0.00445618192259292,0.00298339698376724,9.80352714649919e-05,0.000526218603588061,1.72786506497061e-05
25,70,10,0.517093101515008,0.0153365312723669,0.35971406075055,0.00448896104519998,0.0029452296124675,9.73310992785371e-05,0.000519489116088452,1.71548382726217e-05
25,71,10,0.516436239187051,0.0153429861838224,0.361137052673828,0.00452072017786209,0.00290819014021635,9.66415158620613e-05,0.000512958452781906,1.70335820948801e-05
25,72,10,0.515794511859502,0.0153491337418387,0.362542126920544,0.00455149208949445,0.00287222609044338,9.59631908152882e-05,0.00050661736402894,1.69142957743153e-05
25,73,10,0.515167329016475,0.0153549911462386,0.363929730484616,0.0045813087544802,0.00283728786135452,9.52933467664224e-05,0.00050045710684939,1.67964904415184e-05
25,74,10,0.514554132772897,0.0153605742130681,0.365300294894615,0.00461020128947605,0.00280332856839674,9.46297285959971e-05,0.000494469417163144,1.66797692697702e-05
25,75,10,0.513954395693984,0.0153658973050863,0.366654236834717,0.00463819990804074,0.0027703038964227,9.39705583673422e-05,0.000488646483739839,1.65638195254849e-05
25,76,10,0.513367618772029,0.0153709733004787,0.367991958738572,0.00466533389179175,0.00273817196136579,9.33144808890657e-05,0.000482980923824309,1.64484029676762e-05
25,77,10,0.512793329548244,0.0153758135975279,0.369313849358138,0.00469163157660978,0.00270689318128461,9.26605049842524e-05,0.000477465760413114,1.63333454912952e-05
25,78,10,0.512231080368293,0.0153804281516026,0.370620284309112,0.004717120352283,0.00267643015653331,9.20079450628034e-05,0.000472094401139271,1.62185268249213e-05
25,79,10,0.511680446760997,0.0153848255399592,0.371911626594305,0.00474182667391875,0.00264674755862765,9.13563666858458e-05,0.000466860618689458,1.61038709332549e-05
25,80,10,0.511141025930474,0.0153890130494236,0.373188227106159,0.00476577608344885,0.00261781202715222,9.07055386761203e-05,0.000461758532638282,1.59893375746828e-05
25,81,10,0.510612435352807,0.0153929967819214,0.374450425109439,0.00478899323960169,0.00258959207382677,9.00553931458355e-05,0.000456782592544135,1.58749152556724e-05
25,82,10,0.510094311469108,0.015396781772976,0.375698548705111,0.00481150195479864,0.00256205799265716,8.94059937351025e-05,0.000451927562117153,1.57606156335679e-05
25,83,10,0.509586308467672,0.0154003721185983,0.376932915276325,0.00483332523753787,0.00253518177497084,8.87575114889057e-05,0.000447188504247706,1.56464692668086e-05
25,84,10,0.509088097148688,0.0154037711064041,0.37815383191737,0.00485448533893847,0.00250893702810591,8.8110207211147e-05,0.000442560766678322,1.55325225076245e-05
25,85,10,0.508599363865734,0.0154069813472584,0.379361595846402,0.00487500380222834,0.00248329889659677,8.74644188322808e-05,0.000438039968115051,1.54188352790241e-05
25,86,10,0.508119809538938,0.0154100049042535,0.380556494802671,0.00489490151405742,0.0024582439848708,8.68205522827265e-05,0.000433621984604494,1.53054794700509e-05
25,87,10,0.507649148735302,0.01541284341634,0.38173880742887,0.00491419875660842,0.00243375028071444,8.61790745117509e-05,0.000429302936045698,1.51925377093069e-05
25,88,10,0.507187108812173,0.0154154982144563,0.38290880363913,0.00493291525955868,0.00240979707904608,8.55405075529242e-05,0.000425079172755415,1.50801023228412e-05
25,89,10,0.506733429120233,0.0154179704285088,0.384066744973103,0.00495107025102548,0.00238636490580889,8.49054228330331e-05,0.000420947262053768,1.49682743346567e-05
25,90,10,0.506287860262692,0.0154202610840427,0.385212884936462,0.0049686825067073,0.00236343544203506,8.42744351903933e-05,0.000416903974879458,1.48571624155543e-05
25,91,10,0.505850163407598,0.0154223711878809,0.386347469328074,0.00498577039651952,0.0023409914483134,8.3648196273342e-05,0.000412946272475448,1.47468817221671e-05
25,92,10,0.505420109650333,0.0154243018023919,0.387470736554044,0.00500235192811733,0.00231901669000694,8.30273871207251e-05,0.000409071293206314,1.46375525911578e-05
25,93,10,0.504997479423491,0.0154260541083638,0.388582917928775,0.00501844478680045,0.00229749586362286,8.2412709794798e-05,0.000405276339578227,1.45292990656845e-05
25,94,10,0.504582061951449,0.0154276294566998,0.389684237963159,0.0050340663714041,0.00227641452474724,8.18048779679746e-05,0.000401558865534379,1.44222472367245e-05
25,95,10,0.504173654746989,0.0154290294093295,0.390774914640009,0.00504923382589224,0.0022557590179409,8.12046063887484e-05,0.000397916464095775,1.43165233860931e-05
25,96,10,0.503772063147424,0.0154302557698423,0.391855159676842,0.00506396406647995,0.00223551640896666,8.06125991911753e-05,0.000394346855412733,1.42122519249103e-05
25,97,10,0.503377099887719,0.0154313106044219,0.392925178776143,0.00507827380421792,0.00221567441969551,8.00295370835578e-05,0.000390847875288407,1.41095531338474e-05
25,98,10,0.502988584708161,0.0154321962537029,0.39398517186326,0.00509217956306949,0.00219622136602656,7.94560635559587e-05,0.000387417464233457,1.40085407298628e-05
25,99,10,0.502606343994175,0.0154329153361996,0.395035333312124,0.00510569769359529,0.00217714609915317,7.8892770376845e-05,0.000384053657110503,1.3909319307177e-05
25,100,10,0.502230210445894,0.0154334707439826,0.396075852159031,0.00511884438243553,0.00215843795051228,7.83401827896399e-05,0.00038075457342787,1.38119817250321e-05
25,101,10,0.501860022775134,0.0154338656313203,0.397106912304757,0.00513163565783955,0.00214008668075667,7.77987449503694e-05,0.000377518408342551,1.37166065377835e-05
25,102,10,0.501495625427447,0.0154341033970404,0.398128692705348,0.00514408739154233,0.00212208243308382,7.72688062499862e-05,0.000374343424431319,1.36232555809194e-05
25,103,10,0.501136868326928,0.015434187661432,0.399141367551967,0.00515621529732545,0.00210441569123137,7.6750609220086e-05,0.000371227944284661,1.35319718363364e-05
25,104,10,0.500783606641492,0.0154341222385648,0.400145106440239,0.00516803492663074,0.00208707724240248,7.62442797209432e-05,0.000368170343970042,1.34427777002135e-05
25,105,10,0.50043570056637,0.0154339111049681,0.401140074529593,0.00517956166161668,0.00207005814531237,7.57498200483747e-05,0.000365169047398266,1.33556737658191e-05
25,106,10,0.500093015123642,0.015433558365661,0.402126432693132,0.00519081070606345,0.00205334970345033,7.5267105476263e-05,0.000362222521609586,1.32706382124597e-05
25,107,10,0.499755419975685,0.0154330682185542,0.403104337658636,0.00520179707454268,0.00203694344353432,7.47958845823296e-05,0.000359329272975553,1.3187626861917e-05
25,108,10,0.499422789250557,0.0154324449182537,0.404073942141307,0.00521253558027175,0.00202083109900415,7.43357834996807e-05,0.000356487844289492,1.31065739275451e-05
25,109,10,0.499095001377452,0.0154316927402608,0.405035394968922,0.00522304082206969,0.00200500459826482,7.38863140157269e-05,0.000353696812694705,1.30273934422139e-05
25,110,10,0.49877193893053,0.015430815946507,0.405988841200041,0.00523332717082264,0.00198945605726282,7.34468852203776e-05,0.000350954788376872,1.29499813125313e-05
25,111,10,0.498453488479642,0.0154298187530581,0.406934422235965,0.00524340875585021,0.00197417777586592,7.30168182087325e-05,0.000348260413927241,1.28742179120704e-05
25,112,10,0.49813954044665,0.0154287053007021,0.407872275927084,0.00525329945153911,0.00195916223742994,7.25953631833884e-05,0.000345612364267898,1.27999710980833e-05
25,113,10,0.49782998896628,0.0154274796289793,0.408802536674268,0.0052630128645793,0.00194440211088016,7.21817181937573e-05,0.000343009347020495,1.2727099517172e-05
25,114,10,0.49752473175067,0.0154261456540562,0.409725335525898,0.00527256232209865,0.00192989025461393,7.17750486972373e-05,0.000340450103196169,1.26554560561109e-05
25,115,10,0.497223669956982,0.0154247071506746,0.410640800271107,0.00528196086094816,0.00191561972154484,7.13745071332814e-05,0.000337933408086736,1.25848912951057e-05
25,116,10,0.496926708057656,0.0154231677382471,0.411549055529743,0.00529122121834121,0.00190158376465286,7.09792517590482e-05,0.000335458072245074,1.25152568309321e-05
25,117,10,0.49663375371307,0.0154215308710286,0.4124502228395,0.00530035582399995,0.00188777584247591,7.05884640956569e-05,0.000333022942455112,1.24464083550981e-05
25,118,10,0.496344717646521,0.0154197998321615,0.413344420740619,0.00530937679391105,0.00187418962406581,7.02013644632089e-05,0.00033062690260726,1.23782083949512e-05
25,119,10,0.496059513521557,0.0154179777313016,0.414231764858496,0.00531829592574377,0.00186081899302998,6.98172252276019e-05,0.000328268874412539,1.23105286512001e-05
25,120,10,0.495778057821824,0.0154160675054501,0.415112367984447,0.00532712469593767,0.00184765805038109,6.94353815285996e-05,0.000325947817906357,1.2243251891162e-05
25,121,10,0.495500269733608,0.0154140719225797,0.415986340154866,0.00533587425842652,0.00183470111601308,6.90552393963823e-05,0.000323662731709952,1.2176273381342e-05
25,122,10,0.495226071031344,0.0154119935876111,0.416853788728915,0.00534455544492854,0.00182194272870977,6.86762812836389e-05,0.000321412653032923,1.2109501864098e-05
25,123,10,0.49495538596634,0.0154098349503039,0.417714818464863,0.00535317876670464,0.0018093776446678,6.82980691386423e-05,0.000319196657413658,1.20428601005005e-05
25,124,10,0.494688141158998,0.0154075983146287,0.418569531595133,0.0053617544176627,0.00179700083457749,6.79202452188171e-05,0.000317013858205348,1.19762850145666e-05
25,125,10,0.494424265494761,0.0154052858492246,0.419418027900077,0.00537029227866834,0.00178480747935383,6.75425308954738e-05,0.000314863405823834,1.19097274830816e-05
25,126,10,0.494163690024015,0.0154028995985702,0.420260404780477,0.00537880192291187,0.00177279296464476,6.71647237307155e-05,0.000312744486779753,1.18431518205651e-05
25,127,10,0.493906347866117,0.0154004414945392,0.421096757328745,0.00538729262217355,0.00176095287426828,6.67866931205717e-05,0.000310656322521679,1.17765350112567e-05
25,128,10,0.493652174117687,0.0153979133680507,0.421927178398743,0.00539577335382765,0.00174928298274371,6.64083747977913e-05,0.000308598168119463,1.17098657398797e-05
25,129,10,0.493401105765259,0.0153953169605648,0.422751758674191,0.00540425280842671,0.00173777924708874,6.60297644773453e-05,0.00030656931081802,1.16431432711148e-05
25,130,10,0.493153081602321,0.0153926539352101,0.423570586735555,0.00541273939771224,0.00172643779805333,6.56509109099502e-05,0.00030456906849175,1.15763762245893e-05
25,131,10,0.492908042150758,0.015389925887368,0.424383749125349,0.00542124126290455,0.0017152549309563,6.52719085871254e-05,0.000302596788028857,1.15095812883424e-05
25,132,10,0.492665929586657,0.0153871343545733,0.425191330411764,0.0054297662831339,0.00170422709628093,6.48928903170335e-05,0.000300651843673116,1.14427819094451e-05
25,133,10,0.492426687670377,0.0153842808256177,0.425993413250549,0.00543832208388469,0.00169335089017402,6.45140198647578e-05,0.000298733635348606,1.13760069959415e-05
25,134,10,0.492190261680799,0.0153813667487734,0.426790078445057,0.00544691604533759,0.00168262304497885,6.41354848254204e-05,0.000296841586990391,1.13092896598243e-05
25,135,10,0.491956598353595,0.0153783935390817,0.42758140500441,0.00545555531050539,0.0016720404199171,6.37574898734096e-05,0.000294975144901446,1.12426660263189e-05
25,136,10,0.491725645823358,0.015375362584668,0.428367470199712,0.00546424679307304,0.00166159999201879,6.33802505068716e-05,0.000293133776153323,1.11761741305012e-05
25,137,10,0.491497353569417,0.0153722752520741,0.429148349618275,0.00547299718486535,0.00165129884738331,6.30039873835008e-05,0.000291316967045189,1.1109852918195e-05
25,138,10,0.491271672365129,0.015369132890609,0.429924117215826,0.00548181296287972,0.00164113417283852,6.26289213215596e-05,0.000289524221633066,1.10437413641904e-05
25,139,10,0.491048554230451,0.015365936835744,0.430694845366672,0.00549070039583573,0.00163110324804971,6.22552690188652e-05,0.000287755060338399,1.09778777170936e-05
25,140,10,0.490827952387583,0.015362688411584,0.431460604911833,0.00549966555020618,0.00162120343811571,6.18832395226982e-05,0.00028600901864253,1.09122988766213e-05
25,141,10,0.490609821219453,0.0153593889324684,0.432221465205132,0.00550871429570862,0.00161143218667619,6.15130314642168e-05,0.000284285645871332,1.08470399057411e-05
25,142,10,0.490394116230858,0.0153560397037568,0.432977494157285,0.00551785231024825,0.00160178700954243,6.11448310530522e-05,0.000282584504072145,1.07821336768957e-05
25,143,10,0.490180794012034,0.0153526420218709,0.433728758278006,0.00552708508431554,0.0015922654888533,6.07788108108669e-05,0.000280905166983345,1.07176106485721e-05
25,144,10,0.489969812204471,0.0153491971736634,0.434475322716183,0.00553641792485298,0.00158286526774985,6.04151290066715e-05,0.000279247219095374,1.06534987656542e-05
25,145,10,0.489761129468774,0.015345706435196,0.43521725129817,0.00554585595861522,0.00157358404555499,6.00539297424016e-05,0.000277610254800826,1.05898234744773e-05
25,146,10,0.489554705454394,0.0153421710700055,0.435954606564267,0.00555540413505574,0.00156441957343958,5.96953436242457e-05,0.000275993877630338,1.05266078412061e-05
25,147,10,0.489350500771063,0.0153385923269433,0.436687449803448,0.00556506722878097,0.00155536965055332,5.93394889442299e-05,0.000274397699570429,1.0463872760222e-05
25,148,10,0.489148476961768,0.0153349714376673,0.437415841086412,0.00557484984161842,0.00154643212059696,5.89864732870693e-05,0.000272821340459172,1.04016372375276e-05
25,149,10,0.488948596477126,0.0153313096138724,0.438139839297047,0.00558475640435062,0.00153760486881265,5.86363954707015e-05,0.00027126442745561,1.03399187330152e-05
25,150,10,0.488750822651021,0.0153276080443319,0.438859502162376,0.00559479117816978,0.00152888581936998,5.82893477238867e-05,0.00026972659457894,1.02787335445565e-05
25,151,10,0.488555119677371,0.0153238678918304,0.439574886281085,0.00560495825591012,0.00152027293312799,5.79454180024833e-05,0.000268207482314011,1.02180972165591e-05
25,152,10,0.488361452587916,0.0153200902900555,0.440286047150702,0.00561526156311525,0.00151176420575537,5.76046923463571e-05,0.000266706737279984,1.01580249556941e-05
25,153,10,0.488169787230924,0.0153162763405162,0.440993039193537,0.0056257048589975,0.00150335766619472,5.72672571820454e-05,0.000265224011959669,1.00985320370591e-05
25,154,10,0.48798009025069,0.0153124271095516,0.441695915781451,0.00563629173734474,0.00149505137545863,5.69332014823446e-05,0.000263758964487381,1.00396341851074e-05
25,155,10,0.487792329067761,0.0153085436254848,0.442394729259554,0.00564702562742673,0.00148684342574757,5.66026187021565e-05,0.000262311258493555,9.98134791511255e-06
25,156,10,0.48760647185978,0.0153046268759753,0.443089530968914,0.00565790979495005,0.00147873193988052,5.62756084207334e-05,0.000260880563004508,9.92369082284411e-06
25,157,10,0.487422487542866,0.0153006778056194,0.443780371268356,0.00566894734310601,0.00147071507102868,5.59522776334353e-05,0.000259466552395671,9.86668181242157e-06
25,158,10,0.487240345753457,0.0152966973138383,0.444467299555441,0.00568014121375162,0.00146279100274082,5.56327416504708e-05,0.000258068906396249,9.81034125483952e-06
25,159,10,0.487060016830539,0.0152926862530931,0.445150364286708,0.00569149418875707,0.00145495794924585,5.53171245759947e-05,0.000256687310142773,9.75469107247134e-06
25,160,10,0.486881471798185,0.0152886454274576,0.445829612997235,0.00570300889154975,0.00144721415601312,5.50055593574531e-05,0.000255321454278124,9.69975474776177e-06
25,161,10,0.486704682348352,0.0152845755915774,0.446505092319626,0.00571468778887631,0.00143955790054555,5.46981874114957e-05,0.000253971035091613,9.64555725722803e-06
25,162,10,0.486529620823879,0.0152804774500321,0.447176848002461,0.0057265331928014,0.00143198749337458,5.43951578488013e-05,0.000252635754694667,9.59212493470563e-06
25,163,10,0.486356260201626,0.015276351657117,0.447844924928292,0.00573854726295338,0.00142450127921876,5.40966263347515e-05,0.000251315321225376,9.53948527035801e-06
25,164,10,0.486184574075736,0.0152721988170507,0.448509367131249,0.00575073200902348,0.0014170976382625,5.3802753635675e-05,0.000250009449074229,9.48766665421699e-06
25,165,10,0.486014536640972,0.0152680194846084,0.449170217814298,0.00576308929351926,0.00140977498750555,5.35137039102543e-05,0.000248717859122324,9.43669807476836e-06
25,166,10,0.48584612267613,0.0152638141661733,0.449827519366211,0.00577562083476764,0.00140253178213042,5.32296428133135e-05,0.000247440278982754,9.38660878443887e-06
25,167,10,0.4856793075275,0.0152595833211923,0.450481313378295,0.00578832821015889,0.00139536651683315,5.29507354825832e-05,0.000246176443235494,9.33742794443732e-06
25,168,10,0.485514067092402,0.0152553273640154,0.451131640660901,0.00580121285961912,0.00138827772706262,5.26771444802649e-05,0.00024492609364618,9.28918426161995e-06
25,169,10,0.485350377802794,0.0152510466660885,0.451778541259772,0.00581427608929462,0.00138126399011682,5.24090277580483e-05,0.000243688979359624,9.24190562948984e-06
25,170,10,0.485188216608988,0.0152467415584686,0.452422054472228,0.00582751907542903,0.00137432392604886,5.21465367088801e-05,0.000242464857059774,9.1956187844977e-06
25,171,10,0.485027560963495,0.0152424123346202,0.453062218863226,0.00584094286841175,0.00136745619834234,5.18898143610487e-05,0.000241253491088979,9.15034898744279e-06
25,172,10,0.484868388805061,0.0152380592534511,0.45369907228129,0.00585454839697424,0.00136065951432453,5.1638993759798e-05,0.000240054653520985,9.10611973795375e-06
25,173,10,0.48471067854291,0.0152336825425407,0.454332651874343,0.00586833647250958,0.00135393262529509,5.1394196571071e-05,0.000238868124183755,9.0629525281498e-06
25,174,10,0.48455440904127,0.0152292824015142,0.454962994105407,0.00588230779348995,0.00134727432635834,5.11555319304714e-05,0.000237693690629973,9.02086663955535e-06
25,175,10,0.484399559604213,0.0152248590055131,0.455590134768204,0.00589646294995662,0.00134068345595767,5.0923095548841e-05,0.000236531148055004,8.9798789852815e-06
25,176,10,0.484246109960874,0.0152204125087148,0.456214109002614,0.00591080242805718,0.00133415889512006,5.06969690758197e-05,0.000235380299163706,8.94000399771258e-06
25,177,10,0.484094040251082,0.0152159430478556,0.456834951310007,0.00592532661460523,0.00132769956642778,5.04772197129196e-05,0.000234240953989098,8.90125356020571e-06
25,178,10,0.483943331011449,0.0152114507457142,0.457452695568418,0.00594003580163904,0.00132130443274169,5.02639000601736e-05,0.000233112929667215,8.86363697999207e-06
25,179,10,0.483793963161968,0.0152069357145138,0.458067375047547,0.00595493019095683,0.0013149724957063,5.00570481741479e-05,0.000231996050173449,8.82716099836164e-06
25,180,10,0.483645917993131,0.0152023980592105,0.458679022423574,0.00597000989860745,0.00130870279407134,4.98566878109586e-05,0.000230890146026511,8.791829833482e-06
25,181,10,0.4834991771536,0.0151978378806344,0.459287669793765,0.00598527495931718,0.00130249440186634,4.96628288252199e-05,0.000229795053966471,8.75764525072413e-06
25,182,10,0.483353722638457,0.0151932552784571,0.459893348690844,0.00600072533083515,0.00129634642646621,4.94754676951872e-05,0.00022871061661355,8.72460665524884e-06
25,183,10,0.483209536778021,0.0151886503539657,0.460496090097121,0.00601636089818127,0.00129025800658464,4.92945881443893e-05,0.000227636682114188,8.6927112016154e-06
25,184,10,0.483066602227257,0.0151840232126242,0.461095924458355,0.00603218147778229,0.00128422831023057,4.91201618319881e-05,0.000226573103780587,8.66195391551496e-06
25,185,10,0.482924901955756,0.0151793739664114,0.46169288169733,0.00604818682148384,0.00127825653265986,4.89521490861096e-05,0.000225519739729406,8.63232782308571e-06
25,186,10,0.482784419238284,0.0151747027359264,0.462286991227129,0.00606437662042713,0.0012723418943511,4.87904996576122e-05,0.000224476452524712,8.60382408383645e-06
25,187,10,0.482645137645883,0.0151700096522572,0.462878281964111,0.00608075050878136,0.00126648363903007,4.86351534748785e-05,0.000223443108829521,8.57643212375219e-06
25,188,10,0.482507041037501,0.0151652948586102,0.463466782340544,0.00609730806732376,0.00126068103176361,4.84860413837819e-05,0.000222419579069574,8.55013976578907e-06
25,189,10,0.482370113552135,0.0151605585117039,0.464052520316921,0.00611404882686071,0.00125493335713926,4.83430858601564e-05,0.000221405737112236,8.5249333555213e-06
25,190,10,0.48223433960145,0.0151558007829288,0.464635523393934,0.00613097227148509,0.00124923991754286,4.82062016855089e-05,0.000220401459962698,8.50079788030794e-06
25,191,10,0.482099703862859,0.0151510218592803,0.465215818624093,0.00614807784166547,0.00124360003154297,4.80752965794616e-05,0.000219406627479011,8.47771708083068e-06
25,192,10,0.481966191273025,0.0151462219440719,0.465793432623014,0.00616536493716443,0.00123801303238745,4.7950271784913e-05,0.000218421122106889,8.45567355429521e-06
25,193,10,0.481833787021764,0.0151414012574366,0.466368391580341,0.00618283291978376,0.00123247826661408,4.78310226043992e-05,0.000217444828634672,8.43464884902849e-06
25,194,10,0.481702476546304,0.0151365600366264,0.466940721270333,0.00620048111593602,0.00122699509277588,4.77174388878061e-05,0.000216477633968478,8.41462355049728e-06
25,195,10,0.4815722455259,0.0151316985361186,0.4675104470621,0.00621830881904199,0.00122156288027822,4.76094054728542e-05,0.000215519426927109,8.3955773590012e-06
25,196,10,0.481443079876742,0.0151268170275418,0.468077593929494,0.00623631529175479,0.00121618100832458,4.75068025814681e-05,0.000214570098056111,8.37748915958689e-06
25,197,10,0.481314965747162,0.0151219157994279,0.468642186460666,0.00625449976801185,0.00121084886496573,4.74095061754757e-05,0.000213629539460078,8.36033708479131e-06
25,198,10,0.481187889513092,0.0151169951568043,0.469204248867293,0.00627286145491759,0.00120556584624696,4.73173882761336e-05,0.000212697644652253,8.3440985710095e-06
25,199,10,0.481061837773759,0.0151120554206353,0.469763804993477,0.00629139953445854,0.00120033135544687,4.72303172521507e-05,0.000211774308420288,8.32875040930638e-06
25,200,10,0.480936797347599,0.0151070969271218,0.47032087832433,0.0063101131650556,0.00119514480240186,4.7148158081358e-05,0.000210859426707124,8.3142687915852e-06
25,201,10,0.480812755268357,0.0151021200268731,0.47087549199425,0.00632900148295678,0.00119000560290985,4.70707725909784e-05,0.000209952896505823,8.30062935298376e-06
25,202,10,0.48068969878137,0.0150971250839569,0.471427668794901,0.00634806360347559,0.00118491317820739,4.69980196820998e-05,0.000209054615767389,8.28780721148693e-06
25,203,10,0.48056761534,0.0150921124748424,0.471977431182899,0.00636729862208025,0.00117986695451495,4.69297555431116e-05,0.000208164483320573,8.27577700559507e-06
25,204,10,0.480446492602222,0.0150870825872437,0.472524801287226,0.00638670561534019,0.00117486636264511,4.68658338575311e-05,0.00020728239880281,8.26451293100649e-06
25,205,10,0.480326318427323,0.015082035818876,0.473069800916366,0.006406283641736,0.00116991083767004,4.6806106010994e-05,0.000206408262601586,8.2539887771548e-06
25,206,10,0.480207080872732,0.0150769725761359,0.473612451565194,0.00642603174234058,0.00116499981864423,4.67504213020847e-05,0.000205541975805576,8.24417796442576e-06
25,207,10,0.48008876819094,0.015071893272717,0.474152774421605,0.00644594894137864,0.00116013274838019,4.66986271616207e-05,0.000204683440165104,8.2350535828687e-06
25,208,10,0.479971368826519,0.0150667983281734,0.474690790372918,0.00646603424667406,0.00115530907327468,4.66505693843236e-05,0.000203832558061536,8.22658843309511e-06
25,209,10,0.479854871413216,0.0150616881664436,0.475226520012043,0.00648628664999286,0.00115052824318421,4.66060923767348e-05,0.000202989232485347,8.21875507004509e-06
25,210,10,0.479739264771119,0.0150565632143482,0.475759983643439,0.00650670512729234,0.00114578971134869,4.65650394244968e-05,0.000202153367022696,8.21152585017225e-06
25,211,10,0.479624537903883,0.0150514239000762,0.476291201288866,0.00652728863888545,0.00114109293436277,4.65272529816631e-05,0.000201324865850405,8.20487298251739e-06
25,212,10,0.479510679996005,0.0150462706516739,0.476820192692943,0.00654803612953154,0.00113643737219435,4.64925749841195e-05,0.000200503633739264,8.19876858403637e-06
25,213,10,0.479397680410144,0.0150411038955522,0.477346977328518,0.00656894652846408,0.00113182248825009,4.64608471881012e-05,0.000199689576065615,8.19318473935841e-06
25,214,10,0.479285528684467,0.0150359240550269,0.477871574401871,0.00659001874936575,0.00112724774948728,4.6431911534358e-05,0.000198882598831134,8.18809356506986e-06
25,215,10,0.479174214530027,0.01503073154891,0.478394002857754,0.00661125169030354,0.00112271262657145,4.640561053716e-05,0.000198082608690663,8.18346727838228e-06
25,216,10,0.479063727828149,0.0150255267901659,0.478914281384268,0.0066326442336335,0.00111821659407827,4.6381787696677e-05,0.000197289512987866,8.17927826992465e-06
25,217,10,0.478954058627834,0.0150203101846498,0.479432428417613,0.006654195245888,0.00111375913073787,4.63602879318467e-05,0.000196503219798358,8.17549918015223e-06
25,218,10,0.478845197143149,0.0150150821299425,0.479948462146689,0.00667590357765582,0.00110933971971879,4.63409580302657e-05,0.00019572363797984,8.17210297875854e-06
25,219,10,0.478737133750631,0.0150098430142961,0.480462400517583,0.00669776806346583,0.00110495784894784,4.63236471099773e-05,0.00019495067722855,8.16906304618734e-06
25,220,10,0.478629858986658,0.0150045932157047,0.480974261237938,0.00671978752168558,0.00110061301146125,4.63082070877682e-05,0.00019418424814124,8.16635325629277e-06
25,221,10,0.478523363544817,0.0149993331011115,0.481484061781208,0.0067419607544436,0.00109630470578154,4.62944931472352e-05,0.000193424262281701,8.16394805895914e-06
25,222,10,0.478417638273247,0.0149940630257589,0.481991819390827,0.00676428654758517,0.00109203243631348,4.62823641995425e-05,0.00019267063225064,8.1618225614307e-06
25,223,10,0.478312674171957,0.0149887833326952,0.482497551084273,0.00678676367066963,0.0010877957137521,4.62716833291197e-05,0.000191923271757681,8.15995260698357e-06
25,224,10,0.478208462390117,0.0149834943524371,0.483001273657053,0.0068093908770165,0.00108359405549457,4.62623182165741e-05,0.000191182095694064,8.15831484957703e-06
25,225,10,0.478104994223323,0.0149781964027929,0.483503003686612,0.00683216690380654,0.00107942698604766,4.62541415309452e-05,0.000190447020204552,8.15688682309399e-06
25,226,10,0.478002261110836,0.0149728897888469,0.48400275753616,0.00685509047224262,0.00107529403742254,4.62470312839019e-05,0.000189717962757093,8.15564700386577e-06
25,227,10,0.4779002546328,0.014967574803099,0.484500551358436,0.0068781602877741,0.00107119474950808,4.6240871139007e-05,0.000188994842208714,8.15457486526672e-06
25,228,10,0.47779896650743,0.0149622517257562,0.484996401099407,0.00690137504038737,0.00106712867041497,4.62355506701561e-05,0.000188277578866245,8.15365092334058e-06
25,229,10,0.477698388588197,0.0149569208251657,0.485490322501905,0.00692473340496281,0.00106309535678325,4.62309655641481e-05,0.000187566094540595,8.1528567725659e-06
25,230,10,0.477598512860991,0.0149515823583783,0.485982331109203,0.00694823404169902,0.00105909437404659,4.62270177640697e-05,0.00018686031259339,8.15217511117764e-06
25,231,10,0.477499331441285,0.0149462365718313,0.486472442268538,0.00697187559660168,0.00105512529664812,4.62236155510151e-05,0.000186160157975081,8.15158975560618e-06
25,232,10,0.477400836571304,0.0149408837021312,0.486960671134574,0.00699565670203529,0.00105118770820378,4.622067356364e-05,0.000185465557253766,8.15108564394471e-06
25,233,10,0.477303020617203,0.014935523976926,0.487447032672818,0.0070195759773334,0.00104728120161027,4.62181127562217e-05,0.000184776438634264,8.15064882856533e-06
25,234,10,0.477205876066262,0.0149301576158439,0.487931541662973,0.00704363202946305,0.00104340537909658,4.62158602974868e-05,0.000184092731967208,8.15026645828102e-06
25,235,10,0.477109395524112,0.0149247848314845,0.488414212702241,0.00706782345373741,0.00103955985221901,4.62138494136609e-05,0.000183414368748198,8.149926750664e-06
25,236,10,0.477013571711999,0.014919405830444,0.488895060208574,0.00709214883457128,0.0010357442418014,4.6212019180635e-05,0.000182741282107257,8.14961895538446e-06
25,237,10,0.476918397464086,0.0149140208143554,0.489374098423859,0.00711660674627195,0.00103195817782311,4.62103142705134e-05,0.000182073406789093,8.14933330949772e-06
25,238,10,0.476823865724812,0.0149086299809296,0.489851341417061,0.00714119575385916,0.00102820129925862,4.62086846593775e-05,0.000181410679124812,8.14906098588674e-06
25,239,10,0.476729969546304,0.0149032335249802,0.490326803087291,0.00716591441390658,0.0010244732538735,4.6207085302726e-05,0.00018075303699593,8.14879403600024e-06
25,240,10,0.476636702085855,0.0148978316394188,0.490800497166827,0.00719076127539797,0.00102077369798189,4.62054757860439e-05,0.000180100419791611,8.14852532820008e-06
25,241,10,0.476544056603475,0.0148924245162079,0.491272437224069,0.00721573488059092,0.00101710229617153,4.62038199573842e-05,0.000179452768360168,8.14824848293475e-06
25,242,10,0.476452026459507,0.0148870123472615,0.49174263666643,0.00724083376588135,0.00101345872100225,4.62020855491455e-05,0.000178810024955872,8.14795780600501e-06
25,243,10,0.47636060511233,0.0148815953252838,0.492211108743167,0.00726605646266281,0.00100984265268402,4.62002437955203e-05,0.000178172133182181,8.14764822106553e-06
25,244,10,0.47626978611613,0.0148761736445396,0.492677866548144,0.00729140149817389,0.00100625377874058,4.61982690516752e-05,0.000177539037932396,8.14731520243028e-06
25,245,10,0.476179563118756,0.0148707475015508,0.493142923022535,0.00731686739632897,0.00100269179366428,4.6196138420253e-05,0.000176910685328791,8.14695470917124e-06
25,246,10,0.476089929859661,0.0148653170957161,0.49360629095745,0.00734245267852755,0.000999156398567402,4.61938313898569e-05,0.000176287022661102,8.14656312132933e-06
25,247,10,0.476000880167914,0.0148598826298519,0.494067982996509,0.00736815586443708,0.000995647300834853,4.61913294895217e-05,0.000175667998325271,8.14613717894714e-06
25,248,10,0.475912407960299,0.0148544443106541,0.494528011638336,0.00739397547274686,0.000992164213782251,4.61886159625331e-05,0.000175053561763132,8.14567392451507e-06
25,249,10,0.475824507239485,0.0148490023490814,0.494986389238993,0.00741991002188862,0.000988706856323105,4.61856754619769e-05,0.000174443663403711,8.14517064925158e-06
25,250,10,0.475737172092276,0.0148435569606624,0.49544312801435,0.00744595803072295,0.000985274952648148,4.61824937699594e-05,0.000173838254606662,8.14462484356074e-06
25,251,10,0.47565039668793,0.0148381083657309,0.495898240042382,0.00747211801918823,0.000981868231919109,4.61790575415873e-05,0.000173237287608251,8.14403415185769e-06
25,252,10,0.475564175276548,0.0148326567895903,0.496351737265404,0.00749838850891167,0.000978486427978812,4.61753540743486e-05,0.000172640715470223,8.14339633187733e-06
25,253,10,0.475478502187532,0.0148272024626142,0.496803631492249,0.0075247680237814,0.000975129279078824,4.61713711029348e-05,0.000172048492031765,8.14270921847168e-06
25,254,10,0.475393371828098,0.0148217456202859,0.49725393440037,0.00755125509047946,0.000971796527625488,4.61670966191816e-05,0.000171460571864708,8.14197069183906e-06
25,255,10,0.475308778681854,0.0148162865031838,0.497702657537892,0.00757784823897529,0.000968487919944765,4.61625187164521e-05,0.000170876910232051,8.14117865006704e-06
25,256,10,0.475224717307434,0.0148108253569158,0.4981498123256,0.00760454600298048,0.000965203206065735,4.61576254573519e-05,0.000170297463049776,8.1403309857923e-06
25,257,10,0.475141182337176,0.0148053624320089,0.49859541005887,0.00763134692036574,0.000961942139522619,4.61524047637241e-05,0.000169722186851927,8.13942556679124e-06
25,258,10,0.475058168475857,0.0147998979837601,0.499039461909538,0.00765824953354068,0.000958704477174642,4.61468443274839e-05,0.000169151038758841,8.13846022024863e-06
25,259,10,0.474975670499464,0.0147944322720504,0.499481978927723,0.00768525238979788,0.000955489979042991,4.61409315407393e-05,0.000168583976448394,8.13743272042888e-06
25,260,10,0.474893683254016,0.0147889655611307,0.499922972043595,0.00771235404162226,0.000952298408164033,4.6134653443911e-05,0.000168020958130108,8.13634077952329e-06
25,261,10,0.474812201654413,0.0147834981193809,0.500362452069086,0.00773955304696824,0.000949129530457675,4.61279966899841e-05,0.00016746194252194,8.1351820413443e-06
25,262,10,0.474731220683333,0.0147780302190472,0.50080042969956,0.00776684796950519,0.000945983114609814,4.61209475236848e-05,0.000166906888829549,8.13395407765277e-06
25,263,10,0.474650735390147,0.0147725621359627,0.501236915515433,0.00779423737883364,0.000942858931967839,4.61134917737403e-05,0.000166355756727869,8.13265438679376e-06
25,264,10,0.474570740889881,0.0147670941492533,0.501671919983748,0.00782171985067398,0.00093975675644792,4.61056148571007e-05,0.000165808506344756,8.13128039444354e-06
25,265,10,0.474491232362188,0.0147616265410321,0.502105453459706,0.0078492939670293,0.000936676364453107,4.60973017934158e-05,0.000165265098246552,8.12982945616557e-06
25,266,10,0.474412205050363,0.014756159596087,0.50253752618816,0.00787695831632399,0.000933617534801075,4.60885372287077e-05,0.000164725493425338,8.12829886158897e-06
25,267,10,0.474333654260366,0.0147506936015622,0.502968148305068,0.00790471149352043,0.000930580048660608,4.60793054668221e-05,0.000164189653287737,8.12668583996015e-06
25,268,10,0.474255575359883,0.014745228846636,0.503397329838903,0.00793255210021524,0.000927563689495707,4.60695905075771e-05,0.00016365753964506,8.1249875668752e-06
25,269,10,0.474177963777391,0.014739765622199,0.503825080712039,0.00796047874471653,0.000924568243016544,4.60593760904479e-05,0.000163129114704659,8.12320117198991e-06
25,270,10,0.474100815001257,0.0147343042205312,0.504251410742094,0.00798849004210482,0.000921593497136372,4.60486457429129e-05,0.000162604341062328,8.12132374755168e-06
25,271,10,0.474024124578846,0.0147288449349834,0.504676329643243,0.00801658461427762,0.000918639241933691,4.60373828323942e-05,0.000162083181695637,8.11935235756576e-06
25,272,10,0.473947888115648,0.0147233880596597,0.505099847027504,0.00804476108998138,0.000915705269618893,4.60255706209649e-05,0.000161565599958048,8.11728404744955e-06
25,273,10,0.473872101274423,0.0147179338891073,0.50552197240599,0.00807301810483045,0.000912791374504795,4.60131923221505e-05,0.000161051559573727,8.11511585405649e-06
25,274,10,0.473796759774359,0.0147124827180103,0.505942715190137,0.0081013543013153,0.000909897352980591,4.60002311588832e-05,0.000160541024632948,8.11284481590298e-06
25,275,10,0.473721859390242,0.0147070348408908,0.506362084692906,0.00812976832880156,0.000907023003488607,4.59866704221762e-05,0.000160033959587998,8.11046798352265e-06
25,276,10,0.473647395951645,0.0147015905518168,0.506780090129957,0.00815825884352078,0.000904168126503437,4.59724935297874e-05,0.000159530329249501,8.10798242981824e-06
25,277,10,0.473573365342129,0.0146961501441181,0.507196740620804,0.00818682450855428,0.00090133252451322,4.59576840843497e-05,0.00015903009878312,8.10538526031974e-06
25,278,10,0.473499763498449,0.0146907139101113,0.507612045189943,0.00821546399381135,0.000898516002002517,4.5942225930457e-05,0.000158533233706536,8.10267362325768e-06
25,279,10,0.473426586409783,0.014685282140832,0.508026012767967,0.00824417597600279,0.000895718365436646,4.59261032104054e-05,0.000158039699886693,8.09984471939958e-06
25,280,10,0.473353830116963,0.0146798551257774,0.508438652192647,0.00827295913861083,0.000892939423247201,4.59093004179179e-05,0.000157549463537243,8.09689581153002e-06
25,281,10,0.473281490711725,0.0146744331526573,0.508849972210011,0.00830181217185638,0.000890178985818519,4.58918024498837e-05,0.000157062491216164,8.09382423358078e-06
25,282,10,0.473209564335966,0.0146690165071549,0.50925998147539,0.00833073377266454,0.00088743686547491,4.58735946554266e-05,0.00015657874982351,8.09062739928889e-06
25,283,10,0.47313804718101,0.0146636054726974,0.50966868855446,0.00835972264462933,0.000884712876468565,4.58546628823481e-05,0.000156098206599281,8.08730281039266e-06
25,284,10,0.473066935486888,0.014658200330236,0.510076101924256,0.00838877749797796,0.000882006834967918,4.58349935205321e-05,0.000155620829121371,8.08384806428981e-06
25,285,10,0.472996225541626,0.0146528013580355,0.510482229974178,0.00841789704953594,0.000879318559046496,4.58145735422396e-05,0.000155146585303608,8.08026086114875e-06
25,286,10,0.472925913680545,0.0146474088314745,0.510887081006982,0.00844708002269326,0.000876647868671991,4.57933905391328e-05,0.000154675443393824,8.07653901044061e-06
25,287,10,0.472855996285569,0.0146420230228545,0.511290663239753,0.00847632514737236,0.000873994585695683,4.57714327558513e-05,0.000154207371971998,8.07268043686462e-06
25,288,10,0.47278646978454,0.0146366442012195,0.51169298480487,0.0085056311599983,0.000871358533842039,4.57486891201529e-05,0.000153742339948416,8.06868318566637e-06
25,289,10,0.472717330650552,0.0146312726321853,0.512094053750955,0.00853499680347219,0.000868739538698435,4.57251492695331e-05,0.000153280316561867,8.06454542733464e-06
25,290,10,0.472648575401281,0.0146259085777773,0.51249387804381,0.0085644208271472,0.000866137427705113,4.57008035743222e-05,0.000152821271377871,8.06026546167742e-06
25,291,10,0.472580200598336,0.0146205522962809,0.512892465567343,0.00859390198680873,0.000863552030145142,4.56756431572587e-05,0.000152365174286911,8.05584172127509e-06
25,292,10,0.472512202846612,0.0146152040420979,0.513289824124488,0.00862343904465833,0.00086098317713455,4.56496599095946e-05,0.000151911995502693,8.05127277432248e-06
25,293,10,0.472444578793654,0.014609864065615,0.513685961438105,0.00865303076930178,0.000858430701612475,4.56228465037882e-05,0.000151461705560415,8.04655732686848e-06
25,294,10,0.472377325129031,0.0146045326130806,0.51408088515188,0.00868267593574187,0.000855894438331487,4.5595196402853e-05,0.000151014275315055,8.0416942244653e-06
25,295,10,0.472310438583717,0.0145992099264911,0.514474602831205,0.0087123733253757,0.000853374223847904,4.55667038665009e-05,0.000150569675939673,8.03668245325289e-06
25,296,10,0.47224391592948,0.0145938962434864,0.514867121964061,0.00874212172599691,0.000850869896512198,4.55373639541631e-05,0.000150127878923714,8.03152114049139e-06
25,297,10,0.472177753978282,0.0145885917972541,0.515258449961882,0.00877191993180292,0.000848381296459504,4.55071725250463e-05,0.00014968885607134,8.02620955457128e-06
25,298,10,0.472111949581687,0.0145832968164427,0.515648594160416,0.00880176674340723,0.000845908265600194,4.54761262353794e-05,0.000149252579499766,8.02074710452717e-06
25,299,10,0.472046499630273,0.0145780115250843,0.516037561820576,0.00883166096785673,0.000843450647610519,4.54442225329391e-05,0.000148819021637616,8.0151333390722e-06
25,300,10,0.471981401053057,0.0145727361425243,0.516425360129284,0.00886160141865446,0.000841008287923323,4.54114596491415e-05,0.000148388155223279,8.00936794520229e-06
25,301,10,0.471916650816928,0.0145674708833603,0.516811996200305,0.00889158691578715,0.000838581033718834,4.53778365887625e-05,0.000147959953303295,8.00345074638199e-06
25,302,10,0.471852245926084,0.0145622159573894,0.517197477075078,0.00892161628575807,0.000836168733915619,4.53433531175515e-05,0.000147534389230757,7.99738170035946e-06
25,303,10,0.471788183421477,0.0145569715695629,0.517581809723537,0.00895168836162505,0.000833771239161452,4.53080097477821e-05,0.000147111436663702,7.99116089661623e-06
25,304,10,0.471724460380274,0.0145517379199491,0.517965001044926,0.00898180198304293,0.000831388401824433,4.52718077221082e-05,0.000146691069563545,7.98478855351917e-06
25,305,10,0.471661073915314,0.0145465152037035,0.518347057868602,0.00901195599631153,0.00082902007598408,4.52347489957894e-05,0.000146273262193514,7.97826501518346e-06
25,306,10,0.471598021174579,0.0145413036110458,0.518727986954846,0.00904214925442773,0.000826666117422486,4.51968362174571e-05,0.000145857989117086,7.97159074807956e-06
25,307,10,0.471535299340669,0.0145361033272456,0.519107794995649,0.00907238061714248,0.000824326383615622,4.51580727085912e-05,0.000145445225196461,7.96476633741123e-06
25,308,10,0.471472905630292,0.0145309145326126,0.519486488615503,0.00910264895102179,0.000822000733724595,4.51184624419788e-05,0.000145034945591015,7.95779248331498e-06
25,309,10,0.471410837293751,0.0145257374024956,0.519864074372187,0.00913295312951217,0.000819689028586993,4.5078010019246e-05,0.000144627125755779,7.95066999689564e-06
25,310,10,0.471349091614441,0.0145205721072862,0.520240558757539,0.00916329203300999,0.00081739113070829,4.50367206474969e-05,0.000144221741439926,7.943399796104e-06
25,311,10,0.471287665908359,0.0145154188124299,0.520615948198229,0.00919366454893433,0.000815106904253189,4.49946001154718e-05,0.00014381876868524,7.93598290153056e-06
25,312,10,0.471226557523613,0.0145102776784419,0.520990249056521,0.00922406957180341,0.000812836215037059,4.49516547691269e-05,0.000143418183824612,7.92842043209636e-06
25,313,10,0.471165763839942,0.0145051488609296,0.521363467631035,0.00925450600331418,0.00081057893051729,4.49078914869333e-05,0.000143019963480516,7.92071360069463e-06
25,314,10,0.471105282268242,0.0145000325106192,0.521735610157497,0.00928497275242524,0.000808334919784645,4.48633176548513e-05,0.000142624084563482,7.91286370977521e-06
25,315,10,0.471045110250096,0.0144949287733891,0.522106682809488,0.00931546873544158,0.000806104053554559,4.48179411412338e-05,0.000142230524270568,7.90487214691655e-06
25,316,10,0.470985245257316,0.0144898377903054,0.522476691699184,0.00934599287610268,0.000803886204158367,4.47717702717464e-05,0.000141839260083809,7.89674038040025e-06
25,317,10,0.470925684791485,0.0144847596976654,0.522845642878095,0.00937654410567204,0.000801681245534435,4.47248138042643e-05,0.000141450269768656,7.88846995478212e-06
25,318,10,0.47086642638351,0.0144796946270419,0.523213542337789,0.00940712136302852,0.000799489053219209,4.46770809039887e-05,0.000141063531372402,7.88006248650153e-06
25,319,10,0.47080746759318,0.0144746427053345,0.523580396010624,0.00943772359475991,0.000797309504338093,4.46285811187937e-05,0.000140679023222568,7.87151965953149e-06
25,320,10,0.470748806008726,0.0144696040548219,0.523946209770461,0.00946834975525656,0.000795142477596196,4.45793243548313e-05,0.000140296723925277,7.86284322107462e-06
30,10,10,1,0,0.295957438878608,0.00634802717488932,NaN,NaN,NaN,NaN
30,11,10,0.797632719712397,0.0118938267277532,0.266497222734589,0.00469664699966894,0.0618607363229175,0.00314311975554396,0.0110016509013108,0.000566129423468806
30,12,10,0.711102379137321,0.0145759502660301,0.250196718614735,0.00399382302822323,0.0399936350242348,0.00142627560751206,0.00708633771275198,0.000254586782503824
30,13,10,0.660030436479029,0.015565478114098,0.240303022432958,0.00358256648405009,0.0308730143165719,0.000906775597868508,0.00546092531555054,0.000161140587503314
30,14,10,0.625878681381087,0.0159550820486311,0.234313055414136,0.00329399855644496,0.025415908656088,0.00066086574054726,0.00449122441613873,0.000117104626520052
30,15,10,0.601009213938385,0.0160911654698029,0.230865783319667,0.00306051737400621,0.0217673563520077,0.000538424114574722,0.00384414441904105,9.52214298409049e-05
30,16,10,0.581701678271111,0.0161217852294921,0.229142612736423,0.00285306331496955,0.0191651094964044,0.000482936556636559,0.00338323484226862,8.53004619296596e-05
30,17,10,0.566001819820944,0.0161171338068611,0.228624213710178,0.0026592583494376,0.0172046346144613,0.000454126386641871,0.0030363240253022,8.01522237527628e-05
30,18,10,0.552816583793325,0.0161068996837253,0.228966601543988,0.00247491438690837,0.0156581485703737,0.000428360180926265,0.00276286482187158,7.55717684556994e-05
30,19,10,0.541492120794506,0.0160988053227477,0.229933331604651,0.00230017225217009,0.0143944970555859,0.000399458980692986,0.0025395415324729,7.04540965772267e-05
30,20,10,0.531609990930985,0.0160908830175656,0.231356930039987,0.00213719528453659,0.0133340843224561,0.000367839051493984,0.0023522176398486,6.48663442413611e-05
30,21,10,0.522885451793699,0.0160783810215669,0.233115937901126,0.00198886070966714,0.01242578658872,0.0003350157870722,0.00219182055848852,5.9072743469031e-05
30,22,10,0.515114313590485,0.016057226084836,0.235120607894365,0.00185799827579343,0.0116352791775457,0.000303098431088625,0.00205226296507662,5.34433215758743e-05
30,23,10,0.508143594369748,0.016025364981622,0.237303634790558,0.00174685735479407,0.010938840250232,0.000274221983314304,0.00192934007937856,4.83529855153558e-05
30,24,10,0.501854457618122,0.0159827113737655,0.239613955788452,0.00165674157371944,0.0103195590030228,0.000249980437768815,0.00182005570658815,4.40814075491332e-05
30,25,10,0.496151930073823,0.0159304496795231,0.242012496026326,0.00158783377286563,0.00976485603798598,0.00023146729703425,0.00172218207046424,4.08202089548034e-05
30,26,10,0.490958475513671,0.0158703040884908,0.244469174771831,0.00153921920170611,0.00926500937568259,0.000219225833000071,0.00163399823879069,3.86642608700699e-05
30,27,10,0.486209791832034,0.0158040769432803,0.246960747773171,0.00150907384612295,0.00881229477239008,0.000212996350312824,0.00155413753325928,3.75672189172639e-05
30,28,10,0.481851910225271,0.0157334790091161,0.249469221058168,0.00149495883430972,0.00840046816796289,0.000211779130793096,0.00148149563149935,3.73526837933277e-05
30,29,10,0.477839086295356,0.0156601114443426,0.251980667793805,0.00149415304914402,0.0080244332272846,0.000214201136131648,0.00141517152362512,3.77787680862775e-05
30,30,10,0.474132219292015,0.0155854632510097,0.254484336284418,0.00150395756822161,0.00767998571485908,0.000218870615532458,0.00135442215500929,3.86004334321421e-05
30,31,10,0.470697654277004,0.0155108795220665,0.256971970263683,0.00152192225272889,0.00736359997044409,0.00022459711003843,0.00129862458397625,3.96081254431982e-05
30,32,10,0.467506266148409,0.0154375193144068,0.259437284381677,0.00154597486524898,0.00707226325665063,0.000230482440628057,0.00124724664138228,4.06437425381993e-05
30,33,10,0.464532747037094,0.0153663277586261,0.261875554024032,0.00157446230814976,0.00680335813645904,0.000235909200684038,0.00119982609948795,4.15985959327302e-05
30,34,10,0.461755038552759,0.0152980296706271,0.264283290778028,0.00160612972944614,0.00655458218352539,0.000240474173224711,0.0011559564505701,4.24016872040435e-05
30,35,10,0.459153867587995,0.0152331401625362,0.266657983503075,0.00164006520235644,0.00632389378867624,0.000243918997011003,0.00111527730541328,4.30075063186972e-05
30,36,10,0.456712357229204,0.0151719855645568,0.268997890845148,0.00167563155801504,0.00610947657778761,0.000246087230926922,0.00107746808633591,4.33884806428344e-05
30,37,10,0.454415693529043,0.0151147298884739,0.271301874965492,0.00171239900917043,0.00590971715885231,0.000246907888558985,0.00104224407952939,4.35320857695604e-05
30,38,10,0.452250835972758,0.0150614040372099,0.273569268833896,0.00175008573272882,0.00572319067501332,0.000246390551689475,0.00100935387009713,4.3439993120553e-05
30,39,10,0.450206265052457,0.0150119357999885,0.275799771063973,0.0017885093093199,0.00554864807232202,0.000244618101731329,0.000978577083841717,4.31267938871013e-05
30,40,10,0.448271764022617,0.0149661787556345,0.277993363252548,0.00182754941344794,0.0053850004490387,0.000241731287322703,0.000949721617587352,4.26172810630529e-05
30,41,10,0.446438233224393,0.0149239382703464,0.280150245424736,0.00186712078743426,0.00523129923082037,0.000237906897669317,0.000922620135840477,4.1942602591753e-05
30,42,10,0.444697534826988,0.0148849931959926,0.282270785732532,0.0019071548722082,0.00508671399224229,0.000233334805955009,0.000897126154265676,4.11362145345624e-05
30,43,10,0.443042364597787,0.0148491125837904,0.284355481141181,0.00194758824819241,0.00495051089732499,0.000228198782249723,0.000873110233751314,4.02304985196459e-05
30,44,10,0.441466146378982,0.0148160674696973,0.28640492646987,0.00198835610325287,0.00482203414616917,0.000222663679863588,0.000850456705650815,3.92545027670798e-05
30,45,10,0.439962944731444,0.0147856383517506,0.28841978976921,0.00202938918043793,0.00470069152568119,0.000216869196953729,0.000829061121531019,3.82328423258947e-05
30,46,10,0.438527391639567,0.0147576192835639,0.29040079255279,0.00207061297542062,0.0045859439734851,0.000210928807448489,0.000808828411179243,3.71855106404033e-05
30,47,10,0.437154623976217,0.0147318195700505,0.292348693818591,0.00211194827890886,0.00447729832700737,0.000204931826286057,0.000789671602696803,3.6128243639172e-05
30,48,10,0.435840229309283,0.014708063938598,0.294264277095083,0.00215331244223906,0.0043743022094706,0.000198946774613285,0.000771510919712374,3.50731129277387e-05
30,49,10,0.434580198377468,0.0146861918538403,0.296148339946209,0.00219462096125092,0.00427654018524882,0.000193024900668225,0.000754273102650045,3.40291463581295e-05
30,50,10,0.433370883082117,0.0146660564230208,0.298001685499125,0.00223578912450799,0.00418363066478738,0.000187203447429733,0.000737890862335468,3.30029039209546e-05
30,51,10,0.43220895915527,0.0146475231549345,0.299825115646838,0.00227673357137608,0.00409522332127462,0.000181508686341481,0.000722302423967493,3.19990124086069e-05
30,52,10,0.431091392852019,0.0146304687103759,0.301619425643871,0.00231737367093345,0.00401099689045605,0.00017595877637047,0.000707451138750742,3.10206693229644e-05
30,53,10,0.430015411152795,0.014614779710887,0.303385399865263,0.00235763267736134,0.00393065720849109,0.000170566340162297,0.000693285137582001,3.00700969415388e-05
30,54,10,0.42897847508166,0.014600351637451,0.305123808539357,0.00239743864832356,0.00385393531876252,0.000165340528852018,0.00067975699695607,2.91489062448567e-05
30,55,10,0.427978255845173,0.0145870878342871,0.306835405293652,0.0024367251328582,0.00378058552315217,0.00016028840276441,0.00066682339512579,2.82583402244288e-05
30,56,10,0.427012613557823,0.0145748986245316,0.308520925373083,0.00247543164647947,0.00371038335239305,0.0001554156335053,0.000654444754030165,2.73993975346793e-05
30,57,10,0.42607957834248,0.0145637005397681,0.310181084405968,0.00251350395607074,0.00364312351981129,0.000150726698203017,0.000642584878326548,2.65728666028762e-05
30,58,10,0.425177333591618,0.0145534156622323,0.311816577607982,0.00255089419853117,0.00357861795778749,0.000146224800765152,0.000631210609039592,2.57793116198787e-05
30,59,10,0.424304201166188,0.0145439710759573,0.313428079330679,0.00258756085715972,0.00351669401832413,0.000141911721476417,0.000620291506175673,2.50190459190887e-05
30,60,10,0.423458628306826,0.0145352984204099,0.315016242877618,0.00262346861948995,0.00345719287782359,0.000137787718735129,0.00060979956737114,2.42921145759483e-05
30,61,10,0.422639176040949,0.0145273335371239,0.316581700526772,0.00265858813993253,0.00339996814893535,0.000133851533450843,0.000599708983074166,2.3598295135406e-05
30,62,10,0.421844508886914,0.0145200161968289,0.31812506371149,0.00269289572994992,0.00334488468063983,0.000130100497947159,0.000589995924934914,2.29371167885535e-05
30,63,10,0.421073385678964,0.0145132898921559,0.319646923323213,0.00272637299734025,0.00329181752028342,0.000126530726366678,0.000580638362764844,2.23078939372291e-05
30,64,10,0.420324651360272,0.014507101679668,0.321147850107611,0.00275900645443713,0.0032406510119779,0.000123137354572615,0.0005716159055499,2.17097684979087e-05
30,65,10,0.419597229614032,0.0145014020549658,0.322628395132202,0.00279078711265979,0.0031912780092604,0.000119914797392107,0.000562909662617258,2.11417552703682e-05
30,66,10,0.418890116222936,0.0144961448459472,0.324089090308198,0.00282171007801796,0.0031435991832672,0.000116856995605141,0.000554502121647935,2.06027855012623e-05
30,67,10,0.418202373065421,0.0144912871117268,0.325530448952921,0.00285177415908398,0.00309752241006177,0.000113957632096053,0.000546377040649056,2.009174501028e-05
30,68,10,0.417533122672509,0.0144867890378774,0.326952966381783,0.00288098149582142,0.00305296222242979,0.00011121030456244,0.000538519351294824,1.9607504654199e-05
30,69,10,0.416881543282236,0.0144826138220856,0.328357120520798,0.00290933721471098,0.00300983931296742,0.000108608649912844,0.000530915071312462,1.91489422691845e-05
30,70,10,0.416246864339483,0.0144787275475867,0.329743372532156,0.0029368491130151,0.00296808007706474,0.000106146422033942,0.000523551223902698,1.87149563872482e-05
30,71,10,0.415628362397782,0.0144750990445163,0.331112167446442,0.00296352737287693,0.00292761618655842,0.000103817529387907,0.000516415762567562,1.83044728661579e-05
30,72,10,0.415025357386457,0.0144716997413496,0.332463934795942,0.00298938430431672,0.0028883841872817,0.000101616041722756,0.000509497500151205,1.79164460700973e-05
30,73,10,0.41443720921164,0.014468503509833,0.333799089244123,0.00301443411505494,0.00285032511621775,9.95361761760738e-05,0.000502786041336469,1.75498564144466e-05
30,74,10,0.413863314663365,0.0144654865072885,0.335118031206861,0.00303869270441471,0.00281338413618176,9.75722725732772e-05,0.000496271718231432,1.7203706003644e-05
30,75,10,0.413303104603694,0.0144626270200425,0.336421147461485,0.00306217747826051,0.00277751018770168,9.57187662086229e-05,0.000489945528987848,1.68770138242485e-05
30,76,10,0.41275604141261,0.0144599053111714,0.337708811740143,0.00308490718192794,0.00274265565893087,9.39701643077649e-05,0.00048379907959858,1.65688115868104e-05
30,77,10,0.4122216166699,0.0144573034749733,0.338981385304479,0.0031069017483052,0.00270877607501348,9.23210301141891e-05,0.000477824529124742,1.62781409121493e-05
30,78,10,0.411699349052295,0.0144548052997271,0.340239217499109,0.00312818215855927,0.00267582980842775,9.0765976443213e-05,0.000472014538621684,1.60040521874409e-05
30,79,10,0.411188782426166,0.0144523961394994,0.341482646281899,0.00314877031339602,0.00264377781159108,8.92996688255018e-05,0.00046636222399038,1.57456051138191e-05
30,80,10,0.410689484117092,0.0144500627951033,0.342711998729591,0.00316868891315016,0.00261258337256693,8.79168371254486e-05,0.000460861112902444,1.55018707490395e-05
30,81,10,0.410201043338631,0.0144477934038095,0.343927591517848,0.00318796134538461,0.00258221189418836,8.66122937791513e-05,0.000455505105854442,1.52719347181087e-05
30,82,10,0.409723069763772,0.0144455773370854,0.345129731375298,0.00320661157901956,0.00255263069639435,8.53809564889161e-05,0.000450288441315572,1.50549012104571e-05
30,83,10,0.4092551922237,0.0144434051054624,0.346318715511615,0.00322466406429346,0.0025238088411084,8.42178732307791e-05,0.00044520566485055,1.4849897385665e-05
30,84,10,0.408797057519745,0.0144412682695885,0.347494832020131,0.00324214363808633,0.00249571697859825,8.31182476631068e-05,0.000440251602030618,1.46560778505714e-05
30,85,10,0.408348329335631,0.0144391593565707,0.348658360255785,0.00325907543430363,0.00246832721394026,8.20774633624082e-05,0.000435421334889922,1.44726289302001e-05
30,86,10,0.40790868723838,0.0144370717808322,0.349809571189574,0.00327548479913954,0.00244161299196679,8.10911056794755e-05,0.000430710181641349,1.42987725196457e-05
30,87,10,0.407477825757495,0.0144349997688638,0.35094872774087,0.00329139721111341,0.00241554899889368,8.01549803553325e-05,0.000426113679333818,1.41337693651214e-05
30,88,10,0.4070554535332,0.0144329382874211,0.352076085089145,0.00330683820581207,0.0023901110787016,7.92651283370034e-05,0.000421627569111383,1.39769216753625e-05
30,89,10,0.406641292525729,0.0144308829748875,0.353191890966756,0.00332183330528176,0.0023652761622809,7.84178364833916e-05,0.000417247783723085,1.38275750087e-05
30,90,10,0.406235077278683,0.0144288300756732,0.354296385934464,0.00333640795200167,0.00234102220734238,7.76096440538108e-05,0.000412970436931274,1.36851194167728e-05
30,91,10,0.405836554230556,0.0144267763776458,0.355389803641366,0.00335058744734717,0.00231732814714774,7.68373450351038e-05,0.000408791814475145,1.35489898546687e-05
30,92,10,0.40544548106938,0.0144247191526786,0.356472371070834,0.00336439689441748,0.00229417384622046,7.60979864948855e-05,0.000404708366265083,1.3418665890476e-05
30,93,10,0.405061626126333,0.0144226561004637,0.357544308773955,0.00337786114507059,0.00227154006135383,7.5388863254993e-05,0.000400716699510963,1.32936707660421e-05
30,94,10,0.404684767804833,0.0144205852957618,0.358605831091817,0.00339100475097635,0.00224940840643058,7.47075092648608e-05,0.000396813572522365,1.31735698758348e-05
30,95,10,0.404314694042249,0.0144185051392609,0.359657146367852,0.00340385191847693,0.00222776131979487,7.40516861218593e-05,0.00039299588895863,1.3057968742694e-05
30,96,10,0.403951201801917,0.0144164143121895,0.360698457151241,0.00341642646703016,0.00220658203316038,7.34193692361376e-05,0.00038926069234952,1.2946510578184e-05
30,97,10,0.403594096593489,0.0144143117347909,0.361729960392253,0.00342875179100717,0.00218585454128412,7.28087321721864e-05,0.000385605160750586,1.28388735213811e-05
30,98,10,0.403243192020017,0.0144121965287103,0.362751847630191,0.00344085082462388,0.00216556357187165,7.22181297172371e-05,0.000382026601439052,1.27347676531105e-05
30,99,10,0.40289830935037,0.0144100679832925,0.363764305174504,0.00345274600980018,0.00214569455539445,7.16460802283827e-05,0.000378522445593901,1.26339318829616e-05
30,100,10,0.402559277115761,0.0144079255257267,0.364767514279466,0.00346445926676468,0.0021262335946872,7.1091247794205e-05,0.000375090242936847,1.25361308035854e-05
30,101,10,0.402225930729267,0.0144057686949267,0.365761651312726,0.00347601196724891,0.00210716743434291,7.05524247134376e-05,0.000371727656337394,1.24411516009179e-05
30,102,10,0.401898112127286,0.0144035971189856,0.366746887917952,0.00348742491014637,0.00208848343003777,7.00285147425061e-05,0.000368432456405253,1.23488011000343e-05
30,103,10,0.401575669431916,0.0144014104960076,0.367723391171722,0.0034987182995406,0.00207016951799232,6.95185174981504e-05,0.00036520251610658,1.22589030147664e-05
30,104,10,0.401258456633237,0.0143992085780937,0.368691323734774,0.00350991172503642,0.00205221418481533,6.90215143229235e-05,0.0003620358054475,1.21712954553837e-05
30,105,10,0.400946333290509,0.0143969911582342,0.369650843997714,0.00352102414435328,0.00203460643798475,6.85366558350143e-05,0.000358930386269828,1.20858287334071e-05
30,106,10,0.400639164251274,0.0143947580598545,0.370602106221263,0.00353207386816177,0.00201733577720395,6.80631512944134e-05,0.000355884407200988,1.20023634868462e-05
30,107,10,0.400336819387374,0.0143925091287534,0.37154526067114,0.00354307854716131,0.00200039216683539,6.76002598294361e-05,0.000352896098793836,1.19207691336312e-05
30,108,10,0.400039173346894,0.0143902442271764,0.372480453747678,0.00355405516140727,0.00198376600956743,6.7147283487304e-05,0.000349963768883825,1.18409226468306e-05
30,109,10,0.399746105321075,0.0143879632297706,0.37340782811031,0.00356502001190394,0.00196744812141712,6.67035620026407e-05,0.000347085798181699,1.17627076329357e-05
30,110,10,0.399457498825265,0.0143856660211753,0.374327522797062,0.00357598871447846,0.00195142970811976,6.62684691222061e-05,0.000344260636110663,1.1686013684684e-05
30,111,10,0.399173241493002,0.0143833524950177,0.375239673339217,0.00358697619594881,0.00193570234290865,6.58414102843516e-05,0.000341486796888643,1.16107359728712e-05
30,112,10,0.398893224882396,0.0143810225540877,0.376144411871344,0.00359799669258966,0.00192025794564785,6.54218214276592e-05,0.000338762855849094,1.1536775037358e-05
30,113,10,0.398617344293996,0.0143786761114845,0.377041867236884,0.00360906375088824,0.00190508876325141,6.50091686939856e-05,0.000336087445988611,1.1464036735851e-05
30,114,10,0.398345498599407,0.0143763130925377,0.377932165089501,0.00362019023056752,0.00189018735130125,6.46029487955944e-05,0.000333459254725881,1.13924323098197e-05
30,115,10,0.398077590079951,0.0143739334373202,0.378815427990408,0.00363138830983644,0.00187554655676669,6.42026898303569e-05,0.000330877020854835,1.13218785294329e-05
30,116,10,0.397813524274728,0.0143715371035835,0.379691775501896,0.00364266949280874,0.00186115950172639,6.38079523517456e-05,0.000328339531674544,1.12522978834149e-05
30,117,10,0.397553209837495,0.0143691240699607,0.380561324277249,0.00365404461901194,0.00184701956799992,6.34183305274188e-05,0.000325845620279465,1.11836187844914e-05
30,118,10,0.397296558401794,0.0143666943392977,0.381424188147276,0.00366552387488941,0.00183312038260707,6.3033453250529e-05,0.000323394162995614,1.11157757664486e-05
30,119,10,0.397043484453814,0.0143642479419865,0.38228047820362,0.00367711680717919,0.00181945580398807,6.26529850974434e-05,0.00032098407695088,1.10487096540484e-05
30,120,10,0.396793905212531,0.0143617849391914,0.383130302879046,0.00368883233803696,0.00180601990893408,6.22766270543408e-05,0.000318614317770553,1.09823676921094e-05
30,121,10,0.396547740516643,0.0143593054258738,0.383973768024855,0.00370067878175464,0.00179280698019387,6.19041169606773e-05,0.000316283877392056,1.09167036245782e-05
30,122,10,0.396304912717904,0.0143568095335374,0.384810976985582,0.00371266386291427,0.00177981149473741,6.15352296398485e-05,0.000313991781995503,1.08516777183484e-05
30,123,10,0.396065346580429,0.0143542974326282,0.385642030671107,0.00372479473580633,0.00176702811267013,6.11697767054672e-05,0.000311737090048956,1.07872567297835e-05
30,124,10,0.395828969185605,0.0143517693345452,0.386467027626306,0.00373707800493443,0.00175445166680071,6.08076060460593e-05,0.000309518890468932,1.07234138144341e-05
30,125,10,0.395595709842224,0.0143492254932217,0.387286064098344,0.00374951974642584,0.00174207715287189,6.04486010018926e-05,0.000307336300897814,1.06601283823669e-05
30,126,10,0.395365500001479,0.0143466662062604,0.38809923410172,0.00376212553016419,0.00172989972046629,6.00926792546691e-05,0.000305188466100268,1.05973859027676e-05
30,127,10,0.395138273176503,0.0143440918156095,0.388906629481143,0.00377490044246465,0.00171791466459843,5.97397914559415e-05,0.000303074556480712,1.05351776623731e-05
30,128,10,0.394913964866092,0.0143415027077821,0.389708339972334,0.00378784910911554,0.00170611741800102,5.93899196221163e-05,0.000300993766723183,1.04735004826592e-05
30,129,10,0.394692512482326,0.0143388993136284,0.390504453260815,0.00380097571861762,0.00169450354410731,5.90430753250954e-05,0.000298945314553965,1.04123564009068e-05
30,130,10,0.394473855281759,0.0143362821076754,0.391295055038781,0.00381428404546133,0.00168306873072341,5.86992977066909e-05,0.000296928439625938,1.03517523201159e-05
30,131,10,0.394257934299929,0.0143336516070599,0.392080229060104,0.00382777747329327,0.00167180878437612,5.83586513440551e-05,0.000294942402522007,1.02916996325797e-05
30,132,10,0.394044692288884,0.0143310083700773,0.392860057193552,0.00384145901783486,0.00166071962531148,5.80212239917046e-05,0.000292986483873352,1.02322138216332e-05
30,133,10,0.393834073657506,0.0143283529943791,0.393634619474284,0.00385533134942951,0.00164979728311074,5.7687124223495e-05,0.000291059983586536,1.01733140457065e-05
30,134,10,0.393626024414374,0.0143256861148473,0.394403994153688,0.00386939681510795,0.00163903789288084,5.73564789969476e-05,0.000289162220171962,1.01150227086371e-05
30,135,10,0.393420492112992,0.0143230084011802,0.395168257747631,0.0038836574600747,0.00162843769196941,5.70294311600382e-05,0.000287292530164838,1.00573650197966e-05
30,136,10,0.393217425799146,0.014320320555218,0.395927485083188,0.00389811504853288,0.00161799301714771,5.67061369199692e-05,0.000285450267628651,1.00003685474799e-05
30,137,10,0.393016775960267,0.0143176233080431,0.396681749343901,0.00391277108377692,0.00160770030220014,5.63867632922741e-05,0.00028363480373039,9.94406276880033e-06
30,138,10,0.392818494476614,0.0143149174168824,0.39743112211366,0.00392762682749608,0.00159755607585658,5.60714855481967e-05,0.000281845526376187,9.88847861925952e-06
30,139,10,0.392622534574164,0.0143122036618434,0.398175673419235,0.00394268331824254,0.0015875569600025,5.57604846778984e-05,0.000280081839895969,9.83364804509352e-06
30,140,10,0.392428850779105,0.0143094828425128,0.398915471771544,0.00395794138902977,0.0015776996681027,5.5453944887221e-05,0.000278343164765776,9.77960356152669e-06
30,141,10,0.392237398873815,0.0143067557744427,0.39965058420571,0.0039734016840359,0.00156798100377714,5.51520511453525e-05,0.000276628937356899,9.72637781999573e-06
30,142,10,0.392048135854273,0.0143040232855553,0.400381076319953,0.00398906467439632,0.00155839785947152,5.48549868012192e-05,0.000274938609701707,9.67400318749285e-06
30,143,10,0.39186101988883,0.0143012862124906,0.401107012313384,0.0040049306730779,0.00154894721517011,5.45629312860844e-05,0.000273271649266921,9.62251134111247e-06
30,144,10,0.391676010278285,0.0142985453969232,0.401828455022739,0.00402099984883363,0.00153962613710488,5.42760579196631e-05,0.000271627538726229,9.57193288085888e-06
30,145,10,0.39149306741724,0.0142958016818763,0.402545465958104,0.00403727223924351,0.00153043177642211,5.39945318368026e-05,0.000270005775725371,9.52229696372172e-06
30,146,10,0.391312152756691,0.0142930559080546,0.403258105337671,0.00405374776285227,0.00152136136777434,5.37185080506372e-05,0.000268405872634051,9.47363096183099e-06
30,147,10,0.391133228767843,0.0142903089102263,0.403966432121559,0.00407042623041951,0.00151241222781385,5.34481296675298e-05,0.000266827356280461,9.42596014739024e-06
30,148,10,0.390956258907122,0.0142875615136752,0.404670504044747,0.00408730735530198,0.00150358175357033,5.31835262672693e-05,0.000265269767665364,9.37930740676817e-06
30,149,10,0.390781207582385,0.0142848145307494,0.40537037764913,0.00410439076299043,0.0014948674207031,5.29248124606033e-05,0.000263732661654034,9.33369298587811e-06
30,150,10,0.390608040120296,0.0142820687575286,0.406066108314734,0.00412167599982775,0.00148626678162417,5.26720866338645e-05,0.000262215606645397,9.28913426856984e-06
30,151,10,0.390436722734878,0.0142793249706341,0.406757750290119,0.00413916254093584,0.00147777746349454,5.24254298885252e-05,0.000260718184218797,9.24564558941491e-06
30,152,10,0.390267222497223,0.0142765839242011,0.407445356721982,0.00415684979738286,0.00146939716610089,5.21849051806534e-05,0.000259239988759656,9.20323808176324e-06
30,153,10,0.390099507306342,0.0142738463470325,0.408128979683971,0.00417473712262223,0.00146112365962428,5.19505566629758e-05,0.000257780627066064,9.16191956155189e-06
30,154,10,0.38993354586115,0.0142711129399532,0.40880867020475,0.00419282381823799,0.00145295478231545,5.17224092294815e-05,0.000256339717938898,9.12169444684913e-06
30,155,10,0.389769307633569,0.0142683843733781,0.409484478295291,0.00421110913903139,0.00144488843809415,5.15004682598077e-05,0.000254916891758504,9.08256371265406e-06
30,156,10,0.389606762842729,0.0142656612851084,0.410156452975448,0.00422959229748513,0.00143692259409134,5.12847195582347e-05,0.000253511790051319,9.04452488003434e-06
30,157,10,0.389445882430238,0.0142629442783639,0.410824642299781,0.0042482724676422,0.00142905527815432,5.10751294796171e-05,0.000252124065049917,9.00757203825152e-06
30,158,10,0.389286638036517,0.0142602339200633,0.411489093382678,0.00426714878843712,0.00142128457633479,5.08716452323734e-05,0.000250753379250064,8.97169589813049e-06
30,159,10,0.389129001978142,0.0142575307393516,0.412149852422753,0.00428622036651789,0.00141360863038005,5.06741953469511e-05,0.000249399404968296,8.93688387463081e-06
30,160,10,0.388972947226194,0.0142548352263823,0.412806964726559,0.0043054862785968,0.00140602563524631,5.04826902961073e-05,0.000248061823903396,8.90312019620856e-06
30,161,10,0.388818447385558,0.0142521478313507,0.413460474731595,0.00432494557336863,0.00139853383665226,5.02970232525438e-05,0.000246740326704977,8.87038603841943e-06
30,162,10,0.388665476675154,0.0142494689637765,0.414110426028647,0.00434459727303479,0.00139113152868938,5.01170709681203e-05,0.000245434612552058,8.83865967897828e-06
30,163,10,0.388514009909046,0.014246798992031,0.41475686138345,0.00436444037447098,0.00138381705150407,4.99426947583109e-05,0.000244144388744302,8.80791667139466e-06
30,164,10,0.388364022478414,0.0142441382431016,0.415399822757698,0.00438447385007604,0.00137658878906447,4.97737415754268e-05,0.000242869370308194,8.77813003427619e-06
30,165,10,0.388215490334316,0.0142414870025842,0.416039351329406,0.00440469664833836,0.00136944516702332,4.96100451539681e-05,0.000241609279620156,8.7492704533648e-06
30,166,10,0.388068389971231,0.014238845514893,0.416675487512638,0.00442510769415601,0.00136238465068588,4.94514272119397e-05,0.000240363846048195,8.72130649345548e-06
30,167,10,0.387922698411324,0.0142362139836771,0.417308270976617,0.00444570588894474,0.00135540574309044,4.92976986925487e-05,0.000239132805613395,8.69420481744493e-06
30,168,10,0.387778393189394,0.0142335925724284,0.417937740664233,0.00446649011056724,0.00134850698320662,4.91486610313856e-05,0.0002379159006722,8.66793040988454e-06
30,169,10,0.387635452338471,0.0142309814052697,0.418563934809954,0.00448745921311597,0.00134168694425514,4.90041074354616e-05,0.000236712879620113,8.64244680263226e-06
30,170,10,0.387493854376009,0.0142283805679075,0.419186890957168,0.00450861202657895,0.00133494423215097,4.88638241613029e-05,0.000235523496617161,8.61771630034419e-06
30,171,10,0.387353578290657,0.0142257901087338,0.419806645974971,0.00452994735641794,0.00132827748407005,4.8727591780818e-05,0.00023434751133515,8.59370020381568e-06
30,172,10,0.387214603529544,0.0142232100400645,0.420423236074411,0.004551463983085,0.0013216853671384,4.85951864247386e-05,0.00023318468872652,8.57035902937243e-06
30,173,10,0.387076909986061,0.0142206403394984,0.421036696824209,0.00457316066150252,0.00131516657724118,4.84663809948191e-05,0.000232034798814345,8.54765272275453e-06
30,174,10,0.3869404779881,0.014218080951381,0.421647063165975,0.0045950361205293,0.00130871983794781,4.83409463373012e-05,0.000230897616502807,8.52554086617277e-06
30,175,10,0.386805288286713,0.0142155317883622,0.422254369428946,0.00461708906243335,0.00130234389954831,4.82186523712288e-05,0.000229772921407303,8.50398287740379e-06
30,176,10,0.386671322045159,0.0142129927330314,0.422858649344243,0.00463931816239009,0.00129603753819521,4.80992691664991e-05,0.000228660497703146,8.4829382000218e-06
30,177,10,0.386538560828322,0.0142104636396183,0.423459936058691,0.00466172206802228,0.00128979955514433,4.79825679674369e-05,0.00022756013399173,8.46236648402309e-06
30,178,10,0.386406986592456,0.0142079443357465,0.424058262148194,0.00468429939899595,0.00128362877608722,4.78683221588098e-05,0.000226471623182855,8.44222775629917e-06
30,179,10,0.386276581675245,0.0142054346242286,0.424653659630711,0.00470704874668502,0.00127752405056763,4.77563081718062e-05,0.000225394762391862,8.42248258052013e-06
30,180,10,0.386147328786149,0.0142029342848905,0.425246159978827,0.00472996867391466,0.00127148425147367,4.76463063284779e-05,0.000224329352850139,8.40309220616437e-06
30,181,10,0.386019210997018,0.0142004430764164,0.425835794131945,0.0047530577147916,0.00126550827459742,4.75381016235535e-05,0.000223275199827508,8.38401870650026e-06
30,182,10,0.385892211732957,0.0141979607382018,0.426422592508122,0.00477631437462828,0.00125959503825355,4.74314844432e-05,0.000222232112565027,8.36522510544534e-06
30,183,10,0.385766314763416,0.014195486992209,0.427006585015556,0.00479973712996524,0.00125374348294819,4.73262512207052e-05,0.000221199904216649,8.34667549329743e-06
30,184,10,0.385641504193508,0.0141930215448135,0.427587801063744,0.00482332442869501,0.00124795257108999,4.72222050293743e-05,0.000220178391798329,8.32833513138825e-06
30,185,10,0.385517764455527,0.0141905640886353,0.428166269574327,0.0048470746902887,0.00124222128673493,4.71191561133232e-05,0.000219167396143076,8.310170545781e-06
30,186,10,0.385395080300665,0.0141881143043463,0.428742018991636,0.00487098630612592,0.00123654863535731,4.7016922357087e-05,0.000218166741860626,8.29214961017215e-06
30,187,10,0.385273436790912,0.0141856718624497,0.429315077292946,0.00489505763992607,0.00123093364363933,4.69153296949887e-05,0.000217176257300383,8.27424161816338e-06
30,188,10,0.385152819291137,0.0141832364250223,0.429885471998469,0.00491928702827914,0.00122537535927238,4.68142124617314e-05,0.000216195774516444,8.25641734516388e-06
30,189,10,0.385033213461347,0.0141808076474158,0.430453230181074,0.00494367278127225,0.00121987285076384,4.67134136855857e-05,0.000215225129233564,8.23864910016098e-06
30,190,10,0.384914605249107,0.0141783851799118,0.431018378475765,0.00496821318320773,0.00121442520724345,4.66127853257275e-05,0.000214264160813068,8.22091076763677e-06
30,191,10,0.384796980882134,0.0141759686693259,0.43158094308892,0.00499290649340706,0.00120903153826424,4.65121884554197e-05,0.00021331271221779,8.20317783992635e-06
30,192,10,0.384680326861045,0.0141735577605558,0.4321409498073,0.00501775094709585,0.00120369097359366,4.64114933931069e-05,0.000212370629975275,8.18542744038427e-06
30,193,10,0.384564629952278,0.0141711520980714,0.432698424006841,0.00504274475636202,0.00119840266299106,4.63105797830464e-05,0.000211437764138589,8.16763833764497e-06
30,194,10,0.384449877181165,0.0141687513273418,0.433253390661237,0.00506788611118173,0.00119316577596852,4.62093366279541e-05,0.000210513968244165,8.14979095141333e-06
30,195,10,0.384336055825168,0.0141663550961979,0.433805874350313,0.0050931731805051,0.00118797950153269,4.61076622755915e-05,0.000209599099266318,8.13186735012722e-06
30,196,10,0.384223153407276,0.014163963056127,0.434355899268218,0.0051186041133945,0.00118284304790575,4.60054643618187e-05,0.000208693017568058,8.11385124093452e-06
30,197,10,0.384111157689563,0.0141615748634982,0.434903489231412,0.00514417704020835,0.00117775564222458,4.59026597124538e-05,0.000207795586848072,8.09572795240078e-06
30,198,10,0.384000056666904,0.0141591901807163,0.435448667686484,0.0051698900738225,0.00117271653021746,4.57991742065353e-05,0.000206906674083716,8.07748441040257e-06
30,199,10,0.38388983856086,0.0141568086773035,0.435991457717789,0.005195741310882,0.0011677249758582,4.56949426035742e-05,0.000206026149470058,8.05910910766504e-06
30,200,10,0.383780491813719,0.0141544300309079,0.436531882054911,0.00522172883307609,0.00116278026099849,4.55899083374939e-05,0.00020515388635504,8.04059206741899e-06
30,201,10,0.383672005082697,0.0141520539282377,0.43706996307996,0.00524785070842927,0.00115788168497908,4.54840232800538e-05,0.000204289761170927,8.02192480167078e-06
30,202,10,0.383564367234315,0.0141496800659216,0.437605722834709,0.00527410499260151,0.00115302856422118,4.53772474764882e-05,0.000203433653362256,8.00310026456745e-06
30,203,10,0.383457567338924,0.0141473081512959,0.438139183027566,0.00530048973019156,0.00114822023179973,4.52695488562229e-05,0.000202585445310585,7.98411280136152e-06
30,204,10,0.383351594665403,0.0141449379031169,0.438670365040396,0.00532700295603672,0.00114345603700043,4.51609029214463e-05,0.000201745022256377,7.96495809346692e-06
30,205,10,0.383246438676016,0.0141425690522023,0.439199289935182,0.00535364269650394,0.00113873534486254,4.50512924164268e-05,0.000200912272218373,7.9456331001147e-06
30,206,10,0.383142089021427,0.0141402013419996,0.439725978460546,0.00538040697076648,0.00113405753570988,4.49407069802523e-05,0.000200087085910872,7.9261359970822e-06
30,207,10,0.383038535535885,0.0141378345290849,0.440250451058115,0.0054072937920616,0.00112942200467217,4.48291427857551e-05,0.000199269356659325,7.90646611298274e-06
30,208,10,0.382935768232554,0.014135468383593,0.440772727868741,0.00543430116892463,0.00112482816119948,4.47166021673364e-05,0.000198458980314688,7.88662386359484e-06
30,209,10,0.382833777299012,0.0141331026895803,0.441292828738586,0.00546142710639581,0.00112027542857201,4.46030932401934e-05,0.000197655855166967,7.86661068467336e-06
30,210,10,0.382732553092895,0.014130737245323,0.441810773225053,0.00548866960719623,0.00111576324340775,4.44886295134981e-05,0.000196859881858383,7.84642896369168e-06
30,211,10,0.3826320861377,0.0141283718635518,0.442326580602593,0.00551602667286975,0.00111129105517056,4.43732294998676e-05,0.00019607096329661,7.82608197092902e-06
30,212,10,0.38253236711873,0.014126006371627,0.442840269868368,0.00554349630488869,0.00110685832568087,4.42569163234654e-05,0.00019528900456847,7.80557379031421e-06
30,213,10,0.382433386879188,0.0141236406116545,0.44335185974777,0.00557107650572087,0.00110246452863133,4.41397173287644e-05,0.000194513912854511,7.78490925038688e-06
30,214,10,0.382335136416411,0.0141212744405471,0.443861368699828,0.0055987652798564,0.00109810914910956,4.40216636921239e-05,0.000193745597344818,7.76409385575308e-06
30,215,10,0.38223760687824,0.0141189077300321,0.444368814922461,0.00562656063479287,0.00109379168312983,4.39027900379094e-05,0.000192983969156427,7.74313371934304e-06
30,216,10,0.382140789559531,0.0141165403666092,0.44487421635762,0.00565446058197829,0.0010895116371758,4.37831340610845e-05,0.000192228941252654,7.72203549581008e-06
30,217,10,0.382044675898779,0.0141141722514609,0.44537759069629,0.00568246313771054,0.00108526852775556,4.36627361576189e-05,0.000191480428364627,7.70080631630873e-06
30,218,10,0.381949257474888,0.0141118033003181,0.445878955383374,0.0057105663239939,0.00108106188097073,4.35416390644323e-05,0.00019073834691528,7.67945372495515e-06
30,219,10,0.38185452600404,0.0141094334432841,0.446378327622452,0.00573876816935204,0.00107689123210092,4.34198875099823e-05,0.000190002614946051,7.65798561716607e-06
30,220,10,0.381760473336695,0.0141070626246197,0.446875724380417,0.0057670667095982,0.00107275612520436,4.32975278767956e-05,0.00018927315204645,7.63641018010509e-06
30,221,10,0.381667091454689,0.0141046908024923,0.447371162391992,0.0057954599885628,0.00106865611273583,4.31746078769103e-05,0.000188549879286669,7.61473583540754e-06
30,222,10,0.381574372468449,0.0141023179486913,0.447864658164134,0.0058239460587796,0.00106459075518267,4.3051176241116e-05,0.000187832719153373,7.59297118434018e-06
30,223,10,0.381482308614298,0.0140999440483139,0.448356227980322,0.00585252298213085,0.00106055962071905,4.29272824228594e-05,0.000187121595488731,7.57112495554958e-06
30,224,10,0.381390892251863,0.0140975690994223,0.448845887904727,0.00588118883045308,0.00105656228487928,4.28029763172913e-05,0.000186416433432789,7.54920595548195e-06
30,225,10,0.381300115861569,0.0140951931126767,0.449333653786285,0.00590994168610449,0.00105259833024997,4.26783079961581e-05,0.000185717159369175,7.52722302160025e-06
30,226,10,0.381209972042224,0.0140928161109447,0.449819541262649,0.00593877964249511,0.00104866734618133,4.25533274587522e-05,0.000185023700874184,7.50518497843471e-06
30,227,10,0.38112045350868,0.0140904381288926,0.450303565764046,0.00596770080458159,0.00104476892851727,4.24280843993788e-05,0.000184335986669173,7.48310059654913e-06
30,228,10,0.381031553089576,0.0140880592125581,0.450785742517031,0.00599670328932768,0.00104090267934421,4.23026279913708e-05,0.000183653946576257,7.46097855442719e-06
30,229,10,0.380943263725149,0.0140856794189077,0.451266086548133,0.00602578522613225,0.00103706820675806,4.21770066878405e-05,0.000182977511477218,7.43882740331337e-06
30,230,10,0.380855578465119,0.0140832988153828,0.451744612687423,0.00605494475722612,0.00103326512464893,4.20512680391114e-05,0.00018230661327553,7.41665553499682e-06
30,231,10,0.380768490466632,0.0140809174794336,0.452221335571963,0.0060841800380396,0.00102949305250288,4.1925458526659e-05,0.000181641184861404,7.39447115251038e-06
30,232,10,0.380681992992269,0.0140785354980468,0.45269626964919,0.00611348923754195,0.00102575161522023,4.17996234135542e-05,0.000180981160079737,7.37228224374118e-06
30,233,10,0.380596079408107,0.0140761529672639,0.453169429180191,0.00614287053855436,0.0010220404429493,4.16738066108942e-05,0.000180326473700803,7.35009655786317e-06
30,234,10,0.380510743181838,0.014073769991698,0.453640828242905,0.00617232213803845,0.00101835917093504,4.15480505600784e-05,0.000179677061393553,7.32792158456662e-06
30,235,10,0.380425977880936,0.0140713866840456,0.454110480735236,0.00620184224736073,0.0010147074393816,4.14223961304324e-05,0.000179032859701384,7.30576453599598e-06
30,236,10,0.380341777170869,0.0140690031645988,0.454578400378088,0.00623142909253566,0.00101108489332778,4.1296882531751e-05,0.000178393806020177,7.28363233132122e-06
30,237,10,0.380258134813356,0.0140666195607567,0.455044600718325,0.00626108091444775,0.00100749118253461,4.11715472412119e-05,0.000177759838578482,7.26153158384519e-06
30,238,10,0.38017504466467,0.0140642360065401,0.455509095131653,0.00629079596905427,0.00100392596138403,4.10464259440616e-05,0.000177130896419643,7.23946859054197e-06
30,239,10,0.380092500673973,0.0140618526421082,0.455971896825427,0.00632057252757015,0.00100038888878763,4.0921552487637e-05,0.000176506919385717,7.21744932394821e-06
30,240,10,0.38001049688169,0.0140594696132813,0.456433018841402,0.0063504088766359,0.000996879628104657,4.07969588477733e-05,0.00017588784810302,7.19547942624132e-06
30,241,10,0.379929027417924,0.0140570870710674,0.456892474058398,0.00638030331846947,0.000993397847068265,4.06726751072338e-05,0.000175273623969123,7.17356420543851e-06
30,242,10,0.379848086500891,0.0140547051711973,0.457350275194918,0.00641025417100405,0.000989943217719121,4.05487294452785e-05,0.000174664189141152,7.15170863356209e-06
30,243,10,0.379767668435397,0.0140523240736667,0.457806434811693,0.00644025976801135,0.000986515416345483,4.04251481376665e-05,0.00017405948652523,7.12991734664619e-06
30,244,10,0.37968776761134,0.0140499439422863,0.458260965314174,0.00647031845921279,0.000983114123428957,4.0301955566451e-05,0.00017345945976691,7.10819464647091e-06
30,245,10,0.37960837850224,0.0140475649442429,0.458713878954963,0.00650042861037848,0.000979739023595144,4.0179174238715e-05,0.000172864053242487,7.08654450387496e-06
30,246,10,0.379529495663799,0.0140451872496684,0.459165187836192,0.00653058860341494,0.000976389805568357,4.00568248136235e-05,0.000172273212051012,7.06497056353565e-06
30,247,10,0.379451113732478,0.0140428110312222,0.459614903911846,0.00656079683644291,0.000973066162129814,3.99349261369128e-05,0.000171686882006932,7.04347615006109e-06
30,248,10,0.379373227424112,0.0140404364636818,0.460063038990042,0.00659105172386506,0.000969767790078623,3.98134952822383e-05,0.000171105009633211,7.02206427529252e-06
30,249,10,0.379295831532537,0.0140380637235476,0.460509604735248,0.00662135169642495,0.000966494390194944,3.96925475984743e-05,0.000170527542154843,7.00073764665715e-06
30,250,10,0.379218920928246,0.0140356929886591,0.460954612670471,0.00665169520125767,0.000963245667204914,3.95720967625504e-05,0.000169954427492675,6.97949867649761e-06
30,251,10,0.379142490557066,0.0140333244378223,0.461398074179384,0.00668208070193225,0.000960021329746675,3.94521548367213e-05,0.000169385614257417,6.95834949218347e-06
30,252,10,0.37906653543886,0.0140309582504521,0.461840000508426,0.00671250667848733,0.000956821090337266,3.93327323300837e-05,0.000168821051743815,6.93729194697267e-06
30,253,10,0.378991050666243,0.0140285946062256,0.462280402768844,0.00674297162745933,0.000953644665339932,3.92138382632332e-05,0.000168260689924886,6.91632763142563e-06
30,254,10,0.378916031403327,0.0140262336847495,0.462719291938713,0.0067734740619048,0.000950491774931484,3.9095480235887e-05,0.000167704479446175,6.89545788534364e-06
30,255,10,0.378841472884482,0.0140238756652411,0.463156678864906,0.00680401251141619,0.000947362143069526,3.89776644965494e-05,0.000167152371619974,6.87468381006684e-06
30,256,10,0.378767370413122,0.0140215207262214,0.463592574265027,0.00683458552213249,0.000944255497459325,3.88603960138596e-05,0.000166604318419487,6.85400628106912e-06
30,257,10,0.378693719360501,0.0140191690452224,0.464026988729323,0.00686519165674426,0.000941171569520009,3.87436785490935e-05,0.000166060272472876,6.83342596075594e-06
30,258,10,0.378620515164542,0.014016820798508,0.464459932722543,0.00689582949449369,0.000938110094350148,3.86275147292689e-05,0.000165520187057193,6.81294331136886e-06
30,259,10,0.378547753328679,0.0140144761608071,0.46489141658578,0.00692649763117014,0.000935070810692434,3.85119061204751e-05,0.000164984016092154,6.79255860792905e-06
30,260,10,0.378475429420714,0.0140121353050609,0.465321450538272,0.00695719467910119,0.000932053460897559,3.83968533010318e-05,0.000164451714133779,6.77227195115058e-06
30,261,10,0.378403539071704,0.014009798402183,0.465750044679182,0.00698791926713938,0.000929057790886977,3.82823559340069e-05,0.000163923236367821,6.75208328024026e-06
30,262,10,0.378332077974857,0.0140074656208322,0.466177208989339,0.00701867004064529,0.000926083550114918,3.81684128389295e-05,0.000163398538603077,6.73199238555503e-06
30,263,10,0.378261041884455,0.0140051371271986,0.466602953332958,0.00704944566146662,0.000923130491529233,3.8055022062203e-05,0.000162877577264479,6.71199892102992e-06
30,264,10,0.37819042661479,0.0140028130848017,0.467027287459334,0.00708024480791398,0.000920198371531435,3.7942180946112e-05,0.000162360309386059,6.69210241635774e-06
30,265,10,0.378120228039123,0.0140004936543022,0.467450221004502,0.00711106617473327,0.000917286949935729,3.78298861961095e-05,0.000161846692603716,6.67230228886451e-06
30,266,10,0.378050442088657,0.0139981789933241,0.46787176349288,0.00714190847307491,0.000914395989927272,3.77181339461653e-05,0.000161336685147867,6.6525978550432e-06
30,267,10,0.377981064751535,0.0139958692562907,0.468291924338882,0.00717277043045987,0.000911525258019545,3.76069198220562e-05,0.000160830245835923,6.63298834172359e-06
30,268,10,0.37791209207185,0.0139935645942714,0.468710712848514,0.00720365079074327,0.000908674524011048,3.74962390024294e-05,0.00016032733406466,6.61347289684942e-06
30,269,10,0.377843520148676,0.0139912651548402,0.469128138220936,0.00723454831407482,0.000905843560941324,3.73860862774647e-05,0.000159827909802462,6.59405059983078e-06
30,270,10,0.377775345135119,0.0139889710819454,0.469544209550014,0.00726546177685691,0.000903032145046397,3.72764561051615e-05,0.000159331933581464,6.57472047147847e-06
30,271,10,0.377707563237383,0.0139866825157906,0.46995893582584,0.00729638997170025,0.000900240055713711,3.71673426650291e-05,0.000158839366489608,6.55548148347906e-06
30,272,10,0.377640170713852,0.0139843995927261,0.470372325936235,0.00732733170737684,0.00089746707543668,3.7058739909219e-05,0.000158350170162627,6.53633256741819e-06
30,273,10,0.377573163874197,0.0139821224451507,0.470784388668235,0.0073582858087711,0.000894712989768941,3.69506416110697e-05,0.000157864306775978,6.51727262334834e-06
30,274,10,0.377506539078492,0.0139798512014242,0.471195132709549,0.0073892511168283,0.000891977587278274,3.68430414109499e-05,0.000157381739036716,6.49830052787847e-06
30,275,10,0.37744029273635,0.0139775859857892,0.471604566649999,0.00742022648850139,0.000889260659500523,3.67359328595207e-05,0.000156902430175371,6.47941514180887e-06
30,276,10,0.377374421306078,0.0139753269183026,0.472012698982949,0.00745121079669548,0.000886562000893321,3.66293094583492e-05,0.000156426343937783,6.46061531729805e-06
30,277,10,0.377308921293849,0.0139730741147764,0.4724195381067,0.00748220293021038,0.000883881408789996,3.65231646978457e-05,0.000155953444576979,6.44189990455802e-06
30,278,10,0.377243789252885,0.0139708276867278,0.47282509232588,0.00751320179368131,0.000881218683353424,3.6417492092724e-05,0.000155483696845028,6.42326775811131e-06
30,279,10,0.377179021782661,0.0139685877413374,0.473229369852807,0.00754420630751772,0.000878573627530255,3.63122852148356e-05,0.000155017065984973,6.40471774258547e-06
30,280,10,0.377114615528124,0.0139663543814163,0.473632378808835,0.00757521540784037,0.000875946047005314,3.620753772357e-05,0.000154553517722789,6.38624873807766e-06
30,281,10,0.37705056717893,0.0139641277053811,0.474034127225689,0.00760622804641654,0.000873335750156401,3.6103243393742e-05,0.000154093018259409,6.36785964507573e-06
30,282,10,0.376986873468687,0.0139619078072366,0.474434623046769,0.00763724319059357,0.00087074254800961,3.59993961411913e-05,0.000153635534262849,6.34954938897542e-06
30,283,10,0.376923531174229,0.0139596947765663,0.47483387412845,0.00766825982323072,0.000868166254195079,3.58959900459801e-05,0.000153181032860398,6.33131692417409e-06
30,284,10,0.376860537114889,0.0139574886985297,0.475231888241354,0.00769927694262943,0.000865606684903409,3.57930193734322e-05,0.000152729481630934,6.31316123778317e-06
30,285,10,0.376797888151794,0.013955289653867,0.475628673071612,0.0077302935624617,0.000863063658842818,3.56904785929244e-05,0.00015228084859737,6.2950813529441e-06
30,286,10,0.376735581187179,0.0139530977189102,0.476024236222108,0.00776130871169729,0.00086053699719695,3.55883623946392e-05,0.000151835102219211,6.27707633178441e-06
30,287,10,0.376673613163702,0.0139509129656005,0.476418585213699,0.00779232143452888,0.000858026523583628,3.54866657042589e-05,0.000151392211385278,6.25914527801071e-06
30,288,10,0.376611981063785,0.0139487354615123,0.476811727486428,0.00782333079029576,0.000855532064014477,3.53853836957572e-05,0.000150952145406589,6.24128733916571e-06
30,289,10,0.376550681908964,0.013946565269882,0.477203670400715,0.00785433585340633,0.00085305344685547,3.52845118022967e-05,0.000150514874009401,6.2235017085514e-06
30,290,10,0.376489712759247,0.0139444024496434,0.477594421238531,0.00788533571325836,0.000850590502788584,3.51840457253998e-05,0.000150080367328444,6.20578762684694e-06
30,291,10,0.376429070712494,0.0139422470554681,0.477983987204558,0.00791632947415829,0.000848143064774518,3.50839814423347e-05,0.000149648595900352,6.18814438341228e-06
30,292,10,0.3763687529038,0.0139400991378106,0.478372375427333,0.0079473162552386,0.000845710968016562,3.49843152119874e-05,0.000149219530657283,6.17057131732408e-06
30,293,10,0.376308756504898,0.0139379587429584,0.47875959296037,0.00797829519037377,0.000843294049925598,3.48850435791263e-05,0.000148793142920752,6.15306781812846e-06
30,294,10,0.376249078723567,0.0139358259130867,0.479145646783276,0.00800926542809467,0.000840892150086433,3.47861633772331e-05,0.000148369404395694,6.13563332634034e-06
30,295,10,0.376189716803057,0.0139337006863172,0.479530543802841,0.00804022613150122,0.00083850511022532,3.46876717299536e-05,0.000147948287164729,6.11826733369953e-06
30,296,10,0.376130668021519,0.0139315830967813,0.479914290854119,0.00807117647817371,0.000836132774178781,3.45895660512715e-05,0.000147529763682673,6.1009693832017e-06
30,297,10,0.376071929691451,0.0139294731746863,0.480296894701486,0.00810211566008241,0.000833774987863733,3.44918440444193e-05,0.000147113806771262,6.08373906890588e-06
30,298,10,0.376013499159152,0.0139273709463861,0.480678362039695,0.00813304288349539,0.00083143159924894,3.43945036996666e-05,0.000146700389614122,6.06657603554449e-06
30,299,10,0.375955373804185,0.0139252764344548,0.481058699494897,0.00816395736888511,0.000829102458327773,3.42975432910558e-05,0.000146289485751962,6.04947997794761e-06
30,300,10,0.375897551038852,0.0139231896577631,0.481437913625667,0.00819485835083304,0.000826787417092247,3.42009613720716e-05,0.000145881069077998,6.03245064027865e-06
30,301,10,0.375840028307675,0.0139211106315581,0.481816010923994,0.00822574507793266,0.000824486329508368,3.41047567704433e-05,0.000145475113833605,6.01548781511765e-06
30,302,10,0.375782803086889,0.0139190393675455,0.482192997816273,0.00825661681269115,0.000822199051492713,3.40089285820631e-05,0.000145071594604185,5.99859134238811e-06
30,303,10,0.375725872883945,0.0139169758739743,0.482568880664275,0.00828747283142869,0.000819925440890239,3.3913476164072e-05,0.000144670486315257,5.98176110813732e-06
30,304,10,0.375669235237015,0.0139149201557234,0.482943665766095,0.00831831242417691,0.00081766535745325,3.38183991272717e-05,0.000144271764228746,5.96499704319735e-06
30,305,10,0.375612887714509,0.0139128722143909,0.483317359357099,0.0083491348945749,0.000815418662821465,3.37236973277917e-05,0.000143875403939467,5.9482991217154e-06
30,306,10,0.375556827914607,0.0139108320483844,0.483689967610844,0.00837993955976369,0.000813185220503149,3.36293708582227e-05,0.000143481381371804,5.93166735958904e-06
30,307,10,0.375501053464783,0.0139087996530137,0.48406149663999,0.00841072575027923,0.000810964895857232,3.35354200381057e-05,0.000143089672776551,5.9151018127884e-06
30,308,10,0.37544556202135,0.0139067750205843,0.484431952497198,0.00844149280994329,0.000808757556076233,3.34418454039704e-05,0.000142700254727902,5.89860257559865e-06
30,309,10,0.375390351269006,0.0139047581404922,0.484801341176005,0.00847224009575246,0.000806563070170121,3.33486476989324e-05,0.000142313104120609,5.88216977878479e-06
30,310,10,0.375335418920388,0.0139027489993202,0.4851696686117,0.00850296697776569,0.000804381308950774,3.32558278618037e-05,0.00014192819816724,5.86580358767009e-06
30,311,10,0.375280762715631,0.0139007475809341,0.485536940682167,0.00853367283898966,0.000802212145017144,3.31633870159548e-05,0.000141545514395563,5.84950420017153e-06
30,312,10,0.375226380421941,0.0138987538665805,0.485903163208732,0.0085643570752625,0.000800055452740827,3.30713264577738e-05,0.000141165030646003,5.83327184476299e-06
30,313,10,0.375172269833162,0.0138967678349844,0.486268341956983,0.0085950190951355,0.000797911108252207,3.29796476448877e-05,0.000140786725069198,5.81710677839782e-06
30,314,10,0.375118428769358,0.0138947894624474,0.486632482637585,0.00862565831975291,0.000795778989426736,3.28883521841748e-05,0.000140410576123582,5.80100928439316e-06
30,315,10,0.375064855076401,0.0138928187229457,0.486995590907076,0.00865627418273027,0.000793658975871538,3.27974418195625e-05,0.000140036562573022,5.78497967027732e-06
30,316,10,0.375011546625563,0.0138908555882281,0.487357672368652,0.00868686613003004,0.000791550948912091,3.27069184196145e-05,0.000139664663484471,5.7690182655998e-06
30,317,10,0.374958501313111,0.0138889000279142,0.487718732572939,0.00871743361983615,0.00078945479157886,3.2616783965096e-05,0.000139294858225612,5.75312541973699e-06
30,318,10,0.374905717059911,0.0138869520095912,0.488078777018752,0.00874797612242626,0.000787370388593926,3.25270405363983e-05,0.000138927126462497,5.7373014996734e-06
30,319,10,0.374853191811039,0.0138850114989107,0.488437811153839,0.00877849312004207,0.000785297626357308,3.24376903008221e-05,0.000138561448157142,5.72154688775801e-06
30,320,10,0.374800923535398,0.0138830784596853,0.488795840375618,0.0088089841067581,0.000783236392933096,3.23487355000142e-05,0.000138197803565077,5.70586197948707e-06
