Seed,Scenario,Method,NRE,DetectionF1,RecoveryMaskF1,LevelMacroF1,rESS,SelectedFraction,InputHash,ReferenceHash,EpsRec
20270001,EB,tSVD-LRA,1.69784874763887,NaN,NaN,NaN,NaN,NaN,-7.560977455042e+02_1.326868885906e+06_2.303708000279e+05_122880,1.313222192919e+01_1.228790014034e+05_9.778147453141e+04_122880,0.001
20270001,EB,HCL-TRPCA,0.00833985356864444,0.990901527147803,0.917358246782289,0.958952788283987,0.82305952880492,0.177294921875,-7.560977455042e+02_1.326868885906e+06_2.303708000279e+05_122880,1.313222192919e+01_1.228790014034e+05_9.778147453141e+04_122880,0.001
20270001,EB,Oracle,0.00780271497638916,NaN,NaN,NaN,NaN,0.150227864583333,-7.560977455042e+02_1.326868885906e+06_2.303708000279e+05_122880,1.313222192919e+01_1.228790014034e+05_9.778147453141e+04_122880,0.001
20270001,ES,tSVD-LRA,1.61018147454987,NaN,NaN,NaN,NaN,NaN,-1.136271915234e+03_1.325894839471e+06_2.303699858437e+05_122880,1.313222192919e+01_1.228790014034e+05_9.778147453141e+04_122880,0.001
20270001,ES,HCL-TRPCA,0.00786576595534475,0.992729035385361,0.985167962799647,0.989249880554228,0.845792305306301,0.1545166015625,-1.136271915234e+03_1.325894839471e+06_2.303699858437e+05_122880,1.313222192919e+01_1.228790014034e+05_9.778147453141e+04_122880,0.001
20270001,ES,Oracle,0.00778979394675915,NaN,NaN,NaN,NaN,0.15,-1.136271915234e+03_1.325894839471e+06_2.303699858437e+05_122880,1.313222192919e+01_1.228790014034e+05_9.778147453141e+04_122880,0.001
20270001,BS,tSVD-LRA,1.94546411927437,NaN,NaN,NaN,NaN,NaN,-1.130343783156e+03_1.734093415674e+06_2.757080269998e+05_122880,1.313222192919e+01_1.228790014034e+05_9.778147453141e+04_122880,0.001
20270001,BS,HCL-TRPCA,0.00833030505804617,0.997660724368799,0.977688187980475,0.991587029322878,0.789930916479782,0.210489908854167,-1.130343783156e+03_1.734093415674e+06_2.757080269998e+05_122880,1.313222192919e+01_1.228790014034e+05_9.778147453141e+04_122880,0.001
20270001,BS,Oracle,0.00821529460400135,NaN,NaN,NaN,NaN,0.201302083333333,-1.130343783156e+03_1.734093415674e+06_2.757080269998e+05_122880,1.313222192919e+01_1.228790014034e+05_9.778147453141e+04_122880,0.001
20270001,EBS,tSVD-LRA,2.14512571980524,NaN,NaN,NaN,NaN,NaN,-1.372031412026e+02_2.134401013282e+06_3.200016062297e+05_122880,1.313222192919e+01_1.228790014034e+05_9.778147453141e+04_122880,0.001
20270001,EBS,HCL-TRPCA,0.0087565297200058,0.999385093368717,0.989585002403461,0.978798044780464,0.743921218514075,0.256591796875,-1.372031412026e+02_2.134401013282e+06_3.200016062297e+05_122880,1.313222192919e+01_1.228790014034e+05_9.778147453141e+04_122880,0.001
20270001,EBS,Oracle,0.00865442455601009,NaN,NaN,NaN,NaN,0.251302083333333,-1.372031412026e+02_2.134401013282e+06_3.200016062297e+05_122880,1.313222192919e+01_1.228790014034e+05_9.778147453141e+04_122880,0.001
20270002,EB,tSVD-LRA,1.6781558124419,NaN,NaN,NaN,NaN,NaN,-4.483430038618e+02_1.334328386684e+06_2.315820013339e+05_122880,1.133078451588e+02_1.228791044813e+05_9.790962704290e+04_122880,0.001
20270002,EB,HCL-TRPCA,0.00900312244511702,0.988053744845018,0.900070287694806,0.955587484076314,0.815709346010962,0.184659830729167,-4.483430038618e+02_1.334328386684e+06_2.315820013339e+05_122880,1.133078451588e+02_1.228791044813e+05_9.790962704290e+04_122880,0.001
20270002,EB,Oracle,0.00781790427527737,NaN,NaN,NaN,NaN,0.151106770833333,-4.483430038618e+02_1.334328386684e+06_2.315820013339e+05_122880,1.133078451588e+02_1.228791044813e+05_9.790962704290e+04_122880,0.001
20270002,ES,tSVD-LRA,1.60783072774857,NaN,NaN,NaN,NaN,NaN,-1.231163552551e+03_1.324353909423e+06_2.305270128833e+05_122880,1.133078451588e+02_1.228791044813e+05_9.790962704290e+04_122880,0.001
20270002,ES,HCL-TRPCA,0.00787392782793279,0.992996444348669,0.988841201716738,0.989639783232388,0.846921228515299,0.153385416666667,-1.231163552551e+03_1.324353909423e+06_2.305270128833e+05_122880,1.133078451588e+02_1.228791044813e+05_9.790962704290e+04_122880,0.001
20270002,ES,Oracle,0.00781722767141508,NaN,NaN,NaN,NaN,0.15,-1.231163552551e+03_1.324353909423e+06_2.305270128833e+05_122880,1.133078451588e+02_1.228791044813e+05_9.790962704290e+04_122880,0.001
20270002,BS,tSVD-LRA,1.93275668864079,NaN,NaN,NaN,NaN,NaN,-1.044629294955e+03_1.730282224005e+06_2.750649227121e+05_122880,1.133078451588e+02_1.228791044813e+05_9.790962704290e+04_122880,0.001
20270002,BS,HCL-TRPCA,0.0083438786507682,0.997810396561512,0.982374897702549,0.990698635799917,0.792968450258627,0.2074462890625,-1.044629294955e+03_1.730282224005e+06_2.750649227121e+05_122880,1.133078451588e+02_1.228791044813e+05_9.790962704290e+04_122880,0.001
20270002,BS,Oracle,0.008251139427105,NaN,NaN,NaN,NaN,0.200260416666667,-1.044629294955e+03_1.730282224005e+06_2.750649227121e+05_122880,1.133078451588e+02_1.228791044813e+05_9.790962704290e+04_122880,0.001
20270002,EBS,tSVD-LRA,2.1406131179677,NaN,NaN,NaN,NaN,NaN,-4.850627437526e+02_2.127449141175e+06_3.190194897318e+05_122880,1.133078451588e+02_1.228791044813e+05_9.790962704290e+04_122880,0.001
20270002,EBS,HCL-TRPCA,0.00882181288047371,0.999415014624634,0.988683127572016,0.978318972630754,0.744522227745268,0.255989583333333,-4.850627437526e+02_2.127449141175e+06_3.190194897318e+05_122880,1.133078451588e+02_1.228791044813e+05_9.790962704290e+04_122880,0.001
20270002,EBS,Oracle,0.00870384228256718,NaN,NaN,NaN,NaN,0.250260416666667,-4.850627437526e+02_2.127449141175e+06_3.190194897318e+05_122880,1.133078451588e+02_1.228791044813e+05_9.790962704290e+04_122880,0.001
20270003,EB,tSVD-LRA,1.69359603590479,NaN,NaN,NaN,NaN,NaN,1.118871411818e+03_1.325348111478e+06_2.303894748757e+05_122880,1.059769170021e+02_1.228790913990e+05_9.779600307243e+04_122880,0.001
20270003,EB,HCL-TRPCA,0.00823278613237907,0.991879537510083,0.915584899103974,0.95888432168829,0.822580345611265,0.177775065104167,1.118871411818e+03_1.325348111478e+06_2.303894748757e+05_122880,1.059769170021e+02_1.228790913990e+05_9.779600307243e+04_122880,0.001
20270003,EB,Oracle,0.00779973858328034,NaN,NaN,NaN,NaN,0.15009765625,1.118871411818e+03_1.325348111478e+06_2.303894748757e+05_122880,1.059769170021e+02_1.228790913990e+05_9.779600307243e+04_122880,0.001
20270003,ES,tSVD-LRA,1.62916774297975,NaN,NaN,NaN,NaN,NaN,8.653625420116e+02_1.326902387069e+06_2.304882760054e+05_122880,1.059769170021e+02_1.228790913990e+05_9.779600307243e+04_122880,0.001
20270003,ES,HCL-TRPCA,0.00787046168157006,0.993692382338671,0.990089436789944,0.990656444657403,0.847302950752387,0.1530029296875,8.653625420116e+02_1.326902387069e+06_2.304882760054e+05_122880,1.059769170021e+02_1.228790913990e+05_9.779600307243e+04_122880,0.001
20270003,ES,Oracle,0.00779177339714687,NaN,NaN,NaN,NaN,0.15,8.653625420116e+02_1.326902387069e+06_2.304882760054e+05_122880,1.059769170021e+02_1.228790913990e+05_9.779600307243e+04_122880,0.001
20270003,BS,tSVD-LRA,1.92303821454246,NaN,NaN,NaN,NaN,NaN,-2.011550553818e+02_1.725365069812e+06_2.748808844347e+05_122880,1.059769170021e+02_1.228790913990e+05_9.779600307243e+04_122880,0.001
20270003,BS,HCL-TRPCA,0.0083152525324588,0.997934135374894,0.977114980367271,0.992479039947394,0.790540047582167,0.209879557291667,-2.011550553818e+02_1.725365069812e+06_2.748808844347e+05_122880,1.059769170021e+02_1.228790913990e+05_9.779600307243e+04_122880,0.001
20270003,BS,Oracle,0.00816663804881684,NaN,NaN,NaN,NaN,0.20048828125,-2.011550553818e+02_1.725365069812e+06_2.748808844347e+05_122880,1.059769170021e+02_1.228790913990e+05_9.779600307243e+04_122880,0.001
20270003,EBS,tSVD-LRA,2.13175085793758,NaN,NaN,NaN,NaN,NaN,4.021466537445e+02_2.127770305477e+06_3.191471843229e+05_122880,1.059769170021e+02_1.228790913990e+05_9.779600307243e+04_122880,0.001
20270003,EBS,HCL-TRPCA,0.00868723613507067,0.999480452006754,0.992967288212143,0.980417084595657,0.746471446885535,0.254036458333333,4.021466537445e+02_2.127770305477e+06_3.191471843229e+05_122880,1.059769170021e+02_1.228790913990e+05_9.779600307243e+04_122880,0.001
20270003,EBS,Oracle,0.00861054424328999,NaN,NaN,NaN,NaN,0.25048828125,4.021466537445e+02_2.127770305477e+06_3.191471843229e+05_122880,1.059769170021e+02_1.228790913990e+05_9.779600307243e+04_122880,0.001
20270004,EB,tSVD-LRA,1.66900631961588,NaN,NaN,NaN,NaN,NaN,1.186818039082e+03_1.326469338037e+06_2.306521812507e+05_122880,-7.283138088285e+02_1.228833167399e+05_9.785222633724e+04_122880,0.001
20270004,EB,HCL-TRPCA,0.00809771538401044,0.992630050029587,0.945771399282419,0.958893736280232,0.832951819324236,0.1673828125,1.186818039082e+03_1.326469338037e+06_2.306521812507e+05_122880,-7.283138088285e+02_1.228833167399e+05_9.785222633724e+04_122880,0.001
20270004,EB,Oracle,0.00779614423936555,NaN,NaN,NaN,NaN,0.150162760416667,1.186818039082e+03_1.326469338037e+06_2.306521812507e+05_122880,-7.283138088285e+02_1.228833167399e+05_9.785222633724e+04_122880,0.001
20270004,ES,tSVD-LRA,1.61176965132471,NaN,NaN,NaN,NaN,NaN,1.229243884372e+03_1.330175490927e+06_2.308348556942e+05_122880,-7.283138088285e+02_1.228833167399e+05_9.785222633724e+04_122880,0.001
20270004,ES,HCL-TRPCA,0.00782636377381104,0.992622112122355,0.988496500683774,0.989094093297246,0.846815645768955,0.1534912109375,1.229243884372e+03_1.330175490927e+06_2.308348556942e+05_122880,-7.283138088285e+02_1.228833167399e+05_9.785222633724e+04_122880,0.001
20270004,ES,Oracle,0.00773923945536851,NaN,NaN,NaN,NaN,0.15,1.229243884372e+03_1.330175490927e+06_2.308348556942e+05_122880,-7.283138088285e+02_1.228833167399e+05_9.785222633724e+04_122880,0.001
20270004,BS,tSVD-LRA,1.93026134237186,NaN,NaN,NaN,NaN,NaN,-2.739186911175e+01_1.729076377335e+06_2.749690845634e+05_122880,-7.283138088285e+02_1.228833167399e+05_9.785222633724e+04_122880,0.001
20270004,BS,HCL-TRPCA,0.008365922493011,0.997586353771576,0.977774243568844,0.992473295665443,0.791189787426373,0.209228515625,-2.739186911175e+01_1.729076377335e+06_2.749690845634e+05_122880,-7.283138088285e+02_1.228833167399e+05_9.785222633724e+04_122880,0.001
20270004,BS,Oracle,0.00817840728001108,NaN,NaN,NaN,NaN,0.200130208333333,-2.739186911175e+01_1.729076377335e+06_2.749690845634e+05_122880,-7.283138088285e+02_1.228833167399e+05_9.785222633724e+04_122880,0.001
20270004,EBS,tSVD-LRA,2.13730351060197,NaN,NaN,NaN,NaN,NaN,1.079871032099e+03_2.127975985872e+06_3.191637897451e+05_122880,-7.283138088285e+02_1.228833167399e+05_9.785222633724e+04_122880,0.001
20270004,EBS,HCL-TRPCA,0.00871546636823391,0.999284738929709,0.993037494144064,0.979297740239632,0.746869412462265,0.2536376953125,1.079871032099e+03_2.127975985872e+06_3.191637897451e+05_122880,-7.283138088285e+02_1.228833167399e+05_9.785222633724e+04_122880,0.001
20270004,EBS,Oracle,0.00863568275424837,NaN,NaN,NaN,NaN,0.250130208333333,1.079871032099e+03_2.127975985872e+06_3.191637897451e+05_122880,-7.283138088285e+02_1.228833167399e+05_9.785222633724e+04_122880,0.001
20270005,EB,tSVD-LRA,1.67832177235037,NaN,NaN,NaN,NaN,NaN,-1.024992332993e+02_1.326093936978e+06_2.306055439629e+05_122880,5.360431508946e+02_1.228813383973e+05_9.798634128682e+04_122880,0.001
20270005,EB,HCL-TRPCA,0.0082689243571105,0.990568319226119,0.934827813561901,0.959593965825646,0.829426980134075,0.170914713541667,-1.024992332993e+02_1.326093936978e+06_2.306055439629e+05_122880,5.360431508946e+02_1.228813383973e+05_9.798634128682e+04_122880,0.001
20270005,EB,Oracle,0.00784418027101915,NaN,NaN,NaN,NaN,0.15,-1.024992332993e+02_1.326093936978e+06_2.306055439629e+05_122880,5.360431508946e+02_1.228813383973e+05_9.798634128682e+04_122880,0.001
20270005,ES,tSVD-LRA,1.61012965141626,NaN,NaN,NaN,NaN,NaN,-7.422019408131e+02_1.327493700774e+06_2.306261140508e+05_122880,5.360431508946e+02_1.228813383973e+05_9.798634128682e+04_122880,0.001
20270005,ES,HCL-TRPCA,0.00790506797854918,0.991794237133095,0.985852967132886,0.987890097673311,0.84600347079831,0.154305013020833,-7.422019408131e+02_1.327493700774e+06_2.306261140508e+05_122880,5.360431508946e+02_1.228813383973e+05_9.798634128682e+04_122880,0.001
20270005,ES,Oracle,0.00779671366221508,NaN,NaN,NaN,NaN,0.15,-7.422019408131e+02_1.327493700774e+06_2.306261140508e+05_122880,5.360431508946e+02_1.228813383973e+05_9.798634128682e+04_122880,0.001
20270005,BS,tSVD-LRA,1.93753357035955,NaN,NaN,NaN,NaN,NaN,-9.695296182654e+02_1.727753384244e+06_2.749906463494e+05_122880,5.360431508946e+02_1.228813383973e+05_9.798634128682e+04_122880,0.001
20270005,BS,HCL-TRPCA,0.00831077008965404,0.997526057509024,0.986068514843546,0.992015679801939,0.794592799888253,0.205818684895833,-9.695296182654e+02_1.727753384244e+06_2.749906463494e+05_122880,5.360431508946e+02_1.228813383973e+05_9.798634128682e+04_122880,0.001
20270005,BS,Oracle,0.00823893913186799,NaN,NaN,NaN,NaN,0.200162760416667,-9.695296182654e+02_1.727753384244e+06_2.749906463494e+05_122880,5.360431508946e+02_1.228813383973e+05_9.798634128682e+04_122880,0.001
20270005,EBS,tSVD-LRA,2.13610994342634,NaN,NaN,NaN,NaN,NaN,1.733591349664e+02_2.132877827048e+06_3.195513103242e+05_122880,5.360431508946e+02_1.228813383973e+05_9.798634128682e+04_122880,0.001
20270005,EBS,HCL-TRPCA,0.00867453097510181,0.999544774663458,0.994484074990699,0.980453096082827,0.747567882660005,0.252937825520833,1.733591349664e+02_2.132877827048e+06_3.195513103242e+05_122880,5.360431508946e+02_1.228813383973e+05_9.798634128682e+04_122880,0.001
20270005,EBS,Oracle,0.00862364492560727,NaN,NaN,NaN,NaN,0.250162760416667,1.733591349664e+02_2.132877827048e+06_3.195513103242e+05_122880,5.360431508946e+02_1.228813383973e+05_9.798634128682e+04_122880,0.001
20270006,EB,tSVD-LRA,1.68441689980267,NaN,NaN,NaN,NaN,NaN,9.071605152446e+02_1.339647498746e+06_2.315485248785e+05_122880,3.269508387403e+02_1.228798699288e+05_9.773387518251e+04_122880,0.001
20270006,EB,HCL-TRPCA,0.00809431421866826,0.99130202060752,0.94446427660768,0.961225148796729,0.831895991912495,0.168440755208333,9.071605152446e+02_1.339647498746e+06_2.315485248785e+05_122880,3.269508387403e+02_1.228798699288e+05_9.773387518251e+04_122880,0.001
20270006,EB,Oracle,0.00779714852134651,NaN,NaN,NaN,NaN,0.150716145833333,9.071605152446e+02_1.339647498746e+06_2.315485248785e+05_122880,3.269508387403e+02_1.228798699288e+05_9.773387518251e+04_122880,0.001
20270006,ES,tSVD-LRA,1.61991079537816,NaN,NaN,NaN,NaN,NaN,1.395075398337e+03_1.329172466255e+06_2.305472324265e+05_122880,3.269508387403e+02_1.228798699288e+05_9.773387518251e+04_122880,0.001
20270006,ES,HCL-TRPCA,0.00789726428153477,0.992541934789047,0.985431313320324,0.988977317946677,0.84587352280321,0.154435221354167,1.395075398337e+03_1.329172466255e+06_2.305472324265e+05_122880,3.269508387403e+02_1.228798699288e+05_9.773387518251e+04_122880,0.001
20270006,ES,Oracle,0.0077733358632206,NaN,NaN,NaN,NaN,0.15,1.395075398337e+03_1.329172466255e+06_2.305472324265e+05_122880,3.269508387403e+02_1.228798699288e+05_9.773387518251e+04_122880,0.001
20270006,BS,tSVD-LRA,1.94255311045126,NaN,NaN,NaN,NaN,NaN,1.243732442699e+03_1.729428172191e+06_2.750223310252e+05_122880,3.269508387403e+02_1.228798699288e+05_9.773387518251e+04_122880,0.001
20270006,BS,HCL-TRPCA,0.00835401024018708,0.997631435107395,0.976828083807409,0.991981248457932,0.79038573436942,0.2100341796875,1.243732442699e+03_1.729428172191e+06_2.750223310252e+05_122880,3.269508387403e+02_1.228798699288e+05_9.773387518251e+04_122880,0.001
20270006,BS,Oracle,0.00824303842966683,NaN,NaN,NaN,NaN,0.200520833333333,1.243732442699e+03_1.729428172191e+06_2.750223310252e+05_122880,3.269508387403e+02_1.228798699288e+05_9.773387518251e+04_122880,0.001
20270006,EBS,tSVD-LRA,2.14076518853247,NaN,NaN,NaN,NaN,NaN,-1.594896379275e+03_2.139195227220e+06_3.198363954671e+05_122880,3.269508387403e+02_1.228798699288e+05_9.773387518251e+04_122880,0.001
20270006,EBS,HCL-TRPCA,0.0105916480847929,0.995086630462891,0.984064572844242,0.973271862659333,0.741882660188987,0.258634440104167,-1.594896379275e+03_2.139195227220e+06_3.198363954671e+05_122880,3.269508387403e+02_1.228798699288e+05_9.773387518251e+04_122880,0.001
20270006,EBS,Oracle,0.00865444565333177,NaN,NaN,NaN,NaN,0.250520833333333,-1.594896379275e+03_2.139195227220e+06_3.198363954671e+05_122880,3.269508387403e+02_1.228798699288e+05_9.773387518251e+04_122880,0.001
20270007,EB,tSVD-LRA,1.69300397426858,NaN,NaN,NaN,NaN,NaN,-2.036219923449e+02_1.333913998402e+06_2.310958213170e+05_122880,5.256609202729e+02_1.228812486931e+05_9.792600950947e+04_122880,0.001
20270007,EB,HCL-TRPCA,0.00861690419086453,0.988090458985682,0.921433562942997,0.954281616865818,0.824505200139927,0.175846354166667,-2.036219923449e+02_1.333913998402e+06_2.310958213170e+05_122880,5.256609202729e+02_1.228812486931e+05_9.792600950947e+04_122880,0.001
20270007,EB,Oracle,0.00777143525525528,NaN,NaN,NaN,NaN,0.150227864583333,-2.036219923449e+02_1.333913998402e+06_2.310958213170e+05_122880,5.256609202729e+02_1.228812486931e+05_9.792600950947e+04_122880,0.001
20270007,ES,tSVD-LRA,1.62323752807845,NaN,NaN,NaN,NaN,NaN,-3.959758556990e+02_1.330392036155e+06_2.308676019896e+05_122880,5.256609202729e+02_1.228812486931e+05_9.792600950947e+04_122880,0.001
20270007,ES,HCL-TRPCA,0.00785619682083998,0.992515211889505,0.989903329752954,0.988938405220436,0.84724609850428,0.153059895833333,-3.959758556990e+02_1.330392036155e+06_2.308676019896e+05_122880,5.256609202729e+02_1.228812486931e+05_9.792600950947e+04_122880,0.001
20270007,ES,Oracle,0.0077732665707106,NaN,NaN,NaN,NaN,0.15,-3.959758556990e+02_1.330392036155e+06_2.308676019896e+05_122880,5.256609202729e+02_1.228812486931e+05_9.792600950947e+04_122880,0.001
20270007,BS,tSVD-LRA,1.93876354721259,NaN,NaN,NaN,NaN,NaN,-1.190929011545e+03_1.732146236844e+06_2.751836260696e+05_122880,5.256609202729e+02_1.228812486931e+05_9.792600950947e+04_122880,0.001
20270007,BS,HCL-TRPCA,0.00824813633273637,0.99767031987521,0.986301369863014,0.991762089134196,0.794454730169323,0.20595703125,-1.190929011545e+03_1.732146236844e+06_2.751836260696e+05_122880,5.256609202729e+02_1.228812486931e+05_9.792600950947e+04_122880,0.001
20270007,BS,Oracle,0.00816360690112976,NaN,NaN,NaN,NaN,0.200390625,-1.190929011545e+03_1.732146236844e+06_2.751836260696e+05_122880,5.256609202729e+02_1.228812486931e+05_9.792600950947e+04_122880,0.001
20270007,EBS,tSVD-LRA,2.15106391420656,NaN,NaN,NaN,NaN,NaN,-1.452301461632e+03_2.134016608603e+06_3.195411366950e+05_122880,5.256609202729e+02_1.228812486931e+05_9.792600950947e+04_122880,0.001
20270007,EBS,HCL-TRPCA,0.0087218576842082,0.99933416697793,0.988482482771915,0.979473589054757,0.744286697100402,0.2562255859375,-1.452301461632e+03_2.134016608603e+06_3.195411366950e+05_122880,5.256609202729e+02_1.228812486931e+05_9.792600950947e+04_122880,0.001
20270007,EBS,Oracle,0.00861465923413234,NaN,NaN,NaN,NaN,0.250390625,-1.452301461632e+03_2.134016608603e+06_3.195411366950e+05_122880,5.256609202729e+02_1.228812486931e+05_9.792600950947e+04_122880,0.001
20270008,EB,tSVD-LRA,1.69369780594669,NaN,NaN,NaN,NaN,NaN,-5.819687419676e+02_1.336517560425e+06_2.317404413384e+05_122880,1.366201391827e+01_1.228790015190e+05_9.783448892493e+04_122880,0.001
20270008,EB,HCL-TRPCA,0.00835466798092916,0.99070349750939,0.923657676451597,0.958151362589871,0.824001651696547,0.176350911458333,-5.819687419676e+02_1.336517560425e+06_2.317404413384e+05_122880,1.366201391827e+01_1.228790015190e+05_9.783448892493e+04_122880,0.001
20270008,EB,Oracle,0.00780857754339176,NaN,NaN,NaN,NaN,0.151334635416667,-5.819687419676e+02_1.336517560425e+06_2.317404413384e+05_122880,1.366201391827e+01_1.228790015190e+05_9.783448892493e+04_122880,0.001
20270008,ES,tSVD-LRA,1.61422367997322,NaN,NaN,NaN,NaN,NaN,-2.115859818868e+02_1.323903428759e+06_2.305699404458e+05_122880,1.366201391827e+01_1.228790015190e+05_9.783448892493e+04_122880,0.001
20270008,ES,HCL-TRPCA,0.00797337513451873,0.992942951031622,0.976245332485898,0.989561752988048,0.843014666925209,0.1572998046875,-2.115859818868e+02_1.323903428759e+06_2.305699404458e+05_122880,1.366201391827e+01_1.228790015190e+05_9.783448892493e+04_122880,0.001
20270008,ES,Oracle,0.00782208188091483,NaN,NaN,NaN,NaN,0.15,-2.115859818868e+02_1.323903428759e+06_2.305699404458e+05_122880,1.366201391827e+01_1.228790015190e+05_9.783448892493e+04_122880,0.001
20270008,BS,tSVD-LRA,1.9288773468671,NaN,NaN,NaN,NaN,NaN,-1.287347264411e+03_1.745113676662e+06_2.763572620368e+05_122880,1.366201391827e+01_1.228790015190e+05_9.783448892493e+04_122880,0.001
20270008,BS,HCL-TRPCA,0.00826959937057362,0.997801222439634,0.984181937563421,0.99073278507426,0.792676067326421,0.2077392578125,-1.287347264411e+03_1.745113676662e+06_2.763572620368e+05_122880,1.366201391827e+01_1.228790015190e+05_9.783448892493e+04_122880,0.001
20270008,BS,Oracle,0.00820195759751333,NaN,NaN,NaN,NaN,0.20126953125,-1.287347264411e+03_1.745113676662e+06_2.763572620368e+05_122880,1.366201391827e+01_1.228790015190e+05_9.783448892493e+04_122880,0.001
20270008,EBS,tSVD-LRA,2.13887019270044,NaN,NaN,NaN,NaN,NaN,7.482212518959e+02_2.139923477278e+06_3.202218564460e+05_122880,1.366201391827e+01_1.228790015190e+05_9.783448892493e+04_122880,0.001
20270008,EBS,HCL-TRPCA,0.00875445693852945,0.999320322361394,0.992255037439342,0.978023427863555,0.745318158891985,0.255192057291667,7.482212518959e+02_2.139923477278e+06_3.202218564460e+05_122880,1.366201391827e+01_1.228790015190e+05_9.783448892493e+04_122880,0.001
20270008,EBS,Oracle,0.00864796779205655,NaN,NaN,NaN,NaN,0.25126953125,7.482212518959e+02_2.139923477278e+06_3.202218564460e+05_122880,1.366201391827e+01_1.228790015190e+05_9.783448892493e+04_122880,0.001
20270009,EB,tSVD-LRA,1.69191068754325,NaN,NaN,NaN,NaN,NaN,-1.052400191851e+03_1.319894607208e+06_2.301776093415e+05_122880,-1.474017343270e+02_1.228791768170e+05_9.788591892843e+04_122880,0.001
20270009,EB,HCL-TRPCA,0.00874610140978648,0.989005095199785,0.901469042555792,0.956455132640593,0.817496130760382,0.182869466145833,-1.052400191851e+03_1.319894607208e+06_2.301776093415e+05_122880,-1.474017343270e+02_1.228791768170e+05_9.788591892843e+04_122880,0.001
20270009,EB,Oracle,0.00781004238475019,NaN,NaN,NaN,NaN,0.150065104166667,-1.052400191851e+03_1.319894607208e+06_2.301776093415e+05_122880,-1.474017343270e+02_1.228791768170e+05_9.788591892843e+04_122880,0.001
20270009,ES,tSVD-LRA,1.61012478098617,NaN,NaN,NaN,NaN,NaN,-1.283548810014e+03_1.322175951338e+06_2.303240551312e+05_122880,-1.474017343270e+02_1.228791768170e+05_9.788591892843e+04_122880,0.001
20270009,ES,HCL-TRPCA,0.00785485047220466,0.992996444348669,0.989531325495249,0.989639783232388,0.847132394008096,0.153173828125,-1.283548810014e+03_1.322175951338e+06_2.303240551312e+05_122880,-1.474017343270e+02_1.228791768170e+05_9.788591892843e+04_122880,0.001
20270009,ES,Oracle,0.00775423152048499,NaN,NaN,NaN,NaN,0.15,-1.283548810014e+03_1.322175951338e+06_2.303240551312e+05_122880,-1.474017343270e+02_1.228791768170e+05_9.788591892843e+04_122880,0.001
20270009,BS,tSVD-LRA,1.92643171185346,NaN,NaN,NaN,NaN,NaN,-4.299986431418e+03_1.736058090689e+06_2.757841499153e+05_122880,-1.474017343270e+02_1.228791768170e+05_9.788591892843e+04_122880,0.001
20270009,BS,HCL-TRPCA,0.00828334227138967,0.997693894890157,0.986123885312113,0.991514279843846,0.794081129753779,0.206331380208333,-4.299986431418e+03_1.736058090689e+06_2.757841499153e+05_122880,-1.474017343270e+02_1.228791768170e+05_9.788591892843e+04_122880,0.001
20270009,BS,Oracle,0.00819150370916872,NaN,NaN,NaN,NaN,0.20068359375,-4.299986431418e+03_1.736058090689e+06_2.757841499153e+05_122880,-1.474017343270e+02_1.228791768170e+05_9.788591892843e+04_122880,0.001
20270009,EBS,tSVD-LRA,2.13216521975562,NaN,NaN,NaN,NaN,NaN,6.112665610048e+02_2.125979753310e+06_3.192982372825e+05_122880,-1.474017343270e+02_1.228791768170e+05_9.788591892843e+04_122880,0.001
20270009,EBS,HCL-TRPCA,0.00863081726385838,0.999367365808555,0.993901848804569,0.97912430100525,0.746747586265225,0.253759765625,6.112665610048e+02_2.125979753310e+06_3.192982372825e+05_122880,-1.474017343270e+02_1.228791768170e+05_9.788591892843e+04_122880,0.001
20270009,EBS,Oracle,0.0085723256505258,NaN,NaN,NaN,NaN,0.25068359375,6.112665610048e+02_2.125979753310e+06_3.192982372825e+05_122880,-1.474017343270e+02_1.228791768170e+05_9.788591892843e+04_122880,0.001
20270010,EB,tSVD-LRA,1.69599639051078,NaN,NaN,NaN,NaN,NaN,1.766298124997e+03_1.329020476038e+06_2.310923673548e+05_122880,-1.523334022268e+02_1.228791888466e+05_9.794995269107e+04_122880,0.001
20270010,EB,HCL-TRPCA,0.0114427183493719,0.974900576786326,0.911499630632849,0.93725268874052,0.820493056116381,0.179866536458333,1.766298124997e+03_1.329020476038e+06_2.310923673548e+05_122880,-1.523334022268e+02_1.228791888466e+05_9.794995269107e+04_122880,0.001
20270010,EB,Oracle,0.00783248924301429,NaN,NaN,NaN,NaN,0.150618489583333,1.766298124997e+03_1.329020476038e+06_2.310923673548e+05_122880,-1.523334022268e+02_1.228791888466e+05_9.794995269107e+04_122880,0.001
20270010,ES,tSVD-LRA,1.61117088985404,NaN,NaN,NaN,NaN,NaN,1.155363783813e+03_1.324005018340e+06_2.305298470397e+05_122880,-1.523334022268e+02_1.228791888466e+05_9.794995269107e+04_122880,0.001
20270010,ES,HCL-TRPCA,0.00785879703913409,0.992408334679373,0.990994381569397,0.988782816229117,0.847579090243347,0.152726236979167,1.155363783813e+03_1.324005018340e+06_2.305298470397e+05_122880,-1.523334022268e+02_1.228791888466e+05_9.794995269107e+04_122880,0.001
20270010,ES,Oracle,0.0077964301839768,NaN,NaN,NaN,NaN,0.15,1.155363783813e+03_1.324005018340e+06_2.305298470397e+05_122880,-1.523334022268e+02_1.228791888466e+05_9.794995269107e+04_122880,0.001
20270010,BS,tSVD-LRA,1.92684766417424,NaN,NaN,NaN,NaN,NaN,-6.051623489015e+02_1.741742359242e+06_2.761697251970e+05_122880,-1.523334022268e+02_1.228791888466e+05_9.794995269107e+04_122880,0.001
20270010,BS,HCL-TRPCA,0.00829850662696621,0.997817476355994,0.991107810273189,0.991512219124159,0.795892279599556,0.2045166015625,-6.051623489015e+02_1.741742359242e+06_2.761697251970e+05_122880,-1.523334022268e+02_1.228791888466e+05_9.794995269107e+04_122880,0.001
20270010,BS,Oracle,0.00824129834645419,NaN,NaN,NaN,NaN,0.200911458333333,-6.051623489015e+02_1.741742359242e+06_2.761697251970e+05_122880,-1.523334022268e+02_1.228791888466e+05_9.794995269107e+04_122880,0.001
20270010,EBS,tSVD-LRA,2.14093176577687,NaN,NaN,NaN,NaN,NaN,2.545046721098e+03_2.132616996040e+06_3.197014973857e+05_122880,-1.523334022268e+02_1.228791888466e+05_9.794995269107e+04_122880,0.001
20270010,EBS,HCL-TRPCA,0.00876673669378325,0.999384136656834,0.995736984885674,0.978966739807228,0.747446056462555,0.253059895833333,2.545046721098e+03_2.132616996040e+06_3.197014973857e+05_122880,-1.523334022268e+02_1.228791888466e+05_9.794995269107e+04_122880,0.001
20270010,EBS,Oracle,0.00872213683278103,NaN,NaN,NaN,NaN,0.250911458333333,2.545046721098e+03_2.132616996040e+06_3.197014973857e+05_122880,-1.523334022268e+02_1.228791888466e+05_9.794995269107e+04_122880,0.001
20270011,EB,tSVD-LRA,1.71393593011549,NaN,NaN,NaN,NaN,NaN,-1.140191679905e+03_1.330324438564e+06_2.308600137135e+05_122880,-4.861008589523e+02_1.228809229659e+05_9.781431127857e+04_122880,0.001
20270011,EB,HCL-TRPCA,0.0177803246177012,0.951639111707204,0.879879808265567,0.909257919629688,0.809260677514074,0.191121419270833,-1.140191679905e+03_1.330324438564e+06_2.308600137135e+05_122880,-4.861008589523e+02_1.228809229659e+05_9.781431127857e+04_122880,0.001
20270011,EB,Oracle,0.00782071847451283,NaN,NaN,NaN,NaN,0.150130208333333,-1.140191679905e+03_1.330324438564e+06_2.308600137135e+05_122880,-4.861008589523e+02_1.228809229659e+05_9.781431127857e+04_122880,0.001
20270011,ES,tSVD-LRA,1.62854883204329,NaN,NaN,NaN,NaN,NaN,-3.796397912854e+02_1.332576834673e+06_2.309801478989e+05_122880,-4.861008589523e+02_1.228809229659e+05_9.781431127857e+04_122880,0.001
20270011,ES,HCL-TRPCA,0.00788302167180282,0.992782505655499,0.98947820485291,0.989327811404906,0.847116150508646,0.153190104166667,-3.796397912854e+02_1.332576834673e+06_2.309801478989e+05_122880,-4.861008589523e+02_1.228809229659e+05_9.781431127857e+04_122880,0.001
20270011,ES,Oracle,0.00779267567305666,NaN,NaN,NaN,NaN,0.15,-3.796397912854e+02_1.332576834673e+06_2.309801478989e+05_122880,-4.861008589523e+02_1.228809229659e+05_9.781431127857e+04_122880,0.001
20270011,BS,tSVD-LRA,1.92651946364953,NaN,NaN,NaN,NaN,NaN,1.990252498991e+03_1.737761963770e+06_2.758962355666e+05_122880,-4.861008589523e+02_1.228809229659e+05_9.781431127857e+04_122880,0.001
20270011,BS,HCL-TRPCA,0.00835011284897997,0.997397567027779,0.97661188369153,0.991702771192676,0.789614168307138,0.210807291666667,1.990252498991e+03_1.737761963770e+06_2.758962355666e+05_122880,-4.861008589523e+02_1.228809229659e+05_9.781431127857e+04_122880,0.001
20270011,BS,Oracle,0.00822139809091371,NaN,NaN,NaN,NaN,0.201171875,1.990252498991e+03_1.737761963770e+06_2.758962355666e+05_122880,-4.861008589523e+02_1.228809229659e+05_9.781431127857e+04_122880,0.001
20270011,EBS,tSVD-LRA,2.15000451028441,NaN,NaN,NaN,NaN,NaN,-1.729509086086e+03_2.138117751530e+06_3.200663616588e+05_122880,-4.861008589523e+02_1.228809229659e+05_9.781431127857e+04_122880,0.001
20270011,EBS,HCL-TRPCA,0.00876721743429849,0.999174476763949,0.987979961266986,0.979665264922209,0.743230870075014,0.257283528645833,-1.729509086086e+03_2.138117751530e+06_3.200663616588e+05_122880,-4.861008589523e+02_1.228809229659e+05_9.781431127857e+04_122880,0.001
20270011,EBS,Oracle,0.00866969063414616,NaN,NaN,NaN,NaN,0.251171875,-1.729509086086e+03_2.138117751530e+06_3.200663616588e+05_122880,-4.861008589523e+02_1.228809229659e+05_9.781431127857e+04_122880,0.001
20270012,EB,tSVD-LRA,1.68591471996255,NaN,NaN,NaN,NaN,NaN,-5.460750043318e+02_1.338411579674e+06_2.317827526753e+05_122880,6.740501412215e+02_1.228826974576e+05_9.801657025247e+04_122880,0.001
20270012,EB,HCL-TRPCA,0.00974921598873585,0.981426035346175,0.912202930673562,0.944978372655188,0.820631125849017,0.179728190104167,-5.460750043318e+02_1.338411579674e+06_2.317827526753e+05_122880,6.740501412215e+02_1.228826974576e+05_9.801657025247e+04_122880,0.001
20270012,EB,Oracle,0.00769570663571125,NaN,NaN,NaN,NaN,0.150716145833333,-5.460750043318e+02_1.338411579674e+06_2.317827526753e+05_122880,6.740501412215e+02_1.228826974576e+05_9.801657025247e+04_122880,0.001
20270012,ES,tSVD-LRA,1.63240676088963,NaN,NaN,NaN,NaN,NaN,-7.246941420335e+02_1.329279880568e+06_2.309531436739e+05_122880,6.740501412215e+02_1.228826974576e+05_9.801657025247e+04_122880,0.001
20270012,ES,HCL-TRPCA,0.00777249577045406,0.992167945094873,0.985404971932638,0.988433102790365,0.845865401053518,0.154443359375,-7.246941420335e+02_1.329279880568e+06_2.309531436739e+05_122880,6.740501412215e+02_1.228826974576e+05_9.801657025247e+04_122880,0.001
20270012,ES,Oracle,0.00765086010317596,NaN,NaN,NaN,NaN,0.15,-7.246941420335e+02_1.329279880568e+06_2.309531436739e+05_122880,6.740501412215e+02_1.228826974576e+05_9.801657025247e+04_122880,0.001
20270012,BS,tSVD-LRA,1.91492044560223,NaN,NaN,NaN,NaN,NaN,3.319171426035e+02_1.736375512645e+06_2.756769849573e+05_122880,6.740501412215e+02_1.228826974576e+05_9.801657025247e+04_122880,0.001
20270012,BS,HCL-TRPCA,0.00828027047593141,0.99710097917976,0.969123761108155,0.991469409674888,0.787543122573033,0.212882486979167,3.319171426035e+02_1.736375512645e+06_2.756769849573e+05_122880,6.740501412215e+02_1.228826974576e+05_9.801657025247e+04_122880,0.001
20270012,BS,Oracle,0.00807298101988473,NaN,NaN,NaN,NaN,0.200130208333333,3.319171426035e+02_1.736375512645e+06_2.756769849573e+05_122880,6.740501412215e+02_1.228826974576e+05_9.801657025247e+04_122880,0.001
20270012,EBS,tSVD-LRA,2.14270136593031,NaN,NaN,NaN,NaN,NaN,8.497811307142e+02_2.132411195968e+06_3.195606527875e+05_122880,6.740501412215e+02_1.228826974576e+05_9.801657025247e+04_122880,0.001
20270012,EBS,HCL-TRPCA,0.00906705865815164,0.998408315738184,0.986519450507125,0.977589579535101,0.743547618182058,0.256966145833333,8.497811307142e+02_2.132411195968e+06_3.195606527875e+05_122880,6.740501412215e+02_1.228826974576e+05_9.801657025247e+04_122880,0.001
20270012,EBS,Oracle,0.00854702419849831,NaN,NaN,NaN,NaN,0.250130208333333,8.497811307142e+02_2.132411195968e+06_3.195606527875e+05_122880,6.740501412215e+02_1.228826974576e+05_9.801657025247e+04_122880,0.001
20270013,EB,tSVD-LRA,1.68935364646194,NaN,NaN,NaN,NaN,NaN,-5.261683879248e+01_1.333704670659e+06_2.310365885294e+05_122880,-4.485517735081e+02_1.228806373592e+05_9.784660931684e+04_122880,0.001
20270013,EB,HCL-TRPCA,0.00914038376034829,0.986489017310111,0.898440545808967,0.955995572430416,0.816415938160462,0.183951822916667,-5.261683879248e+01_1.333704670659e+06_2.310365885294e+05_122880,-4.485517735081e+02_1.228806373592e+05_9.784660931684e+04_122880,0.001
20270013,EB,Oracle,0.00778356211784005,NaN,NaN,NaN,NaN,0.150032552083333,-5.261683879248e+01_1.333704670659e+06_2.310365885294e+05_122880,-4.485517735081e+02_1.228806373592e+05_9.784660931684e+04_122880,0.001
20270013,ES,tSVD-LRA,1.61797889561049,NaN,NaN,NaN,NaN,NaN,-3.255434501789e+02_1.334337564660e+06_2.310753230895e+05_122880,-4.485517735081e+02_1.228806373592e+05_9.784660931684e+04_122880,0.001
20270013,ES,HCL-TRPCA,0.00792570496146008,0.9936120320207,0.981992541289291,0.990538922155689,0.844809573595433,0.155501302083333,-3.255434501789e+02_1.334337564660e+06_2.310753230895e+05_122880,-4.485517735081e+02_1.228806373592e+05_9.784660931684e+04_122880,0.001
20270013,ES,Oracle,0.00780149791707454,NaN,NaN,NaN,NaN,0.15,-3.255434501789e+02_1.334337564660e+06_2.310753230895e+05_122880,-4.485517735081e+02_1.228806373592e+05_9.784660931684e+04_122880,0.001
20270013,BS,tSVD-LRA,1.9302469655713,NaN,NaN,NaN,NaN,NaN,1.669178581889e+02_1.739551781485e+06_2.759756648729e+05_122880,-4.485517735081e+02_1.228806373592e+05_9.784660931684e+04_122880,0.001
20270013,BS,HCL-TRPCA,0.00828652698009895,0.997674465632647,0.974788587686715,0.992106450157871,0.789289298386903,0.2111328125,1.669178581889e+02_1.739551781485e+06_2.759756648729e+05_122880,-4.485517735081e+02_1.228806373592e+05_9.784660931684e+04_122880,0.001
20270013,BS,Oracle,0.00815689332121281,NaN,NaN,NaN,NaN,0.200748697916667,1.669178581889e+02_1.739551781485e+06_2.759756648729e+05_122880,-4.485517735081e+02_1.228806373592e+05_9.784660931684e+04_122880,0.001
20270013,EBS,tSVD-LRA,2.15497764869308,NaN,NaN,NaN,NaN,NaN,-4.147775428069e+02_2.142191387877e+06_3.202740634847e+05_122880,-4.485517735081e+02_1.228806373592e+05_9.784660931684e+04_122880,0.001
20270013,EBS,HCL-TRPCA,0.00872396386224986,0.999399944859798,0.989419263683509,0.980167651204667,0.744400401549614,0.256111653645833,-4.147775428069e+02_2.142191387877e+06_3.202740634847e+05_122880,-4.485517735081e+02_1.228806373592e+05_9.784660931684e+04_122880,0.001
20270013,EBS,Oracle,0.00862702144646262,NaN,NaN,NaN,NaN,0.250748697916667,-4.147775428069e+02_2.142191387877e+06_3.202740634847e+05_122880,-4.485517735081e+02_1.228806373592e+05_9.784660931684e+04_122880,0.001
20270014,EB,tSVD-LRA,1.68937005464478,NaN,NaN,NaN,NaN,NaN,-1.428688709297e+02_1.328395655256e+06_2.307625103284e+05_122880,1.250508799897e+02_1.228791272601e+05_9.783987799259e+04_122880,0.001
20270014,EB,HCL-TRPCA,0.0119564447655854,0.970896268617441,0.879837844282819,0.933364175161773,0.809244434016799,0.1911376953125,-1.428688709297e+02_1.328395655256e+06_2.307625103284e+05_122880,1.250508799897e+02_1.228791272601e+05_9.783987799259e+04_122880,0.001
20270014,EB,Oracle,0.00778647313492721,NaN,NaN,NaN,NaN,0.150130208333333,-1.428688709297e+02_1.328395655256e+06_2.307625103284e+05_122880,1.250508799897e+02_1.228791272601e+05_9.783987799259e+04_122880,0.001
20270014,ES,tSVD-LRA,1.62472966657334,NaN,NaN,NaN,NaN,NaN,3.520839229764e+02_1.321064000371e+06_2.301862213819e+05_122880,1.250508799897e+02_1.228791272601e+05_9.783987799259e+04_122880,0.001
20270014,ES,HCL-TRPCA,0.00792706115957556,0.992354904705502,0.988894253983583,0.988705058860961,0.846937472014739,0.153369140625,3.520839229764e+02_1.321064000371e+06_2.301862213819e+05_122880,1.250508799897e+02_1.228791272601e+05_9.783987799259e+04_122880,0.001
20270014,ES,Oracle,0.00783531783021249,NaN,NaN,NaN,NaN,0.15,3.520839229764e+02_1.321064000371e+06_2.301862213819e+05_122880,1.250508799897e+02_1.228791272601e+05_9.783987799259e+04_122880,0.001
20270014,BS,tSVD-LRA,1.9277391546789,NaN,NaN,NaN,NaN,NaN,2.173702067630e+02_1.734802524061e+06_2.755486983231e+05_122880,1.250508799897e+02_1.228791272601e+05_9.783987799259e+04_122880,0.001
20270014,BS,HCL-TRPCA,0.00836106719912663,0.997490894374747,0.980761196108469,0.990646889163576,0.79196135349359,0.208455403645833,2.173702067630e+02_1.734802524061e+06_2.755486983231e+05_122880,1.250508799897e+02_1.228791272601e+05_9.783987799259e+04_122880,0.001
20270014,BS,Oracle,0.00826270847219256,NaN,NaN,NaN,NaN,0.2005859375,2.173702067630e+02_1.734802524061e+06_2.755486983231e+05_122880,1.250508799897e+02_1.228791272601e+05_9.783987799259e+04_122880,0.001
20270014,EBS,tSVD-LRA,2.14849952562129,NaN,NaN,NaN,NaN,NaN,3.766687888861e+02_2.136472884517e+06_3.197366693188e+05_122880,1.250508799897e+02_1.228791272601e+05_9.783987799259e+04_122880,0.001
20270014,EBS,HCL-TRPCA,0.00879296011067504,0.999188759450952,0.991786646052759,0.97608172869142,0.74577297669149,0.254736328125,3.766687888861e+02_2.136472884517e+06_3.197366693188e+05_122880,1.250508799897e+02_1.228791272601e+05_9.783987799259e+04_122880,0.001
20270014,EBS,Oracle,0.00869909660824454,NaN,NaN,NaN,NaN,0.2505859375,3.766687888861e+02_2.136472884517e+06_3.197366693188e+05_122880,1.250508799897e+02_1.228791272601e+05_9.783987799259e+04_122880,0.001
20270015,EB,tSVD-LRA,1.66288556855754,NaN,NaN,NaN,NaN,NaN,-1.180546329452e+02_1.336236986321e+06_2.313822559503e+05_122880,-5.434627816254e+02_1.228814035791e+05_9.779659949590e+04_122880,0.001
20270015,EB,HCL-TRPCA,0.0081178719483681,0.992113310799936,0.94399918321507,0.960883665316846,0.831993452904185,0.168343098958333,-1.180546329452e+02_1.336236986321e+06_2.313822559503e+05_122880,-5.434627816254e+02_1.228814035791e+05_9.779659949590e+04_122880,0.001
20270015,EB,Oracle,0.00777645544737659,NaN,NaN,NaN,NaN,0.15048828125,-1.180546329452e+02_1.336236986321e+06_2.313822559503e+05_122880,-5.434627816254e+02_1.228814035791e+05_9.779659949590e+04_122880,0.001
20270015,ES,tSVD-LRA,1.62199110238158,NaN,NaN,NaN,NaN,NaN,4.664245729241e+02_1.326116071114e+06_2.306222114121e+05_122880,-5.434627816254e+02_1.228814035791e+05_9.779659949590e+04_122880,0.001
20270015,ES,HCL-TRPCA,0.00781136553788976,0.992541934789047,0.991847606747921,0.988977317946677,0.847838986235068,0.1524658203125,4.664245729241e+02_1.326116071114e+06_2.306222114121e+05_122880,-5.434627816254e+02_1.228814035791e+05_9.779659949590e+04_122880,0.001
20270015,ES,Oracle,0.00772979781635179,NaN,NaN,NaN,NaN,0.15,4.664245729241e+02_1.326116071114e+06_2.306222114121e+05_122880,-5.434627816254e+02_1.228814035791e+05_9.779659949590e+04_122880,0.001
20270015,BS,tSVD-LRA,1.93651849556845,NaN,NaN,NaN,NaN,NaN,4.902750545854e+02_1.730491380344e+06_2.750472659883e+05_122880,-5.434627816254e+02_1.228814035791e+05_9.779659949590e+04_122880,0.001
20270015,BS,HCL-TRPCA,0.00824938775647288,0.997403018990424,0.981492203565795,0.991774820203356,0.792838502288715,0.207576497395833,4.902750545854e+02_1.730491380344e+06_2.750472659883e+05_122880,-5.434627816254e+02_1.228814035791e+05_9.779659949590e+04_122880,0.001
20270015,BS,Oracle,0.00814537080646459,NaN,NaN,NaN,NaN,0.200032552083333,4.902750545854e+02_1.730491380344e+06_2.750472659883e+05_122880,-5.434627816254e+02_1.228814035791e+05_9.779659949590e+04_122880,0.001
20270015,EBS,tSVD-LRA,2.13364730219791,NaN,NaN,NaN,NaN,NaN,1.584256434339e+03_2.129799675294e+06_3.190997052484e+05_122880,-5.434627816254e+02_1.228814035791e+05_9.779659949590e+04_122880,0.001
20270015,EBS,HCL-TRPCA,0.00869280380626291,0.999430736951678,0.989692049993558,0.979667583324426,0.745269428413526,0.255240885416667,1.584256434339e+03_2.129799675294e+06_3.190997052484e+05_122880,-5.434627816254e+02_1.228814035791e+05_9.779659949590e+04_122880,0.001
20270015,EBS,Oracle,0.00860051139158573,NaN,NaN,NaN,NaN,0.250032552083333,1.584256434339e+03_2.129799675294e+06_3.190997052484e+05_122880,-5.434627816254e+02_1.228814035791e+05_9.779659949590e+04_122880,0.001
20270016,EB,tSVD-LRA,1.67737067689462,NaN,NaN,NaN,NaN,NaN,6.265485732351e+02_1.324158327887e+06_2.307450686028e+05_122880,1.546872094894e+02_1.228791947276e+05_9.792472939273e+04_122880,0.001
20270016,EB,HCL-TRPCA,0.00804502877913297,0.992974238875878,0.956936806059977,0.959433822113202,0.836720311040676,0.163606770833333,6.265485732351e+02_1.324158327887e+06_2.307450686028e+05_122880,1.546872094894e+02_1.228791947276e+05_9.792472939273e+04_122880,0.001
20270016,EB,Oracle,0.00784002963460679,NaN,NaN,NaN,NaN,0.15009765625,6.265485732351e+02_1.324158327887e+06_2.307450686028e+05_122880,1.546872094894e+02_1.228791947276e+05_9.792472939273e+04_122880,0.001
20270016,ES,tSVD-LRA,1.62174224144247,NaN,NaN,NaN,NaN,NaN,9.195258542641e+02_1.324360982351e+06_2.304748760719e+05_122880,1.546872094894e+02_1.228791947276e+05_9.792472939273e+04_122880,0.001
20270016,ES,HCL-TRPCA,0.00783294693697654,0.993745956437352,0.987146529562982,0.99073482428115,0.846401436533653,0.15390625,9.195258542641e+02_1.324360982351e+06_2.304748760719e+05_122880,1.546872094894e+02_1.228791947276e+05_9.792472939273e+04_122880,0.001
20270016,ES,Oracle,0.00779051538470729,NaN,NaN,NaN,NaN,0.15,9.195258542641e+02_1.324360982351e+06_2.304748760719e+05_122880,1.546872094894e+02_1.228791947276e+05_9.792472939273e+04_122880,0.001
20270016,BS,tSVD-LRA,1.93602548766044,NaN,NaN,NaN,NaN,NaN,-2.231683595393e+02_1.723123765751e+06_2.746610533806e+05_122880,1.546872094894e+02_1.228791947276e+05_9.792472939273e+04_122880,0.001
20270016,BS,HCL-TRPCA,0.00828648971286535,0.99813538710985,0.984664600619814,0.990923343510191,0.793780625072116,0.206632486979167,-2.231683595393e+02_1.723123765751e+06_2.746610533806e+05_122880,1.546872094894e+02_1.228791947276e+05_9.792472939273e+04_122880,0.001
20270016,BS,Oracle,0.00819891803595084,NaN,NaN,NaN,NaN,0.200390625,-2.231683595393e+02_1.723123765751e+06_2.746610533806e+05_122880,1.546872094894e+02_1.228791947276e+05_9.792472939273e+04_122880,0.001
20270016,EBS,tSVD-LRA,2.13784432096859,NaN,NaN,NaN,NaN,NaN,-8.710426715120e+02_2.128780532883e+06_3.192502708729e+05_122880,1.546872094894e+02_1.228791947276e+05_9.792472939273e+04_122880,0.001
20270016,EBS,HCL-TRPCA,0.00867854792246626,0.999464015982069,0.994891030201125,0.977415044175061,0.747543517420509,0.252962239583333,-8.710426715120e+02_2.128780532883e+06_3.192502708729e+05_122880,1.546872094894e+02_1.228791947276e+05_9.792472939273e+04_122880,0.001
20270016,EBS,Oracle,0.00863259521474976,NaN,NaN,NaN,NaN,0.250390625,-8.710426715120e+02_2.128780532883e+06_3.192502708729e+05_122880,1.546872094894e+02_1.228791947276e+05_9.792472939273e+04_122880,0.001
20270017,EB,tSVD-LRA,1.69653865304846,NaN,NaN,NaN,NaN,NaN,9.237138727813e+01_1.332990527341e+06_2.314805627199e+05_122880,-2.926345121289e+02_1.228796968991e+05_9.807658783518e+04_122880,0.001
20270017,EB,HCL-TRPCA,0.0376884705110559,0.91139989643183,0.855773460834935,0.866415818603608,0.799319657370278,0.201082356770833,9.237138727813e+01_1.332990527341e+06_2.314805627199e+05_122880,-2.926345121289e+02_1.228796968991e+05_9.807658783518e+04_122880,0.001
20270017,EB,Oracle,0.00785885402160716,NaN,NaN,NaN,NaN,0.150390625,9.237138727813e+01_1.332990527341e+06_2.314805627199e+05_122880,-2.926345121289e+02_1.228796968991e+05_9.807658783518e+04_122880,0.001
20270017,ES,tSVD-LRA,1.62031210467117,NaN,NaN,NaN,NaN,NaN,-5.989694622080e+02_1.328823467037e+06_2.309257194461e+05_122880,-2.926345121289e+02_1.228796968991e+05_9.807658783518e+04_122880,0.001
20270017,ES,HCL-TRPCA,0.00795043480613375,0.993237235619022,0.987622568718855,0.989991227370604,0.846547628028401,0.153759765625,-5.989694622080e+02_1.328823467037e+06_2.309257194461e+05_122880,-2.926345121289e+02_1.228796968991e+05_9.807658783518e+04_122880,0.001
20270017,ES,Oracle,0.00784526271482234,NaN,NaN,NaN,NaN,0.15,-5.989694622080e+02_1.328823467037e+06_2.309257194461e+05_122880,-2.926345121289e+02_1.228796968991e+05_9.807658783518e+04_122880,0.001
20270017,BS,tSVD-LRA,1.92783169948668,NaN,NaN,NaN,NaN,NaN,3.241695757410e+02_1.746723181244e+06_2.767476487518e+05_122880,-2.926345121289e+02_1.228796968991e+05_9.807658783518e+04_122880,0.001
20270017,BS,HCL-TRPCA,0.00838008733509253,0.997824159883955,0.981627192547815,0.99185468762727,0.791344100639624,0.209073893229167,3.241695757410e+02_1.746723181244e+06_2.767476487518e+05_122880,-2.926345121289e+02_1.228796968991e+05_9.807658783518e+04_122880,0.001
20270017,BS,Oracle,0.00825462811656139,NaN,NaN,NaN,NaN,0.201529947916667,3.241695757410e+02_1.746723181244e+06_2.767476487518e+05_122880,-2.926345121289e+02_1.228796968991e+05_9.807658783518e+04_122880,0.001
20270017,EBS,tSVD-LRA,2.15306269841056,NaN,NaN,NaN,NaN,NaN,1.083523025249e+03_2.139661418023e+06_3.204711219248e+05_122880,-2.926345121289e+02_1.228796968991e+05_9.807658783518e+04_122880,0.001
20270017,EBS,HCL-TRPCA,0.00885193747480303,0.999304870754458,0.98758647133066,0.979030835614327,0.742662347832832,0.257853190104167,1.083523025249e+03_2.139661418023e+06_3.204711219248e+05_122880,-2.926345121289e+02_1.228796968991e+05_9.807658783518e+04_122880,0.001
20270017,EBS,Oracle,0.00866100135818429,NaN,NaN,NaN,NaN,0.251529947916667,1.083523025249e+03_2.139661418023e+06_3.204711219248e+05_122880,-2.926345121289e+02_1.228796968991e+05_9.807658783518e+04_122880,0.001
20270018,EB,tSVD-LRA,1.68187999873994,NaN,NaN,NaN,NaN,NaN,2.672076041312e+02_1.339942292140e+06_2.319274213611e+05_122880,-2.049282349132e+01_1.228790034176e+05_9.789885824430e+04_122880,0.001
20270018,EB,HCL-TRPCA,0.0106498468913257,0.977436490822069,0.924646117869493,0.942070419301208,0.824464591394461,0.175887044270833,2.672076041312e+02_1.339942292140e+06_2.319274213611e+05_122880,-2.049282349132e+01_1.228790034176e+05_9.789885824430e+04_122880,0.001
20270018,EB,Oracle,0.00780465027094815,NaN,NaN,NaN,NaN,0.151236979166667,2.672076041312e+02_1.339942292140e+06_2.319274213611e+05_122880,-2.049282349132e+01_1.228790034176e+05_9.789885824430e+04_122880,0.001
20270018,ES,tSVD-LRA,1.61922436979828,NaN,NaN,NaN,NaN,NaN,2.886060887404e+01_1.325694838052e+06_2.306787410588e+05_122880,-2.049282349132e+01_1.228790034176e+05_9.789885824430e+04_122880,0.001
20270018,ES,HCL-TRPCA,0.00787053181063707,0.992488490428883,0.986301369863014,0.988899498687037,0.846141540543166,0.154166666666667,2.886060887404e+01_1.325694838052e+06_2.306787410588e+05_122880,-2.049282349132e+01_1.228790034176e+05_9.789885824430e+04_122880,0.001
20270018,ES,Oracle,0.00775819765285023,NaN,NaN,NaN,NaN,0.15,2.886060887404e+01_1.325694838052e+06_2.306787410588e+05_122880,-2.049282349132e+01_1.228790034176e+05_9.789885824430e+04_122880,0.001
20270018,BS,tSVD-LRA,1.93315324740074,NaN,NaN,NaN,NaN,NaN,6.076790709525e+02_1.730822285830e+06_2.755050981162e+05_122880,-2.049282349132e+01_1.228790034176e+05_9.789885824430e+04_122880,0.001
20270018,BS,HCL-TRPCA,0.00821046783847243,0.997693148245579,0.988194736736616,0.991799909572938,0.794998887297311,0.205411783854167,6.076790709525e+02_1.730822285830e+06_2.755050981162e+05_122880,-2.049282349132e+01_1.228790034176e+05_9.789885824430e+04_122880,0.001
20270018,BS,Oracle,0.00815770270774686,NaN,NaN,NaN,NaN,0.200618489583333,6.076790709525e+02_1.730822285830e+06_2.755050981162e+05_122880,-2.049282349132e+01_1.228790034176e+05_9.789885824430e+04_122880,0.001
20270018,EBS,tSVD-LRA,2.14961563043478,NaN,NaN,NaN,NaN,NaN,2.088303745534e+01_2.136243400558e+06_3.198761675065e+05_122880,-2.049282349132e+01_1.228790034176e+05_9.789885824430e+04_122880,0.001
20270018,EBS,HCL-TRPCA,0.0086994394764148,0.999302344447148,0.994895651612069,0.979390846455317,0.747316108518689,0.253190104166667,2.088303745534e+01_2.136243400558e+06_3.198761675065e+05_122880,-2.049282349132e+01_1.228790034176e+05_9.789885824430e+04_122880,0.001
20270018,EBS,Oracle,0.00863894796241617,NaN,NaN,NaN,NaN,0.250618489583333,2.088303745534e+01_2.136243400558e+06_3.198761675065e+05_122880,-2.049282349132e+01_1.228790034176e+05_9.789885824430e+04_122880,0.001
20270019,EB,tSVD-LRA,1.68887524805903,NaN,NaN,NaN,NaN,NaN,-2.324155817072e+01_1.329228278335e+06_2.310984036082e+05_122880,-2.171172777449e+02_1.228793836256e+05_9.780738761929e+04_122880,0.001
20270019,EB,HCL-TRPCA,0.00823134083787424,0.992286265266767,0.943994292411966,0.963099028146483,0.831701069929212,0.168636067708333,-2.324155817072e+01_1.329228278335e+06_2.310984036082e+05_122880,-2.171172777449e+02_1.228793836256e+05_9.780738761929e+04_122880,0.001
20270019,EB,Oracle,0.0079048375294371,NaN,NaN,NaN,NaN,0.150748697916667,-2.324155817072e+01_1.329228278335e+06_2.310984036082e+05_122880,-2.171172777449e+02_1.228793836256e+05_9.780738761929e+04_122880,0.001
20270019,ES,tSVD-LRA,1.62156097517604,NaN,NaN,NaN,NaN,NaN,2.229940454575e+02_1.321174715531e+06_2.302004374946e+05_122880,-2.171172777449e+02_1.228793836256e+05_9.780738761929e+04_122880,0.001
20270019,ES,HCL-TRPCA,0.00786236539511074,0.993451370361387,0.987622568718855,0.990304045966004,0.846547628028401,0.153759765625,2.229940454575e+02_1.321174715531e+06_2.302004374946e+05_122880,-2.171172777449e+02_1.228793836256e+05_9.780738761929e+04_122880,0.001
20270019,ES,Oracle,0.00779481339093016,NaN,NaN,NaN,NaN,0.15,2.229940454575e+02_1.321174715531e+06_2.302004374946e+05_122880,-2.171172777449e+02_1.228793836256e+05_9.780738761929e+04_122880,0.001
20270019,BS,tSVD-LRA,1.91946686276993,NaN,NaN,NaN,NaN,NaN,-5.982555160547e+02_1.730410918103e+06_2.750344698210e+05_122880,-2.171172777449e+02_1.228793836256e+05_9.780738761929e+04_122880,0.001
20270019,BS,HCL-TRPCA,0.00827486173866292,0.99795235681703,0.989347590143506,0.990704015865146,0.795802940369188,0.204606119791667,-5.982555160547e+02_1.730410918103e+06_2.750344698210e+05_122880,-2.171172777449e+02_1.228793836256e+05_9.780738761929e+04_122880,0.001
20270019,BS,Oracle,0.00821902975394645,NaN,NaN,NaN,NaN,0.20029296875,-5.982555160547e+02_1.730410918103e+06_2.750344698210e+05_122880,-2.171172777449e+02_1.228793836256e+05_9.780738761929e+04_122880,0.001
20270019,EBS,tSVD-LRA,2.13842971272206,NaN,NaN,NaN,NaN,NaN,9.929087802587e+02_2.122613009755e+06_3.187762088944e+05_122880,-2.171172777449e+02_1.228793836256e+05_9.780738761929e+04_122880,0.001
20270019,EBS,HCL-TRPCA,0.00867274803458426,0.999512528029638,0.99622641509434,0.978526914426593,0.748315083339252,0.252189127604167,9.929087802587e+02_2.122613009755e+06_3.187762088944e+05_122880,-2.171172777449e+02_1.228793836256e+05_9.780738761929e+04_122880,0.001
20270019,EBS,Oracle,0.00863896101804358,NaN,NaN,NaN,NaN,0.25029296875,9.929087802587e+02_2.122613009755e+06_3.187762088944e+05_122880,-2.171172777449e+02_1.228793836256e+05_9.780738761929e+04_122880,0.001
20270020,EB,tSVD-LRA,1.68298267433582,NaN,NaN,NaN,NaN,NaN,-1.690299459488e+03_1.338168390559e+06_2.316158983011e+05_122880,-6.976874168085e+02_1.228829613259e+05_9.791802223917e+04_122880,0.001
20270020,EB,HCL-TRPCA,0.00959628038820148,0.98331384844298,0.90783760578928,0.947245141453931,0.819201698032132,0.181160481770833,-1.690299459488e+03_1.338168390559e+06_2.316158983011e+05_122880,-6.976874168085e+02_1.228829613259e+05_9.791802223917e+04_122880,0.001
20270020,EB,Oracle,0.00794996270794155,NaN,NaN,NaN,NaN,0.1505859375,-1.690299459488e+03_1.338168390559e+06_2.316158983011e+05_122880,-6.976874168085e+02_1.228829613259e+05_9.791802223917e+04_122880,0.001
20270020,ES,tSVD-LRA,1.6318995459655,NaN,NaN,NaN,NaN,NaN,-1.439734003120e+03_1.328591024351e+06_2.307415387815e+05_122880,-6.976874168085e+02_1.228829613259e+05_9.791802223917e+04_122880,0.001
20270020,ES,HCL-TRPCA,0.00801929722092376,0.992167945094873,0.984562790449228,0.988433102790365,0.845605505063492,0.154703776041667,-1.439734003120e+03_1.328591024351e+06_2.307415387815e+05_122880,-6.976874168085e+02_1.228829613259e+05_9.791802223917e+04_122880,0.001
20270020,ES,Oracle,0.00792271182461621,NaN,NaN,NaN,NaN,0.15,-1.439734003120e+03_1.328591024351e+06_2.307415387815e+05_122880,-6.976874168085e+02_1.228829613259e+05_9.791802223917e+04_122880,0.001
20270020,BS,tSVD-LRA,1.94972462840876,NaN,NaN,NaN,NaN,NaN,-9.169438092338e+02_1.730371903547e+06_2.750187056365e+05_122880,-6.976874168085e+02_1.228829613259e+05_9.791802223917e+04_122880,0.001
20270020,BS,HCL-TRPCA,0.00839536938077566,0.997262718222186,0.990694114329453,0.99174167974234,0.796517654213019,0.203889973958333,-9.169438092338e+02_1.730371903547e+06_2.750187056365e+05_122880,-6.976874168085e+02_1.228829613259e+05_9.791802223917e+04_122880,0.001
20270020,BS,Oracle,0.00833860131097037,NaN,NaN,NaN,NaN,0.200130208333333,-9.169438092338e+02_1.730371903547e+06_2.750187056365e+05_122880,-6.976874168085e+02_1.228829613259e+05_9.791802223917e+04_122880,0.001
20270020,EBS,tSVD-LRA,2.15753791482328,NaN,NaN,NaN,NaN,NaN,-1.140351074002e+03_2.139652445525e+06_3.198408803502e+05_122880,-6.976874168085e+02_1.228829613259e+05_9.791802223917e+04_122880,0.001
20270020,EBS,HCL-TRPCA,0.00882114775882786,0.99912232227026,0.99286106534871,0.979297874412437,0.746780073251096,0.253727213541667,-1.140351074002e+03_2.139652445525e+06_3.198408803502e+05_122880,-6.976874168085e+02_1.228829613259e+05_9.791802223917e+04_122880,0.001
20270020,EBS,Oracle,0.0087529858578915,NaN,NaN,NaN,NaN,0.250130208333333,-1.140351074002e+03_2.139652445525e+06_3.198408803502e+05_122880,-6.976874168085e+02_1.228829613259e+05_9.791802223917e+04_122880,0.001
20270021,EB,tSVD-LRA,1.67080225991425,NaN,NaN,NaN,NaN,NaN,1.359472049364e+03_1.338273525395e+06_2.319008982408e+05_122880,7.205863901589e+02_1.228832256246e+05_9.787962244854e+04_122880,0.001
20270021,EB,HCL-TRPCA,0.00826275009053365,0.991605148842044,0.939952002020968,0.960883530203035,0.829597536868083,0.170743815104167,1.359472049364e+03_1.338273525395e+06_2.319008982408e+05_122880,7.205863901589e+02_1.228832256246e+05_9.787962244854e+04_122880,0.001
20270021,EB,Oracle,0.00785743659242062,NaN,NaN,NaN,NaN,0.151399739583333,1.359472049364e+03_1.338273525395e+06_2.319008982408e+05_122880,7.205863901589e+02_1.228832256246e+05_9.787962244854e+04_122880,0.001
20270021,ES,tSVD-LRA,1.63895608748851,NaN,NaN,NaN,NaN,NaN,1.494920857409e+03_1.319624693736e+06_2.300687878253e+05_122880,7.205863901589e+02_1.228832256246e+05_9.787962244854e+04_122880,0.001
20270021,ES,HCL-TRPCA,0.00790805591852608,0.993156958887871,0.986195826645265,0.989874023281773,0.846109053544371,0.15419921875,1.494920857409e+03_1.319624693736e+06_2.300687878253e+05_122880,7.205863901589e+02_1.228832256246e+05_9.787962244854e+04_122880,0.001
20270021,ES,Oracle,0.0078083125898556,NaN,NaN,NaN,NaN,0.15,1.494920857409e+03_1.319624693736e+06_2.300687878253e+05_122880,7.205863901589e+02_1.228832256246e+05_9.787962244854e+04_122880,0.001
20270021,BS,tSVD-LRA,1.94668486586883,NaN,NaN,NaN,NaN,NaN,7.536968400859e+02_1.734556261408e+06_2.757624903245e+05_122880,7.205863901589e+02_1.228832256246e+05_9.787962244854e+04_122880,0.001
20270021,BS,HCL-TRPCA,0.00833923281428196,0.998022678665106,0.982422689626408,0.991334913757868,0.791945109997413,0.2084716796875,7.536968400859e+02_1.734556261408e+06_2.757624903245e+05_122880,7.205863901589e+02_1.228832256246e+05_9.787962244854e+04_122880,0.001
20270021,BS,Oracle,0.00824711609415488,NaN,NaN,NaN,NaN,0.20126953125,7.536968400859e+02_1.734556261408e+06_2.757624903245e+05_122880,7.205863901589e+02_1.228832256246e+05_9.787962244854e+04_122880,0.001
20270021,EBS,tSVD-LRA,2.15597933183767,NaN,NaN,NaN,NaN,NaN,1.645835303298e+02_2.143164392459e+06_3.204983582488e+05_122880,7.205863901589e+02_1.228832256246e+05_9.787962244854e+04_122880,0.001
20270021,EBS,HCL-TRPCA,0.00875973609898446,0.999433537799213,0.989837463533485,0.979262353403434,0.744083653441251,0.256429036458333,1.645835303298e+02_2.143164392459e+06_3.204983582488e+05_122880,7.205863901589e+02_1.228832256246e+05_9.787962244854e+04_122880,0.001
20270021,EBS,Oracle,0.00868102801902428,NaN,NaN,NaN,NaN,0.25126953125,1.645835303298e+02_2.143164392459e+06_3.204983582488e+05_122880,7.205863901589e+02_1.228832256246e+05_9.787962244854e+04_122880,0.001
20270022,EB,tSVD-LRA,1.66681143790656,NaN,NaN,NaN,NaN,NaN,-1.993768971260e+03_1.330759768931e+06_2.310996205065e+05_122880,-3.113226767177e+02_1.228797887517e+05_9.790049587818e+04_122880,0.001
20270022,EB,HCL-TRPCA,0.00840679189924365,0.990846374788608,0.924140003004356,0.955925849955019,0.825496053531168,0.174853515625,-1.993768971260e+03_1.330759768931e+06_2.310996205065e+05_122880,-3.113226767177e+02_1.228797887517e+05_9.790049587818e+04_122880,0.001
20270022,EB,Oracle,0.00784182248761901,NaN,NaN,NaN,NaN,0.1501953125,-1.993768971260e+03_1.330759768931e+06_2.310996205065e+05_122880,-3.113226767177e+02_1.228797887517e+05_9.790049587818e+04_122880,0.001
20270022,ES,tSVD-LRA,1.62296301272464,NaN,NaN,NaN,NaN,NaN,-1.396951308697e+03_1.328459472549e+06_2.307830107951e+05_122880,-3.113226767177e+02_1.228797887517e+05_9.790049587818e+04_122880,0.001
20270022,ES,HCL-TRPCA,0.00791175820832253,0.992461770407064,0.986011180356809,0.988860598345003,0.846052201296488,0.154256184895833,-1.396951308697e+03_1.328459472549e+06_2.307830107951e+05_122880,-3.113226767177e+02_1.228797887517e+05_9.790049587818e+04_122880,0.001
20270022,ES,Oracle,0.00779732984909195,NaN,NaN,NaN,NaN,0.15,-1.396951308697e+03_1.328459472549e+06_2.307830107951e+05_122880,-3.113226767177e+02_1.228797887517e+05_9.790049587818e+04_122880,0.001
20270022,BS,tSVD-LRA,1.93224753484389,NaN,NaN,NaN,NaN,NaN,-2.596346325595e+03_1.726547810224e+06_2.749187794491e+05_122880,-3.113226767177e+02_1.228797887517e+05_9.790049587818e+04_122880,0.001
20270022,BS,HCL-TRPCA,0.00828088237868693,0.997952024656812,0.9830813175399,0.991624721511676,0.793260833191179,0.2071533203125,-2.596346325595e+03_1.726547810224e+06_2.749187794491e+05_122880,-3.113226767177e+02_1.228797887517e+05_9.790049587818e+04_122880,0.001
20270022,BS,Oracle,0.00818741686227225,NaN,NaN,NaN,NaN,0.200260416666667,-2.596346325595e+03_1.726547810224e+06_2.749187794491e+05_122880,-3.113226767177e+02_1.228797887517e+05_9.790049587818e+04_122880,0.001
20270022,EBS,tSVD-LRA,2.1405300455371,NaN,NaN,NaN,NaN,NaN,-1.508295130329e+03_2.136185555969e+06_3.197027491535e+05_122880,-3.113226767177e+02_1.228797887517e+05_9.790049587818e+04_122880,0.001
20270022,EBS,HCL-TRPCA,0.00866354588989867,0.999447495856219,0.995403638246909,0.979259566687546,0.74793336125278,0.252571614583333,-1.508295130329e+03_2.136185555969e+06_3.197027491535e+05_122880,-3.113226767177e+02_1.228797887517e+05_9.790049587818e+04_122880,0.001
20270022,EBS,Oracle,0.00862167321797607,NaN,NaN,NaN,NaN,0.250260416666667,-1.508295130329e+03_2.136185555969e+06_3.197027491535e+05_122880,-3.113226767177e+02_1.228797887517e+05_9.790049587818e+04_122880,0.001
20270023,EB,tSVD-LRA,1.67260457421418,NaN,NaN,NaN,NaN,NaN,5.543275909448e+02_1.335300390944e+06_2.315131089926e+05_122880,-6.899335468436e+01_1.228790387377e+05_9.780508281567e+04_122880,0.001
20270023,EB,HCL-TRPCA,0.00792800538448865,0.99146670946687,0.958692222136003,0.957887328627194,0.836517267304708,0.163810221354167,5.543275909448e+02_1.335300390944e+06_2.315131089926e+05_122880,-6.899335468436e+01_1.228790387377e+05_9.780508281567e+04_122880,0.001
20270023,EB,Oracle,0.00773709955062694,NaN,NaN,NaN,NaN,0.150813802083333,5.543275909448e+02_1.335300390944e+06_2.315131089926e+05_122880,-6.899335468436e+01_1.228790387377e+05_9.780508281567e+04_122880,0.001
20270023,ES,tSVD-LRA,1.61084505888627,NaN,NaN,NaN,NaN,NaN,-4.886613411344e+01_1.327937797292e+06_2.306439163406e+05_122880,-6.899335468436e+01_1.228790387377e+05_9.780508281567e+04_122880,0.001
20270023,ES,HCL-TRPCA,0.00783327139581915,0.992141242329637,0.991580816095973,0.988394276629571,0.847757768737631,0.152547200520833,-4.886613411344e+01_1.327937797292e+06_2.306439163406e+05_122880,-6.899335468436e+01_1.228790387377e+05_9.780508281567e+04_122880,0.001
20270023,ES,Oracle,0.00775469830361599,NaN,NaN,NaN,NaN,0.15,-4.886613411344e+01_1.327937797292e+06_2.306439163406e+05_122880,-6.899335468436e+01_1.228790387377e+05_9.780508281567e+04_122880,0.001
20270023,BS,tSVD-LRA,1.93277069061152,NaN,NaN,NaN,NaN,NaN,1.904973050014e+03_1.735073860076e+06_2.756916386880e+05_122880,-6.899335468436e+01_1.228790387377e+05_9.780508281567e+04_122880,0.001
20270023,BS,HCL-TRPCA,0.00827753298650618,0.99737532808399,0.98867229716207,0.991562909567497,0.794795843592699,0.205615234375,1.904973050014e+03_1.735073860076e+06_2.756916386880e+05_122880,-6.899335468436e+01_1.228790387377e+05_9.780508281567e+04_122880,0.001
20270023,BS,Oracle,0.0082050071228683,NaN,NaN,NaN,NaN,0.201009114583333,1.904973050014e+03_1.735073860076e+06_2.756916386880e+05_122880,-6.899335468436e+01_1.228790387377e+05_9.780508281567e+04_122880,0.001
20270023,EBS,tSVD-LRA,2.15957901071565,NaN,NaN,NaN,NaN,NaN,-2.168766951908e+02_2.133410352527e+06_3.198434871112e+05_122880,-6.899335468436e+01_1.228790387377e+05_9.780508281567e+04_122880,0.001
20270023,EBS,HCL-TRPCA,0.00870660297389682,0.999271054379343,0.995272744873429,0.978260251194306,0.747113064856559,0.2533935546875,-2.168766951908e+02_2.133410352527e+06_3.198434871112e+05_122880,-6.899335468436e+01_1.228790387377e+05_9.780508281567e+04_122880,0.001
20270023,EBS,Oracle,0.00866080165324754,NaN,NaN,NaN,NaN,0.251009114583333,-2.168766951908e+02_2.133410352527e+06_3.198434871112e+05_122880,-6.899335468436e+01_1.228790387377e+05_9.780508281567e+04_122880,0.001
20270024,EB,tSVD-LRA,1.67237040008375,NaN,NaN,NaN,NaN,NaN,1.798057687978e+03_1.333891681451e+06_2.316036029154e+05_122880,2.016976557575e+01_1.228790033107e+05_9.786561242335e+04_122880,0.001
20270024,EB,HCL-TRPCA,0.00817641127197428,0.991737299429607,0.960033026292025,0.957283233032709,0.836322345318313,0.164005533854167,1.798057687978e+03_1.333891681451e+06_2.316036029154e+05_122880,2.016976557575e+01_1.228790033107e+05_9.786561242335e+04_122880,0.001
20270024,EB,Oracle,0.00781915183281483,NaN,NaN,NaN,NaN,0.151399739583333,1.798057687978e+03_1.333891681451e+06_2.316036029154e+05_122880,2.016976557575e+01_1.228790033107e+05_9.786561242335e+04_122880,0.001
20270024,ES,tSVD-LRA,1.60604981525368,NaN,NaN,NaN,NaN,NaN,1.449300514751e+03_1.323562200171e+06_2.303722994079e+05_122880,2.016976557575e+01_1.228790033107e+05_9.786561242335e+04_122880,0.001
20270024,ES,HCL-TRPCA,0.00787027126316248,0.993344291449974,0.991580816095973,0.99014758675708,0.847757768737631,0.152547200520833,1.449300514751e+03_1.323562200171e+06_2.303722994079e+05_122880,2.016976557575e+01_1.228790033107e+05_9.786561242335e+04_122880,0.001
20270024,ES,Oracle,0.00779995134618994,NaN,NaN,NaN,NaN,0.15,1.449300514751e+03_1.323562200171e+06_2.303722994079e+05_122880,2.016976557575e+01_1.228790033107e+05_9.786561242335e+04_122880,0.001
20270024,BS,tSVD-LRA,1.93392378065193,NaN,NaN,NaN,NaN,NaN,-8.038989838307e+02_1.736638434984e+06_2.758111586163e+05_122880,2.016976557575e+01_1.228790033107e+05_9.786561242335e+04_122880,0.001
20270024,BS,HCL-TRPCA,0.00826643653361677,0.998239115914749,0.988475799178274,0.991347062934188,0.795047617786442,0.205362955729167,-8.038989838307e+02_1.736638434984e+06_2.758111586163e+05_122880,2.016976557575e+01_1.228790033107e+05_9.786561242335e+04_122880,0.001
20270024,BS,Oracle,0.00821277307682502,NaN,NaN,NaN,NaN,0.20068359375,-8.038989838307e+02_1.736638434984e+06_2.758111586163e+05_122880,2.016976557575e+01_1.228790033107e+05_9.786561242335e+04_122880,0.001
20270024,EBS,tSVD-LRA,2.14002859393473,NaN,NaN,NaN,NaN,NaN,1.442707647865e+03_2.131610116872e+06_3.196153356322e+05_122880,2.016976557575e+01_1.228790033107e+05_9.786561242335e+04_122880,0.001
20270024,EBS,HCL-TRPCA,0.00882016493438688,0.999497071659177,0.989623156744948,0.979190112722567,0.74457095822355,0.255940755208333,1.442707647865e+03_2.131610116872e+06_3.196153356322e+05_122880,2.016976557575e+01_1.228790033107e+05_9.786561242335e+04_122880,0.001
20270024,EBS,Oracle,0.00870844818025401,NaN,NaN,NaN,NaN,0.25068359375,1.442707647865e+03_2.131610116872e+06_3.196153356322e+05_122880,2.016976557575e+01_1.228790033107e+05_9.786561242335e+04_122880,0.001
20270025,EB,tSVD-LRA,1.67550761347705,NaN,NaN,NaN,NaN,NaN,-2.746779012068e+02_1.323104855539e+06_2.302625827272e+05_122880,-1.913278127797e+02_1.228792979031e+05_9.777806834623e+04_122880,0.001
20270025,EB,HCL-TRPCA,0.00917191906421328,0.985403602401601,0.933987556274976,0.949900356897901,0.828842214189689,0.171500651041667,-2.746779012068e+02_1.323104855539e+06_2.302625827272e+05_122880,-1.913278127797e+02_1.228792979031e+05_9.777806834623e+04_122880,0.001
20270025,EB,Oracle,0.00781865443469714,NaN,NaN,NaN,NaN,0.150260416666667,-2.746779012068e+02_1.323104855539e+06_2.302625827272e+05_122880,-1.913278127797e+02_1.228792979031e+05_9.777806834623e+04_122880,0.001
20270025,ES,tSVD-LRA,1.60334710928492,NaN,NaN,NaN,NaN,NaN,-3.383305209763e+02_1.326963963744e+06_2.304282885011e+05_122880,-1.913278127797e+02_1.228792979031e+05_9.777806834623e+04_122880,0.001
20270025,ES,HCL-TRPCA,0.00796371404571282,0.991820921222557,0.9861430635065,0.987928843710292,0.846092810044974,0.154215494791667,-3.383305209763e+02_1.326963963744e+06_2.304282885011e+05_122880,-1.913278127797e+02_1.228792979031e+05_9.777806834623e+04_122880,0.001
20270025,ES,Oracle,0.00786273504387215,NaN,NaN,NaN,NaN,0.15,-3.383305209763e+02_1.326963963744e+06_2.304282885011e+05_122880,-1.913278127797e+02_1.228792979031e+05_9.777806834623e+04_122880,0.001
20270025,BS,tSVD-LRA,1.93711711790282,NaN,NaN,NaN,NaN,NaN,-6.741066313093e+02_1.728158594525e+06_2.750927027033e+05_122880,-1.913278127797e+02_1.228792979031e+05_9.777806834623e+04_122880,0.001
20270025,BS,HCL-TRPCA,0.00843786681541687,0.997312316863696,0.972165862306707,0.99244193191594,0.788111644929665,0.212312825520833,-6.741066313093e+02_1.728158594525e+06_2.750927027033e+05_122880,-1.913278127797e+02_1.228792979031e+05_9.777806834623e+04_122880,0.001
20270025,BS,Oracle,0.00827857424623245,NaN,NaN,NaN,NaN,0.200813802083333,-6.741066313093e+02_1.728158594525e+06_2.750927027033e+05_122880,-1.913278127797e+02_1.228792979031e+05_9.777806834623e+04_122880,0.001
20270025,EBS,tSVD-LRA,2.14298919308455,NaN,NaN,NaN,NaN,NaN,2.547537614625e+02_2.132089597342e+06_3.195038686235e+05_122880,-1.913278127797e+02_1.228792979031e+05_9.777806834623e+04_122880,0.001
20270025,EBS,HCL-TRPCA,0.00889455302279332,0.999140907396301,0.986618861642871,0.979459448247651,0.742897878475829,0.2576171875,2.547537614625e+02_2.132089597342e+06_3.195038686235e+05_122880,-1.913278127797e+02_1.228792979031e+05_9.777806834623e+04_122880,0.001
20270025,EBS,Oracle,0.00873823643076281,NaN,NaN,NaN,NaN,0.250813802083333,2.547537614625e+02_2.132089597342e+06_3.195038686235e+05_122880,-1.913278127797e+02_1.228792979031e+05_9.777806834623e+04_122880,0.001
20270026,EB,tSVD-LRA,1.6744626243923,NaN,NaN,NaN,NaN,NaN,-1.857757731878e+03_1.336723916040e+06_2.315324821668e+05_122880,-6.756448607184e+02_1.228827149738e+05_9.772795496252e+04_122880,0.001
20270026,EB,HCL-TRPCA,0.00834813321678382,0.991447509087022,0.932669583144768,0.959367795677371,0.827607708311052,0.172737630208333,-1.857757731878e+03_1.336723916040e+06_2.315324821668e+05_122880,-6.756448607184e+02_1.228827149738e+05_9.772795496252e+04_122880,0.001
20270026,EB,Oracle,0.00784106716938378,NaN,NaN,NaN,NaN,0.150944010416667,-1.857757731878e+03_1.336723916040e+06_2.315324821668e+05_122880,-6.756448607184e+02_1.228827149738e+05_9.772795496252e+04_122880,0.001
20270026,ES,tSVD-LRA,1.62443839418712,NaN,NaN,NaN,NaN,NaN,-2.095411858677e+03_1.328344670017e+06_2.305971077859e+05_122880,-6.756448607184e+02_1.228827149738e+05_9.772795496252e+04_122880,0.001
20270026,ES,HCL-TRPCA,0.00790117835810396,0.992916206534328,0.988284496394199,0.989522747191459,0.846750671771223,0.153556315104167,-2.095411858677e+03_1.328344670017e+06_2.305971077859e+05_122880,-6.756448607184e+02_1.228827149738e+05_9.772795496252e+04_122880,0.001
20270026,ES,Oracle,0.00781668548776938,NaN,NaN,NaN,NaN,0.15,-2.095411858677e+03_1.328344670017e+06_2.305971077859e+05_122880,-6.756448607184e+02_1.228827149738e+05_9.772795496252e+04_122880,0.001
20270026,BS,tSVD-LRA,1.93367423189613,NaN,NaN,NaN,NaN,NaN,-2.723298789823e+03_1.733538879112e+06_2.754438787352e+05_122880,-6.756448607184e+02_1.228827149738e+05_9.772795496252e+04_122880,0.001
20270026,BS,HCL-TRPCA,0.00827162997536218,0.99797685522376,0.988081645734431,0.992019203151286,0.794852695829974,0.205558268229167,-2.723298789823e+03_1.733538879112e+06_2.754438787352e+05_122880,-6.756448607184e+02_1.228827149738e+05_9.772795496252e+04_122880,0.001
20270026,BS,Oracle,0.00821518344488516,NaN,NaN,NaN,NaN,0.200716145833333,-2.723298789823e+03_1.733538879112e+06_2.754438787352e+05_122880,-6.756448607184e+02_1.228827149738e+05_9.772795496252e+04_122880,0.001
20270026,EBS,tSVD-LRA,2.15091126352677,NaN,NaN,NaN,NaN,NaN,-1.875399409468e+03_2.136076489278e+06_3.198741644818e+05_122880,-6.756448607184e+02_1.228827149738e+05_9.772795496252e+04_122880,0.001
20270026,EBS,HCL-TRPCA,0.00873548483378742,0.999416077337313,0.994849438927908,0.980201684468996,0.747194282321387,0.253312174479167,-1.875399409468e+03_2.136076489278e+06_3.198741644818e+05_122880,-6.756448607184e+02_1.228827149738e+05_9.772795496252e+04_122880,0.001
20270026,EBS,Oracle,0.00868429773821001,NaN,NaN,NaN,NaN,0.250716145833333,-1.875399409468e+03_2.136076489278e+06_3.198741644818e+05_122880,-6.756448607184e+02_1.228827149738e+05_9.772795496252e+04_122880,0.001
20270027,EB,tSVD-LRA,1.67093366755765,NaN,NaN,NaN,NaN,NaN,-5.683453844620e+02_1.343210530147e+06_2.324295182283e+05_122880,-1.097715814027e+02_1.228790980615e+05_9.803577590601e+04_122880,0.001
20270027,EB,HCL-TRPCA,0.00817226288390506,0.991024104408044,0.934052968495042,0.959710343709498,0.827567099565136,0.1727783203125,-5.683453844620e+02_1.343210530147e+06_2.324295182283e+05_122880,-1.097715814027e+02_1.228790980615e+05_9.803577590601e+04_122880,0.001
20270027,EB,Oracle,0.00782966536470481,NaN,NaN,NaN,NaN,0.151399739583333,-5.683453844620e+02_1.343210530147e+06_2.324295182283e+05_122880,-1.097715814027e+02_1.228790980615e+05_9.803577590601e+04_122880,0.001
20270027,ES,tSVD-LRA,1.61303155630433,NaN,NaN,NaN,NaN,NaN,-7.138253442089e+02_1.331215743499e+06_2.310690722611e+05_122880,-1.097715814027e+02_1.228790980615e+05_9.803577590601e+04_122880,0.001
20270027,ES,HCL-TRPCA,0.00788884244894717,0.992408334679373,0.985721161559442,0.988742143368605,0.845962862049836,0.154345703125,-7.138253442089e+02_1.331215743499e+06_2.310690722611e+05_122880,-1.097715814027e+02_1.228790980615e+05_9.803577590601e+04_122880,0.001
20270027,ES,Oracle,0.00780019701565714,NaN,NaN,NaN,NaN,0.15,-7.138253442089e+02_1.331215743499e+06_2.310690722611e+05_122880,-1.097715814027e+02_1.228790980615e+05_9.803577590601e+04_122880,0.001
20270027,BS,tSVD-LRA,1.93172866327707,NaN,NaN,NaN,NaN,NaN,-2.803848612205e+02_1.731366977866e+06_2.752605045379e+05_122880,-1.097715814027e+02_1.228790980615e+05_9.803577590601e+04_122880,0.001
20270027,BS,HCL-TRPCA,0.00838659730105417,0.997161164733555,0.9744382356438,0.991631885615108,0.789825333755522,0.210595703125,-2.803848612205e+02_1.731366977866e+06_2.752605045379e+05_122880,-1.097715814027e+02_1.228790980615e+05_9.803577590601e+04_122880,0.001
20270027,BS,Oracle,0.00826255915535224,NaN,NaN,NaN,NaN,0.20009765625,-2.803848612205e+02_1.731366977866e+06_2.752605045379e+05_122880,-1.097715814027e+02_1.228790980615e+05_9.803577590601e+04_122880,0.001
20270027,EBS,tSVD-LRA,2.15216789251259,NaN,NaN,NaN,NaN,NaN,-1.302041822063e+03_2.131630350402e+06_3.194091950065e+05_122880,-1.097715814027e+02_1.228790980615e+05_9.803577590601e+04_122880,0.001
20270027,EBS,HCL-TRPCA,0.00878491752414684,0.999122208134205,0.990093268254965,0.97958984583423,0.745407498102523,0.2551025390625,-1.302041822063e+03_2.131630350402e+06_3.194091950065e+05_122880,-1.097715814027e+02_1.228790980615e+05_9.803577590601e+04_122880,0.001
20270027,EBS,Oracle,0.008662926538242,NaN,NaN,NaN,NaN,0.25009765625,-1.302041822063e+03_2.131630350402e+06_3.194091950065e+05_122880,-1.097715814027e+02_1.228790980615e+05_9.803577590601e+04_122880,0.001
20270028,EB,tSVD-LRA,1.68298736368855,NaN,NaN,NaN,NaN,NaN,1.075379398412e+03_1.329120130252e+06_2.311071590886e+05_122880,3.425793995016e+02_1.228799550834e+05_9.802580913060e+04_122880,0.001
20270028,EB,HCL-TRPCA,0.0518651640489752,0.959044279963641,0.902223308086978,0.921134281880026,0.817536739504825,0.182828776041667,1.075379398412e+03_1.329120130252e+06_2.311071590886e+05_122880,3.425793995016e+02_1.228799550834e+05_9.802580913060e+04_122880,0.001
20270028,EB,Oracle,0.00775151070225224,NaN,NaN,NaN,NaN,0.150260416666667,1.075379398412e+03_1.329120130252e+06_2.311071590886e+05_122880,3.425793995016e+02_1.228799550834e+05_9.802580913060e+04_122880,0.001
20270028,ES,tSVD-LRA,1.61801286618373,NaN,NaN,NaN,NaN,NaN,4.695805256520e+02_1.327145822068e+06_2.307175300896e+05_122880,3.425793995016e+02_1.228799550834e+05_9.802580913060e+04_122880,0.001
20270028,ES,HCL-TRPCA,0.0078399283748646,0.993183716356387,0.987093664649494,0.989913085080935,0.846385193034241,0.153922526041667,4.695805256520e+02_1.327145822068e+06_2.307175300896e+05_122880,3.425793995016e+02_1.228799550834e+05_9.802580913060e+04_122880,0.001
20270028,ES,Oracle,0.0077576380071008,NaN,NaN,NaN,NaN,0.15,4.695805256520e+02_1.327145822068e+06_2.307175300896e+05_122880,3.425793995016e+02_1.228799550834e+05_9.802580913060e+04_122880,0.001
20270028,BS,tSVD-LRA,1.93558327220395,NaN,NaN,NaN,NaN,NaN,1.277879622008e+03_1.725979585911e+06_2.750057025146e+05_122880,3.425793995016e+02_1.228799550834e+05_9.802580913060e+04_122880,0.001
20270028,BS,HCL-TRPCA,0.00826192108281444,0.997265379707092,0.984876370328879,0.991147703355206,0.793934938286979,0.206477864583333,1.277879622008e+03_1.725979585911e+06_2.750057025146e+05_122880,3.425793995016e+02_1.228799550834e+05_9.802580913060e+04_122880,0.001
20270028,BS,Oracle,0.00818048767266367,NaN,NaN,NaN,NaN,0.200325520833333,1.277879622008e+03_1.725979585911e+06_2.750057025146e+05_122880,3.425793995016e+02_1.228799550834e+05_9.802580913060e+04_122880,0.001
20270028,EBS,tSVD-LRA,2.15710971260567,NaN,NaN,NaN,NaN,NaN,1.639778903609e+03_2.129989960642e+06_3.194432613127e+05_122880,3.425793995016e+02_1.228799550834e+05_9.802580913060e+04_122880,0.001
20270028,EBS,HCL-TRPCA,0.00873302156654496,0.999415166677497,0.995050625950248,0.97926285937787,0.747689708857526,0.252815755208333,1.639778903609e+03_2.129989960642e+06_3.194432613127e+05_122880,3.425793995016e+02_1.228799550834e+05_9.802580913060e+04_122880,0.001
20270028,EBS,Oracle,0.00868969043153251,NaN,NaN,NaN,NaN,0.250325520833333,1.639778903609e+03_2.129989960642e+06_3.194432613127e+05_122880,3.425793995016e+02_1.228799550834e+05_9.802580913060e+04_122880,0.001
20270029,EB,tSVD-LRA,1.67172430563992,NaN,NaN,NaN,NaN,NaN,-1.501165396082e+03_1.332843660296e+06_2.312507258161e+05_122880,-4.953326317557e+02_1.228809966993e+05_9.797803173670e+04_122880,0.001
20270029,EB,HCL-TRPCA,0.00815626234769897,0.990672241878418,0.951253410202296,0.959003717145914,0.834527438699719,0.165804036458333,-1.501165396082e+03_1.332843660296e+06_2.312507258161e+05_122880,-4.953326317557e+02_1.228809966993e+05_9.797803173670e+04_122880,0.001
20270029,EB,Oracle,0.00782157692105255,NaN,NaN,NaN,NaN,0.150390625,-1.501165396082e+03_1.332843660296e+06_2.312507258161e+05_122880,-4.953326317557e+02_1.228809966993e+05_9.797803173670e+04_122880,0.001
20270029,ES,tSVD-LRA,1.62530163079216,NaN,NaN,NaN,NaN,NaN,-1.769890449594e+03_1.331755935894e+06_2.309517098365e+05_122880,-4.953326317557e+02_1.228809966993e+05_9.797803173670e+04_122880,0.001
20270029,ES,HCL-TRPCA,0.00795644411988259,0.992167945094873,0.983958361137061,0.988351753200286,0.8454187048208,0.154890950520833,-1.769890449594e+03_1.331755935894e+06_2.309517098365e+05_122880,-4.953326317557e+02_1.228809966993e+05_9.797803173670e+04_122880,0.001
20270029,ES,Oracle,0.00786112498918223,NaN,NaN,NaN,NaN,0.15,-1.769890449594e+03_1.331755935894e+06_2.309517098365e+05_122880,-4.953326317557e+02_1.228809966993e+05_9.797803173670e+04_122880,0.001
20270029,BS,tSVD-LRA,1.94773460754749,NaN,NaN,NaN,NaN,NaN,-7.316474258604e+02_1.731271775287e+06_2.752207318101e+05_122880,-4.953326317557e+02_1.228809966993e+05_9.797803173670e+04_122880,0.001
20270029,BS,HCL-TRPCA,0.00836279925253201,0.997483561977433,0.984299903876963,0.991729385493342,0.794032399264836,0.206380208333333,-7.316474258604e+02_1.731271775287e+06_2.752207318101e+05_122880,-4.953326317557e+02_1.228809966993e+05_9.797803173670e+04_122880,0.001
20270029,BS,Oracle,0.00829040108898575,NaN,NaN,NaN,NaN,0.2,-7.316474258604e+02_1.731271775287e+06_2.752207318101e+05_122880,-4.953326317557e+02_1.228809966993e+05_9.797803173670e+04_122880,0.001
20270029,EBS,tSVD-LRA,2.15501016983265,NaN,NaN,NaN,NaN,NaN,-7.779513379255e+02_2.131359563496e+06_3.193247328980e+05_122880,-4.953326317557e+02_1.228809966993e+05_9.797803173670e+04_122880,0.001
20270029,EBS,HCL-TRPCA,0.00887867455591612,0.999414405621706,0.991319500467908,0.980460089931669,0.74613033353466,0.254378255208333,-7.779513379255e+02_2.131359563496e+06_3.193247328980e+05_122880,-4.953326317557e+02_1.228809966993e+05_9.797803173670e+04_122880,0.001
20270029,EBS,Oracle,0.00879680701372621,NaN,NaN,NaN,NaN,0.25,-7.779513379255e+02_2.131359563496e+06_3.193247328980e+05_122880,-4.953326317557e+02_1.228809966993e+05_9.797803173670e+04_122880,0.001
20270030,EB,tSVD-LRA,1.69211641411322,NaN,NaN,NaN,NaN,NaN,9.297209691965e+02_1.337903832265e+06_2.318545958565e+05_122880,4.835404873942e+02_1.228809027621e+05_9.789269424552e+04_122880,0.001
20270030,EB,HCL-TRPCA,0.00862719004641082,0.989811391024447,0.919419802812029,0.959391488454214,0.822417910630554,0.177937825520833,9.297209691965e+02_1.337903832265e+06_2.318545958565e+05_122880,4.835404873942e+02_1.228809027621e+05_9.789269424552e+04_122880,0.001
20270030,EB,Oracle,0.00773975874405455,NaN,NaN,NaN,NaN,0.151399739583333,9.297209691965e+02_1.337903832265e+06_2.318545958565e+05_122880,4.835404873942e+02_1.228809027621e+05_9.789269424552e+04_122880,0.001
20270030,ES,tSVD-LRA,1.62286481601349,NaN,NaN,NaN,NaN,NaN,1.200756204971e+03_1.327660019707e+06_2.306655720308e+05_122880,4.835404873942e+02_1.228809027621e+05_9.789269424552e+04_122880,0.001
20270030,ES,HCL-TRPCA,0.00780888243058528,0.993237235619022,0.991554144924418,0.989909866794289,0.847749646987889,0.152555338541667,1.200756204971e+03_1.327660019707e+06_2.306655720308e+05_122880,4.835404873942e+02_1.228809027621e+05_9.789269424552e+04_122880,0.001
20270030,ES,Oracle,0.00774740751911161,NaN,NaN,NaN,NaN,0.15,1.200756204971e+03_1.327660019707e+06_2.306655720308e+05_122880,4.835404873942e+02_1.228809027621e+05_9.789269424552e+04_122880,0.001
20270030,BS,tSVD-LRA,1.92368476529889,NaN,NaN,NaN,NaN,NaN,8.127915015511e+02_1.730529704424e+06_2.751192329600e+05_122880,4.835404873942e+02_1.228809027621e+05_9.789269424552e+04_122880,0.001
20270030,BS,HCL-TRPCA,0.00815564474394867,0.998217468805704,0.991349829008248,0.991959695661115,0.796387706241262,0.204020182291667,8.127915015511e+02_1.730529704424e+06_2.751192329600e+05_122880,4.835404873942e+02_1.228809027621e+05_9.789269424552e+04_122880,0.001
20270030,BS,Oracle,0.00811620174256982,NaN,NaN,NaN,NaN,0.200520833333333,8.127915015511e+02_1.730529704424e+06_2.751192329600e+05_122880,4.835404873942e+02_1.228809027621e+05_9.789269424552e+04_122880,0.001
20270030,EBS,tSVD-LRA,2.13207166545501,NaN,NaN,NaN,NaN,NaN,3.404426932145e+02_2.140256845247e+06_3.198501720429e+05_122880,4.835404873942e+02_1.228809027621e+05_9.789269424552e+04_122880,0.001
20270030,EBS,HCL-TRPCA,0.00865312110371515,0.999561652731553,0.996891191709845,0.978641085181557,0.748420666044144,0.252083333333333,3.404426932145e+02_2.140256845247e+06_3.198501720429e+05_122880,4.835404873942e+02_1.228809027621e+05_9.789269424552e+04_122880,0.001
20270030,EBS,Oracle,0.00861864972701755,NaN,NaN,NaN,NaN,0.250520833333333,3.404426932145e+02_2.140256845247e+06_3.198501720429e+05_122880,4.835404873942e+02_1.228809027621e+05_9.789269424552e+04_122880,0.001
20270001,EB,TNN-TRPCA,0.0170706956094953,NaN,NaN,NaN,NaN,NaN,-7.560977455042e+02_1.326868885906e+06_2.303708000279e+05_122880,1.313222192919e+01_1.228790014034e+05_9.778147453141e+04_122880,NaN
20270001,EB,p-TRPCA,0.0163407004937792,NaN,NaN,NaN,NaN,NaN,-7.560977455042e+02_1.326868885906e+06_2.303708000279e+05_122880,1.313222192919e+01_1.228790014034e+05_9.778147453141e+04_122880,NaN
20270001,ES,TNN-TRPCA,0.0167824775170601,NaN,NaN,NaN,NaN,NaN,-1.136271915234e+03_1.325894839471e+06_2.303699858437e+05_122880,1.313222192919e+01_1.228790014034e+05_9.778147453141e+04_122880,NaN
20270001,ES,p-TRPCA,0.0162680364542886,NaN,NaN,NaN,NaN,NaN,-1.136271915234e+03_1.325894839471e+06_2.303699858437e+05_122880,1.313222192919e+01_1.228790014034e+05_9.778147453141e+04_122880,NaN
20270001,BS,TNN-TRPCA,0.0202871157807045,NaN,NaN,NaN,NaN,NaN,-1.130343783156e+03_1.734093415674e+06_2.757080269998e+05_122880,1.313222192919e+01_1.228790014034e+05_9.778147453141e+04_122880,NaN
20270001,BS,p-TRPCA,0.0165660278667546,NaN,NaN,NaN,NaN,NaN,-1.130343783156e+03_1.734093415674e+06_2.757080269998e+05_122880,1.313222192919e+01_1.228790014034e+05_9.778147453141e+04_122880,NaN
20270001,EBS,TNN-TRPCA,0.0238016156772221,NaN,NaN,NaN,NaN,NaN,-1.372031412026e+02_2.134401013282e+06_3.200016062297e+05_122880,1.313222192919e+01_1.228790014034e+05_9.778147453141e+04_122880,NaN
20270001,EBS,p-TRPCA,0.0169074501180677,NaN,NaN,NaN,NaN,NaN,-1.372031412026e+02_2.134401013282e+06_3.200016062297e+05_122880,1.313222192919e+01_1.228790014034e+05_9.778147453141e+04_122880,NaN
20270002,EB,TNN-TRPCA,0.0168884411104202,NaN,NaN,NaN,NaN,NaN,-4.483430038618e+02_1.334328386684e+06_2.315820013339e+05_122880,1.133078451588e+02_1.228791044813e+05_9.790962704290e+04_122880,NaN
20270002,EB,p-TRPCA,0.0162760646966012,NaN,NaN,NaN,NaN,NaN,-4.483430038618e+02_1.334328386684e+06_2.315820013339e+05_122880,1.133078451588e+02_1.228791044813e+05_9.790962704290e+04_122880,NaN
20270002,ES,TNN-TRPCA,0.0167208553422335,NaN,NaN,NaN,NaN,NaN,-1.231163552551e+03_1.324353909423e+06_2.305270128833e+05_122880,1.133078451588e+02_1.228791044813e+05_9.790962704290e+04_122880,NaN
20270002,ES,p-TRPCA,0.0162547144254934,NaN,NaN,NaN,NaN,NaN,-1.231163552551e+03_1.324353909423e+06_2.305270128833e+05_122880,1.133078451588e+02_1.228791044813e+05_9.790962704290e+04_122880,NaN
20270002,BS,TNN-TRPCA,0.0199576470485766,NaN,NaN,NaN,NaN,NaN,-1.044629294955e+03_1.730282224005e+06_2.750649227121e+05_122880,1.133078451588e+02_1.228791044813e+05_9.790962704290e+04_122880,NaN
20270002,BS,p-TRPCA,0.0165143441048542,NaN,NaN,NaN,NaN,NaN,-1.044629294955e+03_1.730282224005e+06_2.750649227121e+05_122880,1.133078451588e+02_1.228791044813e+05_9.790962704290e+04_122880,NaN
20270002,EBS,TNN-TRPCA,0.0236290224328404,NaN,NaN,NaN,NaN,NaN,-4.850627437526e+02_2.127449141175e+06_3.190194897318e+05_122880,1.133078451588e+02_1.228791044813e+05_9.790962704290e+04_122880,NaN
20270002,EBS,p-TRPCA,0.016874669085325,NaN,NaN,NaN,NaN,NaN,-4.850627437526e+02_2.127449141175e+06_3.190194897318e+05_122880,1.133078451588e+02_1.228791044813e+05_9.790962704290e+04_122880,NaN
20270003,EB,TNN-TRPCA,0.0169336053244486,NaN,NaN,NaN,NaN,NaN,1.118871411818e+03_1.325348111478e+06_2.303894748757e+05_122880,1.059769170021e+02_1.228790913990e+05_9.779600307243e+04_122880,NaN
20270003,EB,p-TRPCA,0.0162960335163665,NaN,NaN,NaN,NaN,NaN,1.118871411818e+03_1.325348111478e+06_2.303894748757e+05_122880,1.059769170021e+02_1.228790913990e+05_9.779600307243e+04_122880,NaN
20270003,ES,TNN-TRPCA,0.0168395044381927,NaN,NaN,NaN,NaN,NaN,8.653625420116e+02_1.326902387069e+06_2.304882760054e+05_122880,1.059769170021e+02_1.228790913990e+05_9.779600307243e+04_122880,NaN
20270003,ES,p-TRPCA,0.0162794167357589,NaN,NaN,NaN,NaN,NaN,8.653625420116e+02_1.326902387069e+06_2.304882760054e+05_122880,1.059769170021e+02_1.228790913990e+05_9.779600307243e+04_122880,NaN
20270003,BS,TNN-TRPCA,0.0199157657679041,NaN,NaN,NaN,NaN,NaN,-2.011550553818e+02_1.725365069812e+06_2.748808844347e+05_122880,1.059769170021e+02_1.228790913990e+05_9.779600307243e+04_122880,NaN
20270003,BS,p-TRPCA,0.0165218990351579,NaN,NaN,NaN,NaN,NaN,-2.011550553818e+02_1.725365069812e+06_2.748808844347e+05_122880,1.059769170021e+02_1.228790913990e+05_9.779600307243e+04_122880,NaN
20270003,EBS,TNN-TRPCA,0.0237220553092298,NaN,NaN,NaN,NaN,NaN,4.021466537445e+02_2.127770305477e+06_3.191471843229e+05_122880,1.059769170021e+02_1.228790913990e+05_9.779600307243e+04_122880,NaN
20270003,EBS,p-TRPCA,0.0168692718751838,NaN,NaN,NaN,NaN,NaN,4.021466537445e+02_2.127770305477e+06_3.191471843229e+05_122880,1.059769170021e+02_1.228790913990e+05_9.779600307243e+04_122880,NaN
20270004,EB,TNN-TRPCA,0.0168603368781378,NaN,NaN,NaN,NaN,NaN,1.186818039082e+03_1.326469338037e+06_2.306521812507e+05_122880,-7.283138088285e+02_1.228833167399e+05_9.785222633724e+04_122880,NaN
20270004,EB,p-TRPCA,0.016253805199132,NaN,NaN,NaN,NaN,NaN,1.186818039082e+03_1.326469338037e+06_2.306521812507e+05_122880,-7.283138088285e+02_1.228833167399e+05_9.785222633724e+04_122880,NaN
20270004,ES,TNN-TRPCA,0.0165795610520009,NaN,NaN,NaN,NaN,NaN,1.229243884372e+03_1.330175490927e+06_2.308348556942e+05_122880,-7.283138088285e+02_1.228833167399e+05_9.785222633724e+04_122880,NaN
20270004,ES,p-TRPCA,0.0162747668865712,NaN,NaN,NaN,NaN,NaN,1.229243884372e+03_1.330175490927e+06_2.308348556942e+05_122880,-7.283138088285e+02_1.228833167399e+05_9.785222633724e+04_122880,NaN
20270004,BS,TNN-TRPCA,0.0200441336824786,NaN,NaN,NaN,NaN,NaN,-2.739186911175e+01_1.729076377335e+06_2.749690845634e+05_122880,-7.283138088285e+02_1.228833167399e+05_9.785222633724e+04_122880,NaN
20270004,BS,p-TRPCA,0.0165605642719287,NaN,NaN,NaN,NaN,NaN,-2.739186911175e+01_1.729076377335e+06_2.749690845634e+05_122880,-7.283138088285e+02_1.228833167399e+05_9.785222633724e+04_122880,NaN
20270004,EBS,TNN-TRPCA,0.0236501326043774,NaN,NaN,NaN,NaN,NaN,1.079871032099e+03_2.127975985872e+06_3.191637897451e+05_122880,-7.283138088285e+02_1.228833167399e+05_9.785222633724e+04_122880,NaN
20270004,EBS,p-TRPCA,0.0169532273455555,NaN,NaN,NaN,NaN,NaN,1.079871032099e+03_2.127975985872e+06_3.191637897451e+05_122880,-7.283138088285e+02_1.228833167399e+05_9.785222633724e+04_122880,NaN
20270005,EB,TNN-TRPCA,0.0166338575098422,NaN,NaN,NaN,NaN,NaN,-1.024992332993e+02_1.326093936978e+06_2.306055439629e+05_122880,5.360431508946e+02_1.228813383973e+05_9.798634128682e+04_122880,NaN
20270005,EB,p-TRPCA,0.0161211888683381,NaN,NaN,NaN,NaN,NaN,-1.024992332993e+02_1.326093936978e+06_2.306055439629e+05_122880,5.360431508946e+02_1.228813383973e+05_9.798634128682e+04_122880,NaN
20270005,ES,TNN-TRPCA,0.0165564424432759,NaN,NaN,NaN,NaN,NaN,-7.422019408131e+02_1.327493700774e+06_2.306261140508e+05_122880,5.360431508946e+02_1.228813383973e+05_9.798634128682e+04_122880,NaN
20270005,ES,p-TRPCA,0.0161403257060134,NaN,NaN,NaN,NaN,NaN,-7.422019408131e+02_1.327493700774e+06_2.306261140508e+05_122880,5.360431508946e+02_1.228813383973e+05_9.798634128682e+04_122880,NaN
20270005,BS,TNN-TRPCA,0.0197149330643076,NaN,NaN,NaN,NaN,NaN,-9.695296182654e+02_1.727753384244e+06_2.749906463494e+05_122880,5.360431508946e+02_1.228813383973e+05_9.798634128682e+04_122880,NaN
20270005,BS,p-TRPCA,0.0164869568567969,NaN,NaN,NaN,NaN,NaN,-9.695296182654e+02_1.727753384244e+06_2.749906463494e+05_122880,5.360431508946e+02_1.228813383973e+05_9.798634128682e+04_122880,NaN
20270005,EBS,TNN-TRPCA,0.0233471441835497,NaN,NaN,NaN,NaN,NaN,1.733591349664e+02_2.132877827048e+06_3.195513103242e+05_122880,5.360431508946e+02_1.228813383973e+05_9.798634128682e+04_122880,NaN
20270005,EBS,p-TRPCA,0.0167270403298633,NaN,NaN,NaN,NaN,NaN,1.733591349664e+02_2.132877827048e+06_3.195513103242e+05_122880,5.360431508946e+02_1.228813383973e+05_9.798634128682e+04_122880,NaN
20270006,EB,TNN-TRPCA,0.0168518083302837,NaN,NaN,NaN,NaN,NaN,9.071605152446e+02_1.339647498746e+06_2.315485248785e+05_122880,3.269508387403e+02_1.228798699288e+05_9.773387518251e+04_122880,NaN
20270006,EB,p-TRPCA,0.0162677813919772,NaN,NaN,NaN,NaN,NaN,9.071605152446e+02_1.339647498746e+06_2.315485248785e+05_122880,3.269508387403e+02_1.228798699288e+05_9.773387518251e+04_122880,NaN
20270006,ES,TNN-TRPCA,0.0166517843413978,NaN,NaN,NaN,NaN,NaN,1.395075398337e+03_1.329172466255e+06_2.305472324265e+05_122880,3.269508387403e+02_1.228798699288e+05_9.773387518251e+04_122880,NaN
20270006,ES,p-TRPCA,0.0162484330654705,NaN,NaN,NaN,NaN,NaN,1.395075398337e+03_1.329172466255e+06_2.305472324265e+05_122880,3.269508387403e+02_1.228798699288e+05_9.773387518251e+04_122880,NaN
20270006,BS,TNN-TRPCA,0.0199820466852216,NaN,NaN,NaN,NaN,NaN,1.243732442699e+03_1.729428172191e+06_2.750223310252e+05_122880,3.269508387403e+02_1.228798699288e+05_9.773387518251e+04_122880,NaN
20270006,BS,p-TRPCA,0.0165550565907213,NaN,NaN,NaN,NaN,NaN,1.243732442699e+03_1.729428172191e+06_2.750223310252e+05_122880,3.269508387403e+02_1.228798699288e+05_9.773387518251e+04_122880,NaN
20270006,EBS,TNN-TRPCA,0.0234853448944892,NaN,NaN,NaN,NaN,NaN,-1.594896379275e+03_2.139195227220e+06_3.198363954671e+05_122880,3.269508387403e+02_1.228798699288e+05_9.773387518251e+04_122880,NaN
20270006,EBS,p-TRPCA,0.0168660272749712,NaN,NaN,NaN,NaN,NaN,-1.594896379275e+03_2.139195227220e+06_3.198363954671e+05_122880,3.269508387403e+02_1.228798699288e+05_9.773387518251e+04_122880,NaN
20270007,EB,TNN-TRPCA,0.0168434918787122,NaN,NaN,NaN,NaN,NaN,-2.036219923449e+02_1.333913998402e+06_2.310958213170e+05_122880,5.256609202729e+02_1.228812486931e+05_9.792600950947e+04_122880,NaN
20270007,EB,p-TRPCA,0.0162412092256816,NaN,NaN,NaN,NaN,NaN,-2.036219923449e+02_1.333913998402e+06_2.310958213170e+05_122880,5.256609202729e+02_1.228812486931e+05_9.792600950947e+04_122880,NaN
20270007,ES,TNN-TRPCA,0.0167273438684349,NaN,NaN,NaN,NaN,NaN,-3.959758556990e+02_1.330392036155e+06_2.308676019896e+05_122880,5.256609202729e+02_1.228812486931e+05_9.792600950947e+04_122880,NaN
20270007,ES,p-TRPCA,0.0162796693160258,NaN,NaN,NaN,NaN,NaN,-3.959758556990e+02_1.330392036155e+06_2.308676019896e+05_122880,5.256609202729e+02_1.228812486931e+05_9.792600950947e+04_122880,NaN
20270007,BS,TNN-TRPCA,0.0199292291276441,NaN,NaN,NaN,NaN,NaN,-1.190929011545e+03_1.732146236844e+06_2.751836260696e+05_122880,5.256609202729e+02_1.228812486931e+05_9.792600950947e+04_122880,NaN
20270007,BS,p-TRPCA,0.0165190623700846,NaN,NaN,NaN,NaN,NaN,-1.190929011545e+03_1.732146236844e+06_2.751836260696e+05_122880,5.256609202729e+02_1.228812486931e+05_9.792600950947e+04_122880,NaN
20270007,EBS,TNN-TRPCA,0.0235272012587864,NaN,NaN,NaN,NaN,NaN,-1.452301461632e+03_2.134016608603e+06_3.195411366950e+05_122880,5.256609202729e+02_1.228812486931e+05_9.792600950947e+04_122880,NaN
20270007,EBS,p-TRPCA,0.0168154261337625,NaN,NaN,NaN,NaN,NaN,-1.452301461632e+03_2.134016608603e+06_3.195411366950e+05_122880,5.256609202729e+02_1.228812486931e+05_9.792600950947e+04_122880,NaN
20270008,EB,TNN-TRPCA,0.0167845196887854,NaN,NaN,NaN,NaN,NaN,-5.819687419676e+02_1.336517560425e+06_2.317404413384e+05_122880,1.366201391827e+01_1.228790015190e+05_9.783448892493e+04_122880,NaN
20270008,EB,p-TRPCA,0.0162175030873827,NaN,NaN,NaN,NaN,NaN,-5.819687419676e+02_1.336517560425e+06_2.317404413384e+05_122880,1.366201391827e+01_1.228790015190e+05_9.783448892493e+04_122880,NaN
20270008,ES,TNN-TRPCA,0.0167337039049297,NaN,NaN,NaN,NaN,NaN,-2.115859818868e+02_1.323903428759e+06_2.305699404458e+05_122880,1.366201391827e+01_1.228790015190e+05_9.783448892493e+04_122880,NaN
20270008,ES,p-TRPCA,0.0161969176664625,NaN,NaN,NaN,NaN,NaN,-2.115859818868e+02_1.323903428759e+06_2.305699404458e+05_122880,1.366201391827e+01_1.228790015190e+05_9.783448892493e+04_122880,NaN
20270008,BS,TNN-TRPCA,0.019734508882257,NaN,NaN,NaN,NaN,NaN,-1.287347264411e+03_1.745113676662e+06_2.763572620368e+05_122880,1.366201391827e+01_1.228790015190e+05_9.783448892493e+04_122880,NaN
20270008,BS,p-TRPCA,0.0164937072908453,NaN,NaN,NaN,NaN,NaN,-1.287347264411e+03_1.745113676662e+06_2.763572620368e+05_122880,1.366201391827e+01_1.228790015190e+05_9.783448892493e+04_122880,NaN
20270008,EBS,TNN-TRPCA,0.0234702980933473,NaN,NaN,NaN,NaN,NaN,7.482212518959e+02_2.139923477278e+06_3.202218564460e+05_122880,1.366201391827e+01_1.228790015190e+05_9.783448892493e+04_122880,NaN
20270008,EBS,p-TRPCA,0.016810763092854,NaN,NaN,NaN,NaN,NaN,7.482212518959e+02_2.139923477278e+06_3.202218564460e+05_122880,1.366201391827e+01_1.228790015190e+05_9.783448892493e+04_122880,NaN
20270009,EB,TNN-TRPCA,0.0168137851072792,NaN,NaN,NaN,NaN,NaN,-1.052400191851e+03_1.319894607208e+06_2.301776093415e+05_122880,-1.474017343270e+02_1.228791768170e+05_9.788591892843e+04_122880,NaN
20270009,EB,p-TRPCA,0.0162691841720645,NaN,NaN,NaN,NaN,NaN,-1.052400191851e+03_1.319894607208e+06_2.301776093415e+05_122880,-1.474017343270e+02_1.228791768170e+05_9.788591892843e+04_122880,NaN
20270009,ES,TNN-TRPCA,0.0165826375460094,NaN,NaN,NaN,NaN,NaN,-1.283548810014e+03_1.322175951338e+06_2.303240551312e+05_122880,-1.474017343270e+02_1.228791768170e+05_9.788591892843e+04_122880,NaN
20270009,ES,p-TRPCA,0.0161847893111339,NaN,NaN,NaN,NaN,NaN,-1.283548810014e+03_1.322175951338e+06_2.303240551312e+05_122880,-1.474017343270e+02_1.228791768170e+05_9.788591892843e+04_122880,NaN
20270009,BS,TNN-TRPCA,0.0196903108131938,NaN,NaN,NaN,NaN,NaN,-4.299986431418e+03_1.736058090689e+06_2.757841499153e+05_122880,-1.474017343270e+02_1.228791768170e+05_9.788591892843e+04_122880,NaN
20270009,BS,p-TRPCA,0.0164845227020401,NaN,NaN,NaN,NaN,NaN,-4.299986431418e+03_1.736058090689e+06_2.757841499153e+05_122880,-1.474017343270e+02_1.228791768170e+05_9.788591892843e+04_122880,NaN
20270009,EBS,TNN-TRPCA,0.0234821982328692,NaN,NaN,NaN,NaN,NaN,6.112665610048e+02_2.125979753310e+06_3.192982372825e+05_122880,-1.474017343270e+02_1.228791768170e+05_9.788591892843e+04_122880,NaN
20270009,EBS,p-TRPCA,0.0168102542108408,NaN,NaN,NaN,NaN,NaN,6.112665610048e+02_2.125979753310e+06_3.192982372825e+05_122880,-1.474017343270e+02_1.228791768170e+05_9.788591892843e+04_122880,NaN
20270010,EB,TNN-TRPCA,0.0168353181937195,NaN,NaN,NaN,NaN,NaN,1.766298124997e+03_1.329020476038e+06_2.310923673548e+05_122880,-1.523334022268e+02_1.228791888466e+05_9.794995269107e+04_122880,NaN
20270010,EB,p-TRPCA,0.0162415968108678,NaN,NaN,NaN,NaN,NaN,1.766298124997e+03_1.329020476038e+06_2.310923673548e+05_122880,-1.523334022268e+02_1.228791888466e+05_9.794995269107e+04_122880,NaN
20270010,ES,TNN-TRPCA,0.016580828847862,NaN,NaN,NaN,NaN,NaN,1.155363783813e+03_1.324005018340e+06_2.305298470397e+05_122880,-1.523334022268e+02_1.228791888466e+05_9.794995269107e+04_122880,NaN
20270010,ES,p-TRPCA,0.0161900205364818,NaN,NaN,NaN,NaN,NaN,1.155363783813e+03_1.324005018340e+06_2.305298470397e+05_122880,-1.523334022268e+02_1.228791888466e+05_9.794995269107e+04_122880,NaN
20270010,BS,TNN-TRPCA,0.0195960563372371,NaN,NaN,NaN,NaN,NaN,-6.051623489015e+02_1.741742359242e+06_2.761697251970e+05_122880,-1.523334022268e+02_1.228791888466e+05_9.794995269107e+04_122880,NaN
20270010,BS,p-TRPCA,0.016472546391551,NaN,NaN,NaN,NaN,NaN,-6.051623489015e+02_1.741742359242e+06_2.761697251970e+05_122880,-1.523334022268e+02_1.228791888466e+05_9.794995269107e+04_122880,NaN
20270010,EBS,TNN-TRPCA,0.0237084165673983,NaN,NaN,NaN,NaN,NaN,2.545046721098e+03_2.132616996040e+06_3.197014973857e+05_122880,-1.523334022268e+02_1.228791888466e+05_9.794995269107e+04_122880,NaN
20270010,EBS,p-TRPCA,0.0168269633239609,NaN,NaN,NaN,NaN,NaN,2.545046721098e+03_2.132616996040e+06_3.197014973857e+05_122880,-1.523334022268e+02_1.228791888466e+05_9.794995269107e+04_122880,NaN
20270011,EB,TNN-TRPCA,0.017077910665937,NaN,NaN,NaN,NaN,NaN,-1.140191679905e+03_1.330324438564e+06_2.308600137135e+05_122880,-4.861008589523e+02_1.228809229659e+05_9.781431127857e+04_122880,NaN
20270011,EB,p-TRPCA,0.016242857626003,NaN,NaN,NaN,NaN,NaN,-1.140191679905e+03_1.330324438564e+06_2.308600137135e+05_122880,-4.861008589523e+02_1.228809229659e+05_9.781431127857e+04_122880,NaN
20270011,ES,TNN-TRPCA,0.016691576239102,NaN,NaN,NaN,NaN,NaN,-3.796397912854e+02_1.332576834673e+06_2.309801478989e+05_122880,-4.861008589523e+02_1.228809229659e+05_9.781431127857e+04_122880,NaN
20270011,ES,p-TRPCA,0.0162581647302312,NaN,NaN,NaN,NaN,NaN,-3.796397912854e+02_1.332576834673e+06_2.309801478989e+05_122880,-4.861008589523e+02_1.228809229659e+05_9.781431127857e+04_122880,NaN
20270011,BS,TNN-TRPCA,0.0201107604600326,NaN,NaN,NaN,NaN,NaN,1.990252498991e+03_1.737761963770e+06_2.758962355666e+05_122880,-4.861008589523e+02_1.228809229659e+05_9.781431127857e+04_122880,NaN
20270011,BS,p-TRPCA,0.0165494581767458,NaN,NaN,NaN,NaN,NaN,1.990252498991e+03_1.737761963770e+06_2.758962355666e+05_122880,-4.861008589523e+02_1.228809229659e+05_9.781431127857e+04_122880,NaN
20270011,EBS,TNN-TRPCA,0.0235429394673894,NaN,NaN,NaN,NaN,NaN,-1.729509086086e+03_2.138117751530e+06_3.200663616588e+05_122880,-4.861008589523e+02_1.228809229659e+05_9.781431127857e+04_122880,NaN
20270011,EBS,p-TRPCA,0.0169105546638361,NaN,NaN,NaN,NaN,NaN,-1.729509086086e+03_2.138117751530e+06_3.200663616588e+05_122880,-4.861008589523e+02_1.228809229659e+05_9.781431127857e+04_122880,NaN
20270012,EB,TNN-TRPCA,0.0167774400938781,NaN,NaN,NaN,NaN,NaN,-5.460750043318e+02_1.338411579674e+06_2.317827526753e+05_122880,6.740501412215e+02_1.228826974576e+05_9.801657025247e+04_122880,NaN
20270012,EB,p-TRPCA,0.0161817709415891,NaN,NaN,NaN,NaN,NaN,-5.460750043318e+02_1.338411579674e+06_2.317827526753e+05_122880,6.740501412215e+02_1.228826974576e+05_9.801657025247e+04_122880,NaN
20270012,ES,TNN-TRPCA,0.016625127157824,NaN,NaN,NaN,NaN,NaN,-7.246941420335e+02_1.329279880568e+06_2.309531436739e+05_122880,6.740501412215e+02_1.228826974576e+05_9.801657025247e+04_122880,NaN
20270012,ES,p-TRPCA,0.0161685320728179,NaN,NaN,NaN,NaN,NaN,-7.246941420335e+02_1.329279880568e+06_2.309531436739e+05_122880,6.740501412215e+02_1.228826974576e+05_9.801657025247e+04_122880,NaN
20270012,BS,TNN-TRPCA,0.0194803292072032,NaN,NaN,NaN,NaN,NaN,3.319171426035e+02_1.736375512645e+06_2.756769849573e+05_122880,6.740501412215e+02_1.228826974576e+05_9.801657025247e+04_122880,NaN
20270012,BS,p-TRPCA,0.0163975343505695,NaN,NaN,NaN,NaN,NaN,3.319171426035e+02_1.736375512645e+06_2.756769849573e+05_122880,6.740501412215e+02_1.228826974576e+05_9.801657025247e+04_122880,NaN
20270012,EBS,TNN-TRPCA,0.0235750381482651,NaN,NaN,NaN,NaN,NaN,8.497811307142e+02_2.132411195968e+06_3.195606527875e+05_122880,6.740501412215e+02_1.228826974576e+05_9.801657025247e+04_122880,NaN
20270012,EBS,p-TRPCA,0.0167538494916094,NaN,NaN,NaN,NaN,NaN,8.497811307142e+02_2.132411195968e+06_3.195606527875e+05_122880,6.740501412215e+02_1.228826974576e+05_9.801657025247e+04_122880,NaN
20270013,EB,TNN-TRPCA,0.0169644352380871,NaN,NaN,NaN,NaN,NaN,-5.261683879248e+01_1.333704670659e+06_2.310365885294e+05_122880,-4.485517735081e+02_1.228806373592e+05_9.784660931684e+04_122880,NaN
20270013,EB,p-TRPCA,0.0162610069097407,NaN,NaN,NaN,NaN,NaN,-5.261683879248e+01_1.333704670659e+06_2.310365885294e+05_122880,-4.485517735081e+02_1.228806373592e+05_9.784660931684e+04_122880,NaN
20270013,ES,TNN-TRPCA,0.016773926949212,NaN,NaN,NaN,NaN,NaN,-3.255434501789e+02_1.334337564660e+06_2.310753230895e+05_122880,-4.485517735081e+02_1.228806373592e+05_9.784660931684e+04_122880,NaN
20270013,ES,p-TRPCA,0.0163136005673555,NaN,NaN,NaN,NaN,NaN,-3.255434501789e+02_1.334337564660e+06_2.310753230895e+05_122880,-4.485517735081e+02_1.228806373592e+05_9.784660931684e+04_122880,NaN
20270013,BS,TNN-TRPCA,0.0197279625895655,NaN,NaN,NaN,NaN,NaN,1.669178581889e+02_1.739551781485e+06_2.759756648729e+05_122880,-4.485517735081e+02_1.228806373592e+05_9.784660931684e+04_122880,NaN
20270013,BS,p-TRPCA,0.0165062061530485,NaN,NaN,NaN,NaN,NaN,1.669178581889e+02_1.739551781485e+06_2.759756648729e+05_122880,-4.485517735081e+02_1.228806373592e+05_9.784660931684e+04_122880,NaN
20270013,EBS,TNN-TRPCA,0.0234617720385489,NaN,NaN,NaN,NaN,NaN,-4.147775428069e+02_2.142191387877e+06_3.202740634847e+05_122880,-4.485517735081e+02_1.228806373592e+05_9.784660931684e+04_122880,NaN
20270013,EBS,p-TRPCA,0.0168413093516849,NaN,NaN,NaN,NaN,NaN,-4.147775428069e+02_2.142191387877e+06_3.202740634847e+05_122880,-4.485517735081e+02_1.228806373592e+05_9.784660931684e+04_122880,NaN
20270014,EB,TNN-TRPCA,0.0167614092939574,NaN,NaN,NaN,NaN,NaN,-1.428688709297e+02_1.328395655256e+06_2.307625103284e+05_122880,1.250508799897e+02_1.228791272601e+05_9.783987799259e+04_122880,NaN
20270014,EB,p-TRPCA,0.0162235156083652,NaN,NaN,NaN,NaN,NaN,-1.428688709297e+02_1.328395655256e+06_2.307625103284e+05_122880,1.250508799897e+02_1.228791272601e+05_9.783987799259e+04_122880,NaN
20270014,ES,TNN-TRPCA,0.0168540314577811,NaN,NaN,NaN,NaN,NaN,3.520839229764e+02_1.321064000371e+06_2.301862213819e+05_122880,1.250508799897e+02_1.228791272601e+05_9.783987799259e+04_122880,NaN
20270014,ES,p-TRPCA,0.0162457134080436,NaN,NaN,NaN,NaN,NaN,3.520839229764e+02_1.321064000371e+06_2.301862213819e+05_122880,1.250508799897e+02_1.228791272601e+05_9.783987799259e+04_122880,NaN
20270014,BS,TNN-TRPCA,0.0198147709869546,NaN,NaN,NaN,NaN,NaN,2.173702067630e+02_1.734802524061e+06_2.755486983231e+05_122880,1.250508799897e+02_1.228791272601e+05_9.783987799259e+04_122880,NaN
20270014,BS,p-TRPCA,0.0165517566335905,NaN,NaN,NaN,NaN,NaN,2.173702067630e+02_1.734802524061e+06_2.755486983231e+05_122880,1.250508799897e+02_1.228791272601e+05_9.783987799259e+04_122880,NaN
20270014,EBS,TNN-TRPCA,0.0236398269694317,NaN,NaN,NaN,NaN,NaN,3.766687888861e+02_2.136472884517e+06_3.197366693188e+05_122880,1.250508799897e+02_1.228791272601e+05_9.783987799259e+04_122880,NaN
20270014,EBS,p-TRPCA,0.0168390376564203,NaN,NaN,NaN,NaN,NaN,3.766687888861e+02_2.136472884517e+06_3.197366693188e+05_122880,1.250508799897e+02_1.228791272601e+05_9.783987799259e+04_122880,NaN
20270015,EB,TNN-TRPCA,0.0167079805452739,NaN,NaN,NaN,NaN,NaN,-1.180546329452e+02_1.336236986321e+06_2.313822559503e+05_122880,-5.434627816254e+02_1.228814035791e+05_9.779659949590e+04_122880,NaN
20270015,EB,p-TRPCA,0.016247126979735,NaN,NaN,NaN,NaN,NaN,-1.180546329452e+02_1.336236986321e+06_2.313822559503e+05_122880,-5.434627816254e+02_1.228814035791e+05_9.779659949590e+04_122880,NaN
20270015,ES,TNN-TRPCA,0.0168196343936498,NaN,NaN,NaN,NaN,NaN,4.664245729241e+02_1.326116071114e+06_2.306222114121e+05_122880,-5.434627816254e+02_1.228814035791e+05_9.779659949590e+04_122880,NaN
20270015,ES,p-TRPCA,0.0162776396282936,NaN,NaN,NaN,NaN,NaN,4.664245729241e+02_1.326116071114e+06_2.306222114121e+05_122880,-5.434627816254e+02_1.228814035791e+05_9.779659949590e+04_122880,NaN
20270015,BS,TNN-TRPCA,0.0198329708746127,NaN,NaN,NaN,NaN,NaN,4.902750545854e+02_1.730491380344e+06_2.750472659883e+05_122880,-5.434627816254e+02_1.228814035791e+05_9.779659949590e+04_122880,NaN
20270015,BS,p-TRPCA,0.016512892854009,NaN,NaN,NaN,NaN,NaN,4.902750545854e+02_1.730491380344e+06_2.750472659883e+05_122880,-5.434627816254e+02_1.228814035791e+05_9.779659949590e+04_122880,NaN
20270015,EBS,TNN-TRPCA,0.0234509316601715,NaN,NaN,NaN,NaN,NaN,1.584256434339e+03_2.129799675294e+06_3.190997052484e+05_122880,-5.434627816254e+02_1.228814035791e+05_9.779659949590e+04_122880,NaN
20270015,EBS,p-TRPCA,0.0168376266436161,NaN,NaN,NaN,NaN,NaN,1.584256434339e+03_2.129799675294e+06_3.190997052484e+05_122880,-5.434627816254e+02_1.228814035791e+05_9.779659949590e+04_122880,NaN
20270016,EB,TNN-TRPCA,0.016820061608321,NaN,NaN,NaN,NaN,NaN,6.265485732351e+02_1.324158327887e+06_2.307450686028e+05_122880,1.546872094894e+02_1.228791947276e+05_9.792472939273e+04_122880,NaN
20270016,EB,p-TRPCA,0.0162726300497214,NaN,NaN,NaN,NaN,NaN,6.265485732351e+02_1.324158327887e+06_2.307450686028e+05_122880,1.546872094894e+02_1.228791947276e+05_9.792472939273e+04_122880,NaN
20270016,ES,TNN-TRPCA,0.0166108427767119,NaN,NaN,NaN,NaN,NaN,9.195258542641e+02_1.324360982351e+06_2.304748760719e+05_122880,1.546872094894e+02_1.228791947276e+05_9.792472939273e+04_122880,NaN
20270016,ES,p-TRPCA,0.0162361251823985,NaN,NaN,NaN,NaN,NaN,9.195258542641e+02_1.324360982351e+06_2.304748760719e+05_122880,1.546872094894e+02_1.228791947276e+05_9.792472939273e+04_122880,NaN
20270016,BS,TNN-TRPCA,0.020028606720523,NaN,NaN,NaN,NaN,NaN,-2.231683595393e+02_1.723123765751e+06_2.746610533806e+05_122880,1.546872094894e+02_1.228791947276e+05_9.792472939273e+04_122880,NaN
20270016,BS,p-TRPCA,0.0165492910755125,NaN,NaN,NaN,NaN,NaN,-2.231683595393e+02_1.723123765751e+06_2.746610533806e+05_122880,1.546872094894e+02_1.228791947276e+05_9.792472939273e+04_122880,NaN
20270016,EBS,TNN-TRPCA,0.0233764941681302,NaN,NaN,NaN,NaN,NaN,-8.710426715120e+02_2.128780532883e+06_3.192502708729e+05_122880,1.546872094894e+02_1.228791947276e+05_9.792472939273e+04_122880,NaN
20270016,EBS,p-TRPCA,0.0168475497094979,NaN,NaN,NaN,NaN,NaN,-8.710426715120e+02_2.128780532883e+06_3.192502708729e+05_122880,1.546872094894e+02_1.228791947276e+05_9.792472939273e+04_122880,NaN
20270017,EB,TNN-TRPCA,0.0169867851967066,NaN,NaN,NaN,NaN,NaN,9.237138727813e+01_1.332990527341e+06_2.314805627199e+05_122880,-2.926345121289e+02_1.228796968991e+05_9.807658783518e+04_122880,NaN
20270017,EB,p-TRPCA,0.0163174515596604,NaN,NaN,NaN,NaN,NaN,9.237138727813e+01_1.332990527341e+06_2.314805627199e+05_122880,-2.926345121289e+02_1.228796968991e+05_9.807658783518e+04_122880,NaN
20270017,ES,TNN-TRPCA,0.0168942328853803,NaN,NaN,NaN,NaN,NaN,-5.989694622080e+02_1.328823467037e+06_2.309257194461e+05_122880,-2.926345121289e+02_1.228796968991e+05_9.807658783518e+04_122880,NaN
20270017,ES,p-TRPCA,0.0163169596657489,NaN,NaN,NaN,NaN,NaN,-5.989694622080e+02_1.328823467037e+06_2.309257194461e+05_122880,-2.926345121289e+02_1.228796968991e+05_9.807658783518e+04_122880,NaN
20270017,BS,TNN-TRPCA,0.0200728845255694,NaN,NaN,NaN,NaN,NaN,3.241695757410e+02_1.746723181244e+06_2.767476487518e+05_122880,-2.926345121289e+02_1.228796968991e+05_9.807658783518e+04_122880,NaN
20270017,BS,p-TRPCA,0.0166130167342347,NaN,NaN,NaN,NaN,NaN,3.241695757410e+02_1.746723181244e+06_2.767476487518e+05_122880,-2.926345121289e+02_1.228796968991e+05_9.807658783518e+04_122880,NaN
20270017,EBS,TNN-TRPCA,0.023740426219848,NaN,NaN,NaN,NaN,NaN,1.083523025249e+03_2.139661418023e+06_3.204711219248e+05_122880,-2.926345121289e+02_1.228796968991e+05_9.807658783518e+04_122880,NaN
20270017,EBS,p-TRPCA,0.0168935185747337,NaN,NaN,NaN,NaN,NaN,1.083523025249e+03_2.139661418023e+06_3.204711219248e+05_122880,-2.926345121289e+02_1.228796968991e+05_9.807658783518e+04_122880,NaN
20270018,EB,TNN-TRPCA,0.0167882454303829,NaN,NaN,NaN,NaN,NaN,2.672076041312e+02_1.339942292140e+06_2.319274213611e+05_122880,-2.049282349132e+01_1.228790034176e+05_9.789885824430e+04_122880,NaN
20270018,EB,p-TRPCA,0.0162300172959218,NaN,NaN,NaN,NaN,NaN,2.672076041312e+02_1.339942292140e+06_2.319274213611e+05_122880,-2.049282349132e+01_1.228790034176e+05_9.789885824430e+04_122880,NaN
20270018,ES,TNN-TRPCA,0.0167460879769478,NaN,NaN,NaN,NaN,NaN,2.886060887404e+01_1.325694838052e+06_2.306787410588e+05_122880,-2.049282349132e+01_1.228790034176e+05_9.789885824430e+04_122880,NaN
20270018,ES,p-TRPCA,0.0162982789879647,NaN,NaN,NaN,NaN,NaN,2.886060887404e+01_1.325694838052e+06_2.306787410588e+05_122880,-2.049282349132e+01_1.228790034176e+05_9.789885824430e+04_122880,NaN
20270018,BS,TNN-TRPCA,0.0199445365271453,NaN,NaN,NaN,NaN,NaN,6.076790709525e+02_1.730822285830e+06_2.755050981162e+05_122880,-2.049282349132e+01_1.228790034176e+05_9.789885824430e+04_122880,NaN
20270018,BS,p-TRPCA,0.0164629312069195,NaN,NaN,NaN,NaN,NaN,6.076790709525e+02_1.730822285830e+06_2.755050981162e+05_122880,-2.049282349132e+01_1.228790034176e+05_9.789885824430e+04_122880,NaN
20270018,EBS,TNN-TRPCA,0.0234463804915876,NaN,NaN,NaN,NaN,NaN,2.088303745534e+01_2.136243400558e+06_3.198761675065e+05_122880,-2.049282349132e+01_1.228790034176e+05_9.789885824430e+04_122880,NaN
20270018,EBS,p-TRPCA,0.0168207203977745,NaN,NaN,NaN,NaN,NaN,2.088303745534e+01_2.136243400558e+06_3.198761675065e+05_122880,-2.049282349132e+01_1.228790034176e+05_9.789885824430e+04_122880,NaN
20270019,EB,TNN-TRPCA,0.016982626338831,NaN,NaN,NaN,NaN,NaN,-2.324155817072e+01_1.329228278335e+06_2.310984036082e+05_122880,-2.171172777449e+02_1.228793836256e+05_9.780738761929e+04_122880,NaN
20270019,EB,p-TRPCA,0.0163378815546696,NaN,NaN,NaN,NaN,NaN,-2.324155817072e+01_1.329228278335e+06_2.310984036082e+05_122880,-2.171172777449e+02_1.228793836256e+05_9.780738761929e+04_122880,NaN
20270019,ES,TNN-TRPCA,0.0169175657337754,NaN,NaN,NaN,NaN,NaN,2.229940454575e+02_1.321174715531e+06_2.302004374946e+05_122880,-2.171172777449e+02_1.228793836256e+05_9.780738761929e+04_122880,NaN
20270019,ES,p-TRPCA,0.0163262316295267,NaN,NaN,NaN,NaN,NaN,2.229940454575e+02_1.321174715531e+06_2.302004374946e+05_122880,-2.171172777449e+02_1.228793836256e+05_9.780738761929e+04_122880,NaN
20270019,BS,TNN-TRPCA,0.0198048996465106,NaN,NaN,NaN,NaN,NaN,-5.982555160547e+02_1.730410918103e+06_2.750344698210e+05_122880,-2.171172777449e+02_1.228793836256e+05_9.780738761929e+04_122880,NaN
20270019,BS,p-TRPCA,0.0165349326045075,NaN,NaN,NaN,NaN,NaN,-5.982555160547e+02_1.730410918103e+06_2.750344698210e+05_122880,-2.171172777449e+02_1.228793836256e+05_9.780738761929e+04_122880,NaN
20270019,EBS,TNN-TRPCA,0.0236197698805206,NaN,NaN,NaN,NaN,NaN,9.929087802587e+02_2.122613009755e+06_3.187762088944e+05_122880,-2.171172777449e+02_1.228793836256e+05_9.780738761929e+04_122880,NaN
20270019,EBS,p-TRPCA,0.0169222158423962,NaN,NaN,NaN,NaN,NaN,9.929087802587e+02_2.122613009755e+06_3.187762088944e+05_122880,-2.171172777449e+02_1.228793836256e+05_9.780738761929e+04_122880,NaN
20270020,EB,TNN-TRPCA,0.0168929806206009,NaN,NaN,NaN,NaN,NaN,-1.690299459488e+03_1.338168390559e+06_2.316158983011e+05_122880,-6.976874168085e+02_1.228829613259e+05_9.791802223917e+04_122880,NaN
20270020,EB,p-TRPCA,0.0162245775188224,NaN,NaN,NaN,NaN,NaN,-1.690299459488e+03_1.338168390559e+06_2.316158983011e+05_122880,-6.976874168085e+02_1.228829613259e+05_9.791802223917e+04_122880,NaN
20270020,ES,TNN-TRPCA,0.0167077573026488,NaN,NaN,NaN,NaN,NaN,-1.439734003120e+03_1.328591024351e+06_2.307415387815e+05_122880,-6.976874168085e+02_1.228829613259e+05_9.791802223917e+04_122880,NaN
20270020,ES,p-TRPCA,0.0162811891869809,NaN,NaN,NaN,NaN,NaN,-1.439734003120e+03_1.328591024351e+06_2.307415387815e+05_122880,-6.976874168085e+02_1.228829613259e+05_9.791802223917e+04_122880,NaN
20270020,BS,TNN-TRPCA,0.0198958781302681,NaN,NaN,NaN,NaN,NaN,-9.169438092338e+02_1.730371903547e+06_2.750187056365e+05_122880,-6.976874168085e+02_1.228829613259e+05_9.791802223917e+04_122880,NaN
20270020,BS,p-TRPCA,0.0165367330720442,NaN,NaN,NaN,NaN,NaN,-9.169438092338e+02_1.730371903547e+06_2.750187056365e+05_122880,-6.976874168085e+02_1.228829613259e+05_9.791802223917e+04_122880,NaN
20270020,EBS,TNN-TRPCA,0.0233870928995511,NaN,NaN,NaN,NaN,NaN,-1.140351074002e+03_2.139652445525e+06_3.198408803502e+05_122880,-6.976874168085e+02_1.228829613259e+05_9.791802223917e+04_122880,NaN
20270020,EBS,p-TRPCA,0.016820551639432,NaN,NaN,NaN,NaN,NaN,-1.140351074002e+03_2.139652445525e+06_3.198408803502e+05_122880,-6.976874168085e+02_1.228829613259e+05_9.791802223917e+04_122880,NaN
20270021,EB,TNN-TRPCA,0.0168214768718908,NaN,NaN,NaN,NaN,NaN,1.359472049364e+03_1.338273525395e+06_2.319008982408e+05_122880,7.205863901589e+02_1.228832256246e+05_9.787962244854e+04_122880,NaN
20270021,EB,p-TRPCA,0.0162561869322058,NaN,NaN,NaN,NaN,NaN,1.359472049364e+03_1.338273525395e+06_2.319008982408e+05_122880,7.205863901589e+02_1.228832256246e+05_9.787962244854e+04_122880,NaN
20270021,ES,TNN-TRPCA,0.0167704075748456,NaN,NaN,NaN,NaN,NaN,1.494920857409e+03_1.319624693736e+06_2.300687878253e+05_122880,7.205863901589e+02_1.228832256246e+05_9.787962244854e+04_122880,NaN
20270021,ES,p-TRPCA,0.0162155573979405,NaN,NaN,NaN,NaN,NaN,1.494920857409e+03_1.319624693736e+06_2.300687878253e+05_122880,7.205863901589e+02_1.228832256246e+05_9.787962244854e+04_122880,NaN
20270021,BS,TNN-TRPCA,0.0198812431211795,NaN,NaN,NaN,NaN,NaN,7.536968400859e+02_1.734556261408e+06_2.757624903245e+05_122880,7.205863901589e+02_1.228832256246e+05_9.787962244854e+04_122880,NaN
20270021,BS,p-TRPCA,0.0165079145725665,NaN,NaN,NaN,NaN,NaN,7.536968400859e+02_1.734556261408e+06_2.757624903245e+05_122880,7.205863901589e+02_1.228832256246e+05_9.787962244854e+04_122880,NaN
20270021,EBS,TNN-TRPCA,0.0234202203952897,NaN,NaN,NaN,NaN,NaN,1.645835303298e+02_2.143164392459e+06_3.204983582488e+05_122880,7.205863901589e+02_1.228832256246e+05_9.787962244854e+04_122880,NaN
20270021,EBS,p-TRPCA,0.0168196304694318,NaN,NaN,NaN,NaN,NaN,1.645835303298e+02_2.143164392459e+06_3.204983582488e+05_122880,7.205863901589e+02_1.228832256246e+05_9.787962244854e+04_122880,NaN
20270022,EB,TNN-TRPCA,0.0167696783791857,NaN,NaN,NaN,NaN,NaN,-1.993768971260e+03_1.330759768931e+06_2.310996205065e+05_122880,-3.113226767177e+02_1.228797887517e+05_9.790049587818e+04_122880,NaN
20270022,EB,p-TRPCA,0.0162945303016102,NaN,NaN,NaN,NaN,NaN,-1.993768971260e+03_1.330759768931e+06_2.310996205065e+05_122880,-3.113226767177e+02_1.228797887517e+05_9.790049587818e+04_122880,NaN
20270022,ES,TNN-TRPCA,0.0167259028849181,NaN,NaN,NaN,NaN,NaN,-1.396951308697e+03_1.328459472549e+06_2.307830107951e+05_122880,-3.113226767177e+02_1.228797887517e+05_9.790049587818e+04_122880,NaN
20270022,ES,p-TRPCA,0.0162635725167178,NaN,NaN,NaN,NaN,NaN,-1.396951308697e+03_1.328459472549e+06_2.307830107951e+05_122880,-3.113226767177e+02_1.228797887517e+05_9.790049587818e+04_122880,NaN
20270022,BS,TNN-TRPCA,0.0199394973917952,NaN,NaN,NaN,NaN,NaN,-2.596346325595e+03_1.726547810224e+06_2.749187794491e+05_122880,-3.113226767177e+02_1.228797887517e+05_9.790049587818e+04_122880,NaN
20270022,BS,p-TRPCA,0.0165055636764054,NaN,NaN,NaN,NaN,NaN,-2.596346325595e+03_1.726547810224e+06_2.749187794491e+05_122880,-3.113226767177e+02_1.228797887517e+05_9.790049587818e+04_122880,NaN
20270022,EBS,TNN-TRPCA,0.0233097433933239,NaN,NaN,NaN,NaN,NaN,-1.508295130329e+03_2.136185555969e+06_3.197027491535e+05_122880,-3.113226767177e+02_1.228797887517e+05_9.790049587818e+04_122880,NaN
20270022,EBS,p-TRPCA,0.0167774250832914,NaN,NaN,NaN,NaN,NaN,-1.508295130329e+03_2.136185555969e+06_3.197027491535e+05_122880,-3.113226767177e+02_1.228797887517e+05_9.790049587818e+04_122880,NaN
20270023,EB,TNN-TRPCA,0.016809012357686,NaN,NaN,NaN,NaN,NaN,5.543275909448e+02_1.335300390944e+06_2.315131089926e+05_122880,-6.899335468436e+01_1.228790387377e+05_9.780508281567e+04_122880,NaN
20270023,EB,p-TRPCA,0.0162298421479701,NaN,NaN,NaN,NaN,NaN,5.543275909448e+02_1.335300390944e+06_2.315131089926e+05_122880,-6.899335468436e+01_1.228790387377e+05_9.780508281567e+04_122880,NaN
20270023,ES,TNN-TRPCA,0.0167988193512347,NaN,NaN,NaN,NaN,NaN,-4.886613411344e+01_1.327937797292e+06_2.306439163406e+05_122880,-6.899335468436e+01_1.228790387377e+05_9.780508281567e+04_122880,NaN
20270023,ES,p-TRPCA,0.0162496953629298,NaN,NaN,NaN,NaN,NaN,-4.886613411344e+01_1.327937797292e+06_2.306439163406e+05_122880,-6.899335468436e+01_1.228790387377e+05_9.780508281567e+04_122880,NaN
20270023,BS,TNN-TRPCA,0.0200070718223129,NaN,NaN,NaN,NaN,NaN,1.904973050014e+03_1.735073860076e+06_2.756916386880e+05_122880,-6.899335468436e+01_1.228790387377e+05_9.780508281567e+04_122880,NaN
20270023,BS,p-TRPCA,0.0165356317951065,NaN,NaN,NaN,NaN,NaN,1.904973050014e+03_1.735073860076e+06_2.756916386880e+05_122880,-6.899335468436e+01_1.228790387377e+05_9.780508281567e+04_122880,NaN
20270023,EBS,TNN-TRPCA,0.023455080389718,NaN,NaN,NaN,NaN,NaN,-2.168766951908e+02_2.133410352527e+06_3.198434871112e+05_122880,-6.899335468436e+01_1.228790387377e+05_9.780508281567e+04_122880,NaN
20270023,EBS,p-TRPCA,0.0168461406346559,NaN,NaN,NaN,NaN,NaN,-2.168766951908e+02_2.133410352527e+06_3.198434871112e+05_122880,-6.899335468436e+01_1.228790387377e+05_9.780508281567e+04_122880,NaN
20270024,EB,TNN-TRPCA,0.0169517418460045,NaN,NaN,NaN,NaN,NaN,1.798057687978e+03_1.333891681451e+06_2.316036029154e+05_122880,2.016976557575e+01_1.228790033107e+05_9.786561242335e+04_122880,NaN
20270024,EB,p-TRPCA,0.0163456932602436,NaN,NaN,NaN,NaN,NaN,1.798057687978e+03_1.333891681451e+06_2.316036029154e+05_122880,2.016976557575e+01_1.228790033107e+05_9.786561242335e+04_122880,NaN
20270024,ES,TNN-TRPCA,0.016787415991639,NaN,NaN,NaN,NaN,NaN,1.449300514751e+03_1.323562200171e+06_2.303722994079e+05_122880,2.016976557575e+01_1.228790033107e+05_9.786561242335e+04_122880,NaN
20270024,ES,p-TRPCA,0.0162587025761454,NaN,NaN,NaN,NaN,NaN,1.449300514751e+03_1.323562200171e+06_2.303722994079e+05_122880,2.016976557575e+01_1.228790033107e+05_9.786561242335e+04_122880,NaN
20270024,BS,TNN-TRPCA,0.0198040473861705,NaN,NaN,NaN,NaN,NaN,-8.038989838307e+02_1.736638434984e+06_2.758111586163e+05_122880,2.016976557575e+01_1.228790033107e+05_9.786561242335e+04_122880,NaN
20270024,BS,p-TRPCA,0.0164647220415189,NaN,NaN,NaN,NaN,NaN,-8.038989838307e+02_1.736638434984e+06_2.758111586163e+05_122880,2.016976557575e+01_1.228790033107e+05_9.786561242335e+04_122880,NaN
20270024,EBS,TNN-TRPCA,0.0235059351362984,NaN,NaN,NaN,NaN,NaN,1.442707647865e+03_2.131610116872e+06_3.196153356322e+05_122880,2.016976557575e+01_1.228790033107e+05_9.786561242335e+04_122880,NaN
20270024,EBS,p-TRPCA,0.0169345699808009,NaN,NaN,NaN,NaN,NaN,1.442707647865e+03_2.131610116872e+06_3.196153356322e+05_122880,2.016976557575e+01_1.228790033107e+05_9.786561242335e+04_122880,NaN
20270025,EB,TNN-TRPCA,0.0168649076784094,NaN,NaN,NaN,NaN,NaN,-2.746779012068e+02_1.323104855539e+06_2.302625827272e+05_122880,-1.913278127797e+02_1.228792979031e+05_9.777806834623e+04_122880,NaN
20270025,EB,p-TRPCA,0.0162785340381767,NaN,NaN,NaN,NaN,NaN,-2.746779012068e+02_1.323104855539e+06_2.302625827272e+05_122880,-1.913278127797e+02_1.228792979031e+05_9.777806834623e+04_122880,NaN
20270025,ES,TNN-TRPCA,0.0166337155284988,NaN,NaN,NaN,NaN,NaN,-3.383305209763e+02_1.326963963744e+06_2.304282885011e+05_122880,-1.913278127797e+02_1.228792979031e+05_9.777806834623e+04_122880,NaN
20270025,ES,p-TRPCA,0.0163069131345173,NaN,NaN,NaN,NaN,NaN,-3.383305209763e+02_1.326963963744e+06_2.304282885011e+05_122880,-1.913278127797e+02_1.228792979031e+05_9.777806834623e+04_122880,NaN
20270025,BS,TNN-TRPCA,0.0198109559789583,NaN,NaN,NaN,NaN,NaN,-6.741066313093e+02_1.728158594525e+06_2.750927027033e+05_122880,-1.913278127797e+02_1.228792979031e+05_9.777806834623e+04_122880,NaN
20270025,BS,p-TRPCA,0.0165912958729586,NaN,NaN,NaN,NaN,NaN,-6.741066313093e+02_1.728158594525e+06_2.750927027033e+05_122880,-1.913278127797e+02_1.228792979031e+05_9.777806834623e+04_122880,NaN
20270025,EBS,TNN-TRPCA,0.0236916176326913,NaN,NaN,NaN,NaN,NaN,2.547537614625e+02_2.132089597342e+06_3.195038686235e+05_122880,-1.913278127797e+02_1.228792979031e+05_9.777806834623e+04_122880,NaN
20270025,EBS,p-TRPCA,0.0169024764843575,NaN,NaN,NaN,NaN,NaN,2.547537614625e+02_2.132089597342e+06_3.195038686235e+05_122880,-1.913278127797e+02_1.228792979031e+05_9.777806834623e+04_122880,NaN
20270026,EB,TNN-TRPCA,0.0168596708987614,NaN,NaN,NaN,NaN,NaN,-1.857757731878e+03_1.336723916040e+06_2.315324821668e+05_122880,-6.756448607184e+02_1.228827149738e+05_9.772795496252e+04_122880,NaN
20270026,EB,p-TRPCA,0.0162819078508288,NaN,NaN,NaN,NaN,NaN,-1.857757731878e+03_1.336723916040e+06_2.315324821668e+05_122880,-6.756448607184e+02_1.228827149738e+05_9.772795496252e+04_122880,NaN
20270026,ES,TNN-TRPCA,0.0167253843079914,NaN,NaN,NaN,NaN,NaN,-2.095411858677e+03_1.328344670017e+06_2.305971077859e+05_122880,-6.756448607184e+02_1.228827149738e+05_9.772795496252e+04_122880,NaN
20270026,ES,p-TRPCA,0.0162728170864164,NaN,NaN,NaN,NaN,NaN,-2.095411858677e+03_1.328344670017e+06_2.305971077859e+05_122880,-6.756448607184e+02_1.228827149738e+05_9.772795496252e+04_122880,NaN
20270026,BS,TNN-TRPCA,0.0198428878351143,NaN,NaN,NaN,NaN,NaN,-2.723298789823e+03_1.733538879112e+06_2.754438787352e+05_122880,-6.756448607184e+02_1.228827149738e+05_9.772795496252e+04_122880,NaN
20270026,BS,p-TRPCA,0.0165177383773972,NaN,NaN,NaN,NaN,NaN,-2.723298789823e+03_1.733538879112e+06_2.754438787352e+05_122880,-6.756448607184e+02_1.228827149738e+05_9.772795496252e+04_122880,NaN
20270026,EBS,TNN-TRPCA,0.0234408425752474,NaN,NaN,NaN,NaN,NaN,-1.875399409468e+03_2.136076489278e+06_3.198741644818e+05_122880,-6.756448607184e+02_1.228827149738e+05_9.772795496252e+04_122880,NaN
20270026,EBS,p-TRPCA,0.0168802190133007,NaN,NaN,NaN,NaN,NaN,-1.875399409468e+03_2.136076489278e+06_3.198741644818e+05_122880,-6.756448607184e+02_1.228827149738e+05_9.772795496252e+04_122880,NaN
20270027,EB,TNN-TRPCA,0.0168020949638654,NaN,NaN,NaN,NaN,NaN,-5.683453844620e+02_1.343210530147e+06_2.324295182283e+05_122880,-1.097715814027e+02_1.228790980615e+05_9.803577590601e+04_122880,NaN
20270027,EB,p-TRPCA,0.0162815407713424,NaN,NaN,NaN,NaN,NaN,-5.683453844620e+02_1.343210530147e+06_2.324295182283e+05_122880,-1.097715814027e+02_1.228790980615e+05_9.803577590601e+04_122880,NaN
20270027,ES,TNN-TRPCA,0.0166793790591572,NaN,NaN,NaN,NaN,NaN,-7.138253442089e+02_1.331215743499e+06_2.310690722611e+05_122880,-1.097715814027e+02_1.228790980615e+05_9.803577590601e+04_122880,NaN
20270027,ES,p-TRPCA,0.0162989759058329,NaN,NaN,NaN,NaN,NaN,-7.138253442089e+02_1.331215743499e+06_2.310690722611e+05_122880,-1.097715814027e+02_1.228790980615e+05_9.803577590601e+04_122880,NaN
20270027,BS,TNN-TRPCA,0.0199439809893495,NaN,NaN,NaN,NaN,NaN,-2.803848612205e+02_1.731366977866e+06_2.752605045379e+05_122880,-1.097715814027e+02_1.228790980615e+05_9.803577590601e+04_122880,NaN
20270027,BS,p-TRPCA,0.0165535304346052,NaN,NaN,NaN,NaN,NaN,-2.803848612205e+02_1.731366977866e+06_2.752605045379e+05_122880,-1.097715814027e+02_1.228790980615e+05_9.803577590601e+04_122880,NaN
20270027,EBS,TNN-TRPCA,0.0236572173268984,NaN,NaN,NaN,NaN,NaN,-1.302041822063e+03_2.131630350402e+06_3.194091950065e+05_122880,-1.097715814027e+02_1.228790980615e+05_9.803577590601e+04_122880,NaN
20270027,EBS,p-TRPCA,0.0169272839184459,NaN,NaN,NaN,NaN,NaN,-1.302041822063e+03_2.131630350402e+06_3.194091950065e+05_122880,-1.097715814027e+02_1.228790980615e+05_9.803577590601e+04_122880,NaN
20270028,EB,TNN-TRPCA,0.0168527044203228,NaN,NaN,NaN,NaN,NaN,1.075379398412e+03_1.329120130252e+06_2.311071590886e+05_122880,3.425793995016e+02_1.228799550834e+05_9.802580913060e+04_122880,NaN
20270028,EB,p-TRPCA,0.0162518282958088,NaN,NaN,NaN,NaN,NaN,1.075379398412e+03_1.329120130252e+06_2.311071590886e+05_122880,3.425793995016e+02_1.228799550834e+05_9.802580913060e+04_122880,NaN
20270028,ES,TNN-TRPCA,0.0167149648898843,NaN,NaN,NaN,NaN,NaN,4.695805256520e+02_1.327145822068e+06_2.307175300896e+05_122880,3.425793995016e+02_1.228799550834e+05_9.802580913060e+04_122880,NaN
20270028,ES,p-TRPCA,0.0161877139455847,NaN,NaN,NaN,NaN,NaN,4.695805256520e+02_1.327145822068e+06_2.307175300896e+05_122880,3.425793995016e+02_1.228799550834e+05_9.802580913060e+04_122880,NaN
20270028,BS,TNN-TRPCA,0.0199943759096671,NaN,NaN,NaN,NaN,NaN,1.277879622008e+03_1.725979585911e+06_2.750057025146e+05_122880,3.425793995016e+02_1.228799550834e+05_9.802580913060e+04_122880,NaN
20270028,BS,p-TRPCA,0.0165082099037939,NaN,NaN,NaN,NaN,NaN,1.277879622008e+03_1.725979585911e+06_2.750057025146e+05_122880,3.425793995016e+02_1.228799550834e+05_9.802580913060e+04_122880,NaN
20270028,EBS,TNN-TRPCA,0.0236597638704759,NaN,NaN,NaN,NaN,NaN,1.639778903609e+03_2.129989960642e+06_3.194432613127e+05_122880,3.425793995016e+02_1.228799550834e+05_9.802580913060e+04_122880,NaN
20270028,EBS,p-TRPCA,0.0168302337170656,NaN,NaN,NaN,NaN,NaN,1.639778903609e+03_2.129989960642e+06_3.194432613127e+05_122880,3.425793995016e+02_1.228799550834e+05_9.802580913060e+04_122880,NaN
20270029,EB,TNN-TRPCA,0.0167640665891696,NaN,NaN,NaN,NaN,NaN,-1.501165396082e+03_1.332843660296e+06_2.312507258161e+05_122880,-4.953326317557e+02_1.228809966993e+05_9.797803173670e+04_122880,NaN
20270029,EB,p-TRPCA,0.0162396263394456,NaN,NaN,NaN,NaN,NaN,-1.501165396082e+03_1.332843660296e+06_2.312507258161e+05_122880,-4.953326317557e+02_1.228809966993e+05_9.797803173670e+04_122880,NaN
20270029,ES,TNN-TRPCA,0.0167060805032074,NaN,NaN,NaN,NaN,NaN,-1.769890449594e+03_1.331755935894e+06_2.309517098365e+05_122880,-4.953326317557e+02_1.228809966993e+05_9.797803173670e+04_122880,NaN
20270029,ES,p-TRPCA,0.0162748847421491,NaN,NaN,NaN,NaN,NaN,-1.769890449594e+03_1.331755935894e+06_2.309517098365e+05_122880,-4.953326317557e+02_1.228809966993e+05_9.797803173670e+04_122880,NaN
20270029,BS,TNN-TRPCA,0.0197426970824876,NaN,NaN,NaN,NaN,NaN,-7.316474258604e+02_1.731271775287e+06_2.752207318101e+05_122880,-4.953326317557e+02_1.228809966993e+05_9.797803173670e+04_122880,NaN
20270029,BS,p-TRPCA,0.01647058928779,NaN,NaN,NaN,NaN,NaN,-7.316474258604e+02_1.731271775287e+06_2.752207318101e+05_122880,-4.953326317557e+02_1.228809966993e+05_9.797803173670e+04_122880,NaN
20270029,EBS,TNN-TRPCA,0.0234718848739988,NaN,NaN,NaN,NaN,NaN,-7.779513379255e+02_2.131359563496e+06_3.193247328980e+05_122880,-4.953326317557e+02_1.228809966993e+05_9.797803173670e+04_122880,NaN
20270029,EBS,p-TRPCA,0.01681922358072,NaN,NaN,NaN,NaN,NaN,-7.779513379255e+02_2.131359563496e+06_3.193247328980e+05_122880,-4.953326317557e+02_1.228809966993e+05_9.797803173670e+04_122880,NaN
20270030,EB,TNN-TRPCA,0.0169264910873743,NaN,NaN,NaN,NaN,NaN,9.297209691965e+02_1.337903832265e+06_2.318545958565e+05_122880,4.835404873942e+02_1.228809027621e+05_9.789269424552e+04_122880,NaN
20270030,EB,p-TRPCA,0.0161824212476591,NaN,NaN,NaN,NaN,NaN,9.297209691965e+02_1.337903832265e+06_2.318545958565e+05_122880,4.835404873942e+02_1.228809027621e+05_9.789269424552e+04_122880,NaN
20270030,ES,TNN-TRPCA,0.0166952333318913,NaN,NaN,NaN,NaN,NaN,1.200756204971e+03_1.327660019707e+06_2.306655720308e+05_122880,4.835404873942e+02_1.228809027621e+05_9.789269424552e+04_122880,NaN
20270030,ES,p-TRPCA,0.0161724120405793,NaN,NaN,NaN,NaN,NaN,1.200756204971e+03_1.327660019707e+06_2.306655720308e+05_122880,4.835404873942e+02_1.228809027621e+05_9.789269424552e+04_122880,NaN
20270030,BS,TNN-TRPCA,0.0197825543176992,NaN,NaN,NaN,NaN,NaN,8.127915015511e+02_1.730529704424e+06_2.751192329600e+05_122880,4.835404873942e+02_1.228809027621e+05_9.789269424552e+04_122880,NaN
20270030,BS,p-TRPCA,0.0164640219308536,NaN,NaN,NaN,NaN,NaN,8.127915015511e+02_1.730529704424e+06_2.751192329600e+05_122880,4.835404873942e+02_1.228809027621e+05_9.789269424552e+04_122880,NaN
20270030,EBS,TNN-TRPCA,0.0233275329920103,NaN,NaN,NaN,NaN,NaN,3.404426932145e+02_2.140256845247e+06_3.198501720429e+05_122880,4.835404873942e+02_1.228809027621e+05_9.789269424552e+04_122880,NaN
20270030,EBS,p-TRPCA,0.0167656866649149,NaN,NaN,NaN,NaN,NaN,3.404426932145e+02_2.140256845247e+06_3.198501720429e+05_122880,4.835404873942e+02_1.228809027621e+05_9.789269424552e+04_122880,NaN
